<AbsTitle  seq="a" firstpage="A9" lastpage="A9" AbsNumber="O-001">
<AbsTitle  seq="b" firstpage="A9" lastpage="A10" AbsNumber="O-002">
<AbsTitle  seq="a" firstpage="A10" lastpage="A10" AbsNumber="O-003">
<AbsTitle  seq="b" firstpage="A10" lastpage="A11" AbsNumber="O-004">
<AbsTitle  seq="a" firstpage="A11" lastpage="A11" AbsNumber="O-005">
<AbsTitle  seq="b" firstpage="A11" lastpage="A12" AbsNumber="O-006">
<AbsTitle  seq="a" firstpage="A12" lastpage="A12" AbsNumber="O-007">
<AbsTitle  seq="b" firstpage="A12" lastpage="A13" AbsNumber="O-008">
<AbsTitle  seq="a" firstpage="A13" lastpage="A14" AbsNumber="O-009">
<AbsTitle  seq="a" firstpage="A14" lastpage="A14" AbsNumber="O-010">
<AbsTitle  seq="b" firstpage="A14" lastpage="A14" AbsNumber="O-011">
<AbsTitle  seq="c" firstpage="A14" lastpage="A15" AbsNumber="O-012">
<AbsTitle  seq="a" firstpage="A15" lastpage="A15" AbsNumber="O-013">
<AbsTitle  seq="a" firstpage="A16" lastpage="A16" AbsNumber="O-014">
<AbsTitle  seq="b" firstpage="A16" lastpage="A16" AbsNumber="O-015">
<AbsTitle  seq="a" firstpage="A17" lastpage="A17" AbsNumber="O-016">
<AbsTitle  seq="b" firstpage="A17" lastpage="A17" AbsNumber="O-017">
<AbsTitle  seq="a" firstpage="A18" lastpage="A18" AbsNumber="O-018">
<AbsTitle  seq="b" firstpage="A18" lastpage="A18" AbsNumber="O-019">
<AbsTitle  seq="a" firstpage="A19" lastpage="A19" AbsNumber="O-020">
<AbsTitle  seq="b" firstpage="A19" lastpage="A19" AbsNumber="O-021">
<AbsTitle  seq="c" firstpage="A19" lastpage="A20" AbsNumber="O-022">
<AbsTitle  seq="a" firstpage="A20" lastpage="A20" AbsNumber="O-023">
<AbsTitle  seq="a" firstpage="A21" lastpage="A21" AbsNumber="O-024">
<AbsTitle  seq="b" firstpage="A21" lastpage="A22" AbsNumber="O-025">
<AbsTitle  seq="a" firstpage="A22" lastpage="A22" AbsNumber="O-026">
<AbsTitle  seq="b" firstpage="A22" lastpage="A23" AbsNumber="O-027">
<AbsTitle  seq="a" firstpage="A23" lastpage="A23" AbsNumber="O-028">
<AbsTitle  seq="b" firstpage="A23" lastpage="A24" AbsNumber="O-029">
<AbsTitle  seq="a" firstpage="A24" lastpage="A24" AbsNumber="O-030">
<AbsTitle  seq="b" firstpage="A24" lastpage="A25" AbsNumber="O-031">
<AbsTitle  seq="a" firstpage="A25" lastpage="A25" AbsNumber="O-032">
<AbsTitle  seq="b" firstpage="A25" lastpage="A26" AbsNumber="O-033">
<AbsTitle  seq="a" firstpage="A26" lastpage="A26" AbsNumber="O-034">
<AbsTitle  seq="b" firstpage="A26" lastpage="A27" AbsNumber="O-035">
<AbsTitle  seq="a" firstpage="A27" lastpage="A28" AbsNumber="O-036">
<AbsTitle  seq="a" firstpage="A28" lastpage="A28" AbsNumber="O-037">
<AbsTitle  seq="b" firstpage="A28" lastpage="A29" AbsNumber="O-038">
<AbsTitle  seq="a" firstpage="A29" lastpage="A29" AbsNumber="O-039">
<AbsTitle  seq="b" firstpage="A29" lastpage="A30" AbsNumber="P-001">
<AbsTitle  seq="a" firstpage="A30" lastpage="A31" AbsNumber="P-002">
<AbsTitle  seq="a" firstpage="A31" lastpage="A31" AbsNumber="P-003">
<AbsTitle  seq="b" firstpage="A31" lastpage="A32" AbsNumber="P-004">
<AbsTitle  seq="a" firstpage="A32" lastpage="A33" AbsNumber="P-005">
<AbsTitle  seq="a" firstpage="A33" lastpage="A34" AbsNumber="P-006">
<AbsTitle  seq="a" firstpage="A34" lastpage="A34" AbsNumber="P-007">
<AbsTitle  seq="b" firstpage="A34" lastpage="A34" AbsNumber="P-008">
<AbsTitle  seq="c" firstpage="A34" lastpage="A35" AbsNumber="P-009">
<AbsTitle  seq="a" firstpage="A35" lastpage="A35" AbsNumber="P-010">
<AbsTitle  seq="a" firstpage="A36" lastpage="A36" AbsNumber="P-011">
<AbsTitle  seq="b" firstpage="A36" lastpage="A36" AbsNumber="P-012">
<AbsTitle  seq="c" firstpage="A36" lastpage="A37" AbsNumber="P-013">
<AbsTitle  seq="a" firstpage="A37" lastpage="A37" AbsNumber="P-014">
<AbsTitle  seq="b" firstpage="A37" lastpage="A38" AbsNumber="P-015">
<AbsTitle  seq="a" firstpage="A38" lastpage="A38" AbsNumber="P-016">
<AbsTitle  seq="a" firstpage="A39" lastpage="A39" AbsNumber="P-017">
<AbsTitle  seq="b" firstpage="A39" lastpage="A40" AbsNumber="P-018">
<AbsTitle  seq="a" firstpage="A40" lastpage="A40" AbsNumber="P-019">
<AbsTitle  seq="b" firstpage="A40" lastpage="A41" AbsNumber="P-020">
<AbsTitle  seq="a" firstpage="A41" lastpage="A41" AbsNumber="P-021">
<AbsTitle  seq="b" firstpage="A41" lastpage="A42" AbsNumber="P-022">
<AbsTitle  seq="a" firstpage="A42" lastpage="A42" AbsNumber="P-023">
<AbsTitle  seq="b" firstpage="A42" lastpage="A43" AbsNumber="P-024">
<AbsTitle  seq="a" firstpage="A43" lastpage="A43" AbsNumber="P-025">
<AbsTitle  seq="b" firstpage="A43" lastpage="A44" AbsNumber="P-026">
<AbsTitle  seq="a" firstpage="A44" lastpage="A44" AbsNumber="P-027">
<AbsTitle  seq="b" firstpage="A44" lastpage="A45" AbsNumber="P-028">
<AbsTitle  seq="a" firstpage="A45" lastpage="A45" AbsNumber="P-029">
<AbsTitle  seq="b" firstpage="A45" lastpage="A46" AbsNumber="P-030">
<AbsTitle  seq="a" firstpage="A46" lastpage="A47" AbsNumber="P-031">
<AbsTitle  seq="a" firstpage="A47" lastpage="A47" AbsNumber="P-032">
<AbsTitle  seq="b" firstpage="A47" lastpage="A48" AbsNumber="P-033">
<AbsTitle  seq="a" firstpage="A48" lastpage="A49" AbsNumber="P-034">
<AbsTitle  seq="a" firstpage="A49" lastpage="A49" AbsNumber="P-035">
<AbsTitle  seq="b" firstpage="A49" lastpage="A50" AbsNumber="P-036">
<AbsTitle  seq="a" firstpage="A50" lastpage="A50" AbsNumber="E-001">
<AbsTitle  seq="b" firstpage="A50" lastpage="A50" bold="yes" fontsize="12.0pt" AbsNumber="E-002">
<AbsTitle  seq="c" firstpage="A50" lastpage="A51" bold="yes" fontsize="12.0pt" AbsNumber="E-003">
<AbsTitle  seq="a" firstpage="A51" lastpage="A52" AbsNumber="E-004">
<AbsTitle  seq="a" firstpage="A52" lastpage="A52" bold="yes" fontsize="12.0pt" AbsNumber="E-005">
<AbsTitle  seq="b" firstpage="A52" lastpage="A53" bold="yes" fontsize="12.0pt" AbsNumber="E-006">
<AbsTitle  seq="a" firstpage="A53" lastpage="A53" bold="yes" fontsize="12.0pt" AbsNumber="E-007">
<AbsTitle  seq="b" firstpage="A53" lastpage="A53" bold="yes" fontsize="12.0pt" AbsNumber="E-008">
<AbsTitle  seq="c" firstpage="A53" lastpage="A54" bold="yes" fontsize="12.0pt" AbsNumber="E-009">
<AbsTitle  seq="a" firstpage="A54" lastpage="A54" bold="yes" fontsize="12.0pt" AbsNumber="E-010">
<AbsTitle  seq="b" firstpage="A54" lastpage="A55" bold="yes" fontsize="12.0pt" AbsNumber="E-011">
<AbsTitle  seq="a" firstpage="A55" lastpage="A55" bold="yes" fontsize="12.0pt" AbsNumber="E-012">
<AbsTitle  seq="b" firstpage="A55" lastpage="A56" bold="yes" fontsize="12.0pt" AbsNumber="E-013">
<AbsTitle  seq="a" firstpage="A56" lastpage="A56" bold="yes" fontsize="12.0pt" AbsNumber="E-014">
<AbsTitle  seq="b" firstpage="A56" lastpage="A56" bold="yes" fontsize="12.0pt" AbsNumber="E-015">
<AbsTitle  seq="c" firstpage="A56" lastpage="A57" AbsNumber="E-016">
<AbsTitle  seq="a" firstpage="A57" lastpage="A58" bold="yes" fontsize="12.0pt" AbsNumber="E-017">
<AbsTitle  seq="a" firstpage="A58" lastpage="A58" bold="yes" fontsize="12.0pt" AbsNumber="E-018">
<AbsTitle  seq="b" firstpage="A58" lastpage="A59" bold="yes" fontsize="12.0pt" AbsNumber="E-019">
<AbsTitle  seq="a" firstpage="A59" lastpage="A59" AbsNumber="E-020">
<AbsTitle  seq="b" firstpage="A59" lastpage="A60" AbsNumber="E-021">
<AbsTitle  seq="a" firstpage="A60" lastpage="A60" bold="yes" fontsize="12.0pt" AbsNumber="E-022">
<AbsTitle  seq="b" firstpage="A60" lastpage="A60" bold="yes" fontsize="12.0pt" AbsNumber="E-023">
<AbsTitle  seq="c" firstpage="A60" lastpage="A61" AbsNumber="E-024">
<AbsTitle  seq="a" firstpage="A61" lastpage="A61" bold="yes" fontsize="12.0pt" AbsNumber="E-025">
<AbsTitle  seq="a" firstpage="A62" lastpage="A62" bold="yes" fontsize="12.0pt" AbsNumber="E-026">
<AbsTitle  seq="b" firstpage="A62" lastpage="A63" AbsNumber="E-027">
<AbsTitle  seq="a" firstpage="A63" lastpage="A63" AbsNumber="E-028">
<AbsTitle  seq="b" firstpage="A63" lastpage="A63" bold="yes" fontsize="12.0pt" AbsNumber="E-029">
<AbsTitle  seq="a" firstpage="A64" lastpage="A64" bold="yes" fontsize="12.0pt" AbsNumber="E-030">
<AbsTitle  seq="b" firstpage="A64" lastpage="A64" bold="yes" fontsize="12.0pt" AbsNumber="E-031">
<AbsTitle  seq="c" firstpage="A64" lastpage="A65" bold="yes" fontsize="12.0pt" AbsNumber="E-032">
<AbsTitle  seq="a" firstpage="A65" lastpage="A65" bold="yes" fontsize="12.0pt" AbsNumber="E-033">
<AbsTitle  seq="b" firstpage="A65" lastpage="A65" AbsNumber="E-034">
<AbsTitle  seq="a" firstpage="A66" lastpage="A66" bold="yes" fontsize="12.0pt" AbsNumber="E-035">
<AbsTitle  seq="b" firstpage="A66" lastpage="A67"  bold="yes" fontsize="12.0pt" AbsNumber="E-036">
<AbsTitle  seq="a" firstpage="A67" lastpage="A67"  bold="yes" fontsize="12.0pt" AbsNumber="E-037">
<AbsTitle  seq="b" firstpage="A67" lastpage="A68"  bold="yes" fontsize="12.0pt" AbsNumber="E-038">
<AbsTitle  seq="a" firstpage="A68" lastpage="A68"  bold="yes" fontsize="12.0pt" AbsNumber="E-039">
<AbsTitle  seq="b" firstpage="A68" lastpage="A68"  bold="yes" fontsize="12.0pt" AbsNumber="E-040">
<AbsTitle  seq="c" firstpage="A68" lastpage="A69"  bold="yes" fontsize="12.0pt" AbsNumber="E-041">
<AbsTitle  seq="a" firstpage="A69" lastpage="A69"  bold="yes" fontsize="12.0pt" AbsNumber="E-042">
<AbsTitle  seq="b" firstpage="A69" lastpage="A70"  bold="yes" fontsize="12.0pt" AbsNumber="E-043">
<AbsTitle  seq="a" firstpage="A70" lastpage="A70"  bold="yes" fontsize="12.0pt" AbsNumber="E-044">
<AbsTitle  seq="b" firstpage="A70" lastpage="A71"  bold="yes" fontsize="12.0pt" AbsNumber="E-045">
<AbsTitle  seq="a" firstpage="A71" lastpage="A71"  bold="yes" fontsize="12.0pt" AbsNumber="E-046">
<AbsTitle  seq="b" firstpage="A71" lastpage="A71"  bold="yes" fontsize="12.0pt" AbsNumber="E-047">
<AbsTitle  seq="c" firstpage="A71" lastpage="A72"  bold="yes" fontsize="12.0pt" AbsNumber="E-048">
<AbsTitle  seq="a" firstpage="A72" lastpage="A72"  bold="yes" fontsize="12.0pt" AbsNumber="E-049">
<AbsTitle  seq="b" firstpage="A72" lastpage="A73"  bold="yes" fontsize="12.0pt" AbsNumber="E-050">
<AbsTitle  seq="a" firstpage="A73" lastpage="A73"  bold="yes" fontsize="12.0pt" AbsNumber="E-051">
<AbsTitle  seq="b" firstpage="A73" lastpage="A74"  bold="yes" fontsize="12.0pt" AbsNumber="E-052">
<AbsTitle  seq="a" firstpage="A74" lastpage="A74"  bold="yes" fontsize="12.0pt" AbsNumber="E-053">
<AbsTitle  seq="b" firstpage="A74" lastpage="A74"  bold="yes" fontsize="12.0pt" AbsNumber="E-054">
<AbsTitle  seq="a" firstpage="A75" lastpage="A75"  bold="yes" fontsize="12.0pt" AbsNumber="E-055">
<AbsTitle  seq="b" firstpage="A75" lastpage="A76"  bold="yes" fontsize="12.0pt" AbsNumber="E-056">
<AbsTitle  seq="a" firstpage="A76" lastpage="A76"  bold="yes" fontsize="12.0pt" AbsNumber="E-057">
<AbsTitle  seq="b" firstpage="A76" lastpage="A76"  bold="yes" fontsize="12.0pt" AbsNumber="E-058">
<AbsTitle  seq="c" firstpage="A76" lastpage="A77"  bold="yes" fontsize="12.0pt" AbsNumber="E-059">
<AbsTitle  seq="a" firstpage="A77" lastpage="A77"  bold="yes" fontsize="12.0pt" AbsNumber="E-060">
<AbsTitle  seq="b" firstpage="A77" lastpage="A78"  bold="yes" fontsize="12.0pt" AbsNumber="E-061">
<AbsTitle  seq="a" firstpage="A78" lastpage="A78"  bold="yes" fontsize="12.0pt" AbsNumber="E-062">
<AbsTitle  seq="b" firstpage="A78" lastpage="A78"  bold="yes" fontsize="12.0pt" AbsNumber="E-063">
<AbsTitle  seq="c" firstpage="A78" lastpage="A79"  bold="yes" fontsize="12.0pt" AbsNumber="E-064">
<AbsTitle  seq="a" firstpage="A79" lastpage="A79" AbsNumber="E-065">
<AbsTitle  seq="b" firstpage="A79" lastpage="A80" AbsNumber="E-066">
<AbsTitle  seq="a" firstpage="A80" lastpage="A80" AbsNumber="E-067">
<AbsTitle  seq="b" firstpage="A80" lastpage="A80" AbsNumber="E-068">
<AbsTitle  seq="c" firstpage="A80" lastpage="A81" AbsNumber="E-069">
<AbsTitle  seq="a" firstpage="A81" lastpage="A81" AbsNumber="E-070">
<AbsTitle  seq="b" firstpage="A81" lastpage="A81" AbsNumber="E-071">
<AbsTitle  seq="c" firstpage="A81" lastpage="A82" AbsNumber="E-072">
<AbsTitle  seq="a" firstpage="A82" lastpage="A82" AbsNumber="E-073">
<AbsTitle  seq="b" firstpage="A82" lastpage="A83" AbsNumber="E-074">
<AbsTitle  seq="a" firstpage="A83" lastpage="A83" AbsNumber="E-075">
<AbsTitle  seq="b" firstpage="A83" lastpage="A84" AbsNumber="E-076">
<AbsTitle  seq="a" firstpage="A84" lastpage="A84" AbsNumber="E-077">
<AbsTitle  seq="b" firstpage="A84" lastpage="A84" AbsNumber="E-078">
<AbsTitle  seq="c" firstpage="A84" lastpage="A85" AbsNumber="E-079">
<AbsTitle  seq="a" firstpage="A85" lastpage="A85" AbsNumber="E-080">
<AbsTitle  seq="b" firstpage="A85" lastpage="A85" AbsNumber="E-081">
<AbsTitle  seq="c" firstpage="A85" lastpage="A86" AbsNumber="E-082">
<AbsTitle  seq="a" firstpage="A86" lastpage="A86" AbsNumber="E-083">
<AbsTitle  seq="b" firstpage="A86" lastpage="A86" AbsNumber="E-084">
<AbsTitle  seq="c" firstpage="A86" lastpage="A87" AbsNumber="E-085">
<AbsTitle  seq="a" firstpage="A87" lastpage="A87" AbsNumber="E-086">
<AbsTitle  seq="b" firstpage="A87" lastpage="A87" AbsNumber="E-087">
<AbsTitle  seq="c" firstpage="A87" lastpage="A88" AbsNumber="E-088">
<AbsTitle  seq="a" firstpage="A88" lastpage="A88" AbsNumber="E-089">
<AbsTitle  seq="b" firstpage="A88" lastpage="A89" AbsNumber="E-090">
<AbsTitle  seq="a" firstpage="A89" lastpage="A89" AbsNumber="E-091">
<AbsTitle  seq="b" firstpage="A89" lastpage="A90" AbsNumber="E-092">
<AbsTitle  seq="a" firstpage="A90" lastpage="A90" AbsNumber="E-093">
<AbsTitle  seq="b" firstpage="A90" lastpage="A91" AbsNumber="E-094">
<AbsTitle  seq="a" firstpage="A91" lastpage="A91" AbsNumber="E-095">
<AbsTitle  seq="b" firstpage="A91" lastpage="A92" AbsNumber="E-096">
<AbsTitle  seq="a" firstpage="A92" lastpage="A93" AbsNumber="E-097">
<AbsTitle  seq="a" firstpage="A93" lastpage="A93" AbsNumber="E-098">
<AbsTitle  seq="b" firstpage="A93" lastpage="A94" AbsNumber="E-099">
<AbsTitle  seq="a" firstpage="A94" lastpage="A95" AbsNumber="E-100">
<AbsTitle  seq="a" firstpage="A95" lastpage="A95" AbsNumber="E-101">
<AbsTitle  seq="b" firstpage="A95" lastpage="A96"  bold="yes" fontsize="12.0pt" AbsNumber="E-102">
<AbsTitle  seq="a" firstpage="A96" lastpage="A97"  bold="yes" fontsize="12.0pt" AbsNumber="E-103">
<AbsTitle  seq="a" firstpage="A97" lastpage="A97"  bold="yes" fontsize="12.0pt" AbsNumber="E-104">
<AbsTitle  seq="b" firstpage="A97" lastpage="A97"  bold="yes" fontsize="12.0pt" AbsNumber="E-105">
<AbsTitle  seq="c" firstpage="A97" lastpage="A98"  bold="yes" fontsize="12.0pt" AbsNumber="E-106">
<AbsTitle  seq="a" firstpage="A98" lastpage="A98"  bold="yes" fontsize="12.0pt" AbsNumber="E-107">
<AbsTitle  seq="b" firstpage="A98" lastpage="A99"  bold="yes" fontsize="12.0pt" AbsNumber="E-108">
<AbsTitle  seq="a" firstpage="A99" lastpage="A99"  bold="yes" fontsize="12.0pt" AbsNumber="E-109">
<AbsTitle  seq="b" firstpage="A99" lastpage="A99"  bold="yes" fontsize="12.0pt" AbsNumber="E-110">
<AbsTitle  seq="c" firstpage="A99" lastpage="A100"  bold="yes" fontsize="12.0pt" AbsNumber="E-111">
<AbsTitle  seq="a" firstpage="A100" lastpage="A100"  bold="yes" fontsize="12.0pt" AbsNumber="E-112">
<AbsTitle  seq="b" firstpage="A100" lastpage="A101"  bold="yes" fontsize="12.0pt" AbsNumber="E-113">
<AbsTitle  seq="a" firstpage="A101" lastpage="A101"  bold="yes" fontsize="12.0pt" AbsNumber="E-114">
<AbsTitle  seq="b" firstpage="A101" lastpage="A102"  bold="yes" fontsize="12.0pt" AbsNumber="E-115">
<AbsTitle  seq="a" firstpage="A102" lastpage="A102" AbsNumber="E-116">
<AbsTitle  seq="b" firstpage="A102" lastpage="A103"  bold="yes" fontsize="12.0pt" AbsNumber="E-117">
<AbsTitle  seq="a" firstpage="A103" lastpage="A103"  bold="yes" fontsize="12.0pt" AbsNumber="E-118">
<AbsTitle  seq="a" firstpage="A104" lastpage="A104"  bold="yes" fontsize="12.0pt" AbsNumber="E-119">
<AbsTitle  seq="b" firstpage="A104" lastpage="A104"  bold="yes" fontsize="12.0pt" AbsNumber="E-120">
<AbsTitle  seq="c" firstpage="A104" lastpage="A105"  bold="yes" fontsize="12.0pt" AbsNumber="E-121">
<AbsTitle  seq="a" firstpage="A105" lastpage="A105"  bold="yes" fontsize="12.0pt" AbsNumber="E-122">
<AbsTitle  seq="b" firstpage="A105" lastpage="A106"  bold="yes" fontsize="12.0pt" AbsNumber="E-123">
<AbsTitle  seq="a" firstpage="A106" lastpage="A106"  bold="yes" fontsize="12.0pt" AbsNumber="E-124">
<AbsTitle  seq="b" firstpage="A106" lastpage="A106"  bold="yes" fontsize="12.0pt" AbsNumber="E-125">
<AbsTitle  seq="c" firstpage="A106" lastpage="A107" AbsNumber="E-126">
<AbsTitle  seq="a" firstpage="A107" lastpage="A108"  bold="yes" fontsize="12.0pt" AbsNumber="E-127">
<AbsTitle  seq="a" firstpage="A108" lastpage="A108"  bold="yes" fontsize="12.0pt" AbsNumber="E-128">
<AbsTitle  seq="b" firstpage="A108" lastpage="A109"  bold="yes" fontsize="12.0pt" AbsNumber="E-129">
<AbsTitle  seq="a" firstpage="A109" lastpage="A109"  bold="yes" fontsize="12.0pt" AbsNumber="E-130">
<AbsTitle  seq="b" firstpage="A109" lastpage="A110"  bold="yes" fontsize="12.0pt" AbsNumber="E-131">
<AbsTitle  seq="a" firstpage="A110" lastpage="A110" AbsNumber="E-132">
<AbsTitle  seq="b" firstpage="A110" lastpage="A111"  bold="yes" fontsize="12.0pt" AbsNumber="E-133">
<AbsTitle  seq="a" firstpage="A111" lastpage="A111"  bold="yes" fontsize="12.0pt" AbsNumber="E-134">
<AbsTitle  seq="b" firstpage="A111" lastpage="A112"  bold="yes" fontsize="12.0pt" AbsNumber="E-135">
<AbsTitle  seq="a" firstpage="A112" lastpage="A112"  bold="yes" fontsize="12.0pt" AbsNumber="E-136">
<AbsTitle  seq="b" firstpage="A112" lastpage="A113"  bold="yes" fontsize="12.0pt" AbsNumber="E-137">
<AbsTitle  seq="a" firstpage="A113" lastpage="A113"  bold="yes" fontsize="12.0pt" AbsNumber="E-138">
<AbsTitle  seq="b" firstpage="A113" lastpage="A114" AbsNumber="E-139">
<AbsTitle  seq="a" firstpage="A114" lastpage="A114"  bold="yes" fontsize="12.0pt" AbsNumber="E-140">
<AbsTitle  seq="b" firstpage="A114" lastpage="A114"  bold="yes" fontsize="12.0pt" AbsNumber="E-141">
<AbsTitle  seq="c" firstpage="A114" lastpage="A115"  bold="yes" fontsize="12.0pt" AbsNumber="E-142">
<AbsTitle  seq="a" firstpage="A115" lastpage="A115"  bold="yes" fontsize="12.0pt" AbsNumber="E-143">
<AbsTitle  seq="b" firstpage="A115" lastpage="A116"  bold="yes" fontsize="12.0pt" AbsNumber="E-144">
<AbsTitle  seq="a" firstpage="A116" lastpage="A117"  bold="yes" fontsize="12.0pt" AbsNumber="E-145">
<AbsTitle  seq="a" firstpage="A117" lastpage="A117"  bold="yes" fontsize="12.0pt" AbsNumber="E-146">
<AbsTitle  seq="b" firstpage="A117" lastpage="A118"  bold="yes" fontsize="12.0pt" AbsNumber="E-147">