<?xml version="1.0" encoding="utf-8"?>

<html data-doi="gutjnl-2017-314472" data-volume="66" data-issue="Suppl 2" data-year="2017" data-jrnlid="Gut" data-rrh-type=""><body><div ama-node-id="bmj_abstracts_01:t_articles:101443" type="publication_group" _ecs_journal_name="BMJ" year="2016" data-node-type="ancestor" jrnlid="Thorax" doi="jnnp" volume="66" issue="Suppl 2"> <div ama-node-id="bmj_abstracts_01:t_articles:101453" type="publication"> <p>BSG_GUT_2017</p> </div>	</div><div id="bmj_abstracts_01:t_articles:101463" type="content" class="Abstract"> <h1 class="AbsSession">Oral Presentations</h1><h1 class="AbsSession">Endoscopy Section Free Papers and Introducing the National Endoscopy Database</h1><h2 class="AbsTitle" seq="a" firstpage="A1" lastpage="A1" uc="true" bold="true" fontsize="10.0" data-pos-index="2" headweightage="36" class-name="Title"><span class="AbsNumber" uc="true" fontsize="10.0" data-pos-index="1" headweightage="17" class-name="Number">OC-001</span> efficacy, safety and tolerability outcomes of endoscopic proximal intestinal exclusion using endobarrier, 12 and 18 month data for the uk&#x2019;s first nhs endobarrier service for diabesity</h2><p class="AbsAuthors" fontsize="10.0" data-pos-index="3" data-authors="true" class-name="Authors"><span class="AbsAffRef">1</span><contrib><span class="AbsAuthor" data-corresp="true"><span class="AbsGivenName">M</span><span class="AbsSurName">Anderson</span></span></contrib>, <span class="AbsAffRef">2</span><contrib><span class="AbsAuthor"><span class="AbsGivenName">PSen</span><span class="AbsSurName">Gupta</span></span></contrib>, <span class="AbsAffRef">2</span><contrib><span class="AbsAuthor"><span class="AbsGivenName">M</span><span class="AbsSurName">Yadagiri</span></span></contrib>, <span class="AbsAffRef">2</span><contrib><span class="AbsAuthor"><span class="AbsGivenName">S</span><span class="AbsSurName">Irwin</span></span></contrib>, <span class="AbsAffRef">2</span><contrib><span class="AbsAuthor"><span class="AbsGivenName">W</span><span class="AbsSurName">Burbridge</span></span></contrib>, <span class="AbsAffRef">2</span><contrib><span class="AbsAuthor"><span class="AbsGivenName">N</span><span class="AbsSurName">Taylor</span></span></contrib>, <span class="AbsAffRef">1</span><contrib><span class="AbsAuthor"><span class="AbsGivenName">R</span><span class="AbsSurName">Allden</span></span></contrib>, <span class="AbsAffRef">1</span><contrib><span class="AbsAuthor"><span class="AbsGivenName">M</span><span class="AbsSurName">Wilson</span></span></contrib>, <span class="AbsAffRef">3</span><contrib><span class="AbsAuthor"><span class="AbsGivenName">H</span><span class="AbsSurName">Gandhi</span></span></contrib>, <span class="AbsAffRef">4</span><contrib><span class="AbsAuthor"><span class="AbsGivenName">J</span><span class="AbsSurName">Bleasdale</span></span></contrib>, <span class="AbsAffRef">2</span><contrib><span class="AbsAuthor"><span class="AbsGivenName">R</span><span class="AbsSurName">Ryder</span></span></contrib>, <span class="AbsAffRef">1</span><contrib><span class="AbsAuthor"><span class="AbsGivenName">E</span><span class="AbsSurName">Fogden</span></span></contrib></p><div class="AbsAffGroup"><p class="AbsAff" id="AF0001" data-not-cited="true"><span class="AbsAffRef">1</span>Gastroenterology</p><p class="AbsAff" id="AF0002" data-not-cited="true"><span class="AbsAffRef">2</span>Diabetes</p><p class="AbsAff" id="AF0003" data-not-cited="true"><span class="AbsAffRef">3</span>Dietetics</p><p class="AbsAff" id="AF0004" data-not-cited="true"><span class="AbsAffRef">4</span>Anaesthetics, Sandwell and West Birmingham Hospitals NHS Trust, Birmingham, UK</p></div><p class="AbsDoi">10.1136/heartjnl-2014-307109.1</p><div class="AbsBody"><sec1/><sec><h3 class="AbsHead">Introduction</h3><p>New, effective treatments are needed urgently to combat the global diabesity pandemic. Our institution led a UK multicentre randomised controlled trial (REVISE-Diabesity ISRCTN00151053) investigating the efficacy, safety and tolerability of adding Endobarrier therapy, a 60&#x2009;cm endoscopically implanted proximal intestinal liner, to (GLP-1RA) drug therapy. Based on experience acquired, we instituted an NHS Endobarrier service for patients with suboptimally controlled type 2 diabetes and obesity.</p></sec><sec><h3 class="AbsHead">Method</h3><p>We initiated an NHS Endobarrier service for patients with sub-optimally controlled type 2 diabetes and obesity.</p></sec><sec><h3 class="AbsHead">Results</h3><p>Since October 2014 there have been 118 referrals (46 accepted, 18 awaiting assessment, 54 excluded). 25 have completed 1&#x2009;year&#x2019;s implant (aged 51.9&#xB1;7.5 years, 56.0% male, 44.0% Caucasian, diabetes duration 12.0 (8.5&#x2013;21.0) years, 60.0% insulin-treated, BMI 41.1&#xB1;8.9&#x2009;kg/m2) &#x2013; see Table for 12m results.</p><p>12 have completed 6m post Endobarrier removal - see Graphs. Insulin dose significantly fell; rises in mean HbA1c, weight and BMI were not statistically significant and all remained considerably lower than baseline. 9 pts sustained their reductions in wt and HbA1c, reporting considerable improvements in wellbeing, energy, fitness, exercise ability. Overall there were 3 (7.5%) serious device-related adverse events (2 gastrointestinal bleeds, 1 liver abscess) resulting in early removal with resolution of the event in all cases. 95% of patients were &#x201C;Extremely likely&#x201D; to recommend Endobarrier treatment to friends and family (NHS F and FT).</p></sec><sec><h3 class="AbsHead">Conclusion</h3><p>This inaugural NHS service demonstrates Endobarrier to be highly effective in selected, carefully monitored patients with refractory diabesity, with high patient satisfaction levels and an acceptable safety profile.</p></sec><sec><h3 class="AbsHead">Disclosure of Interest</h3><p>None Declared</p></sec></div>       <kwd-group><h3 class="AbsKeywordHead"><bold>Keywords:</bold></h3><span class="jrnlKeyword">DIABESITY</span><span class="jrnlKeyword">DIABETES</span><span class="jrnlKeyword">ENDOBARRIER</span><span class="jrnlKeyword">ENDOSCOPY</span></kwd-group></div><div id="bmj_abstracts_01:t_articles:105043" type="content" class="Abstract"> <h2 class="AbsTitle" uc="true" bold="true" fontsize="10.0" data-pos-index="1" headweightage="36" class-name="Title"><span class="AbsNumber" uc="true" fontsize="10.0" data-pos-index="0" headweightage="17" class-name="Number">PWE-114</span> safety and efficacy of the simplified radiofrequency ablation protocol compared to the standard protocol in dysplastic barrett&#x2019;s oesophagus</h2><p class="AbsAuthors"><contrib><span class="AbsAuthor" data-corresp="true"><span class="AbsGivenName">M</span><span class="AbsSurName">Pana</span></span></contrib>, <contrib><span class="AbsAuthor"><span class="AbsGivenName">J</span><span class="AbsSurName">Ortiz-Fern&#xE1;ndez Sordo</span></span></contrib>, <contrib><span class="AbsAuthor"><span class="AbsGivenName">S</span><span class="AbsSurName">Sansone</span></span></contrib>, <contrib><span class="AbsAuthor"><span class="AbsGivenName">S</span><span class="AbsSurName">Sami</span></span></contrib>, <contrib><span class="AbsAuthor"><span class="AbsGivenName">K</span><span class="AbsSurName">Ragunath</span></span></contrib></p><div class="AbsAffGroup"><p class="AbsAff" id="AF0001">gastroenterology, Nottingham University Hospitals, Nottingham, UK</p></div><p class="AbsDoi">10.1136/heartjnl-2014-307109.2</p><div class="AbsBody"><sec1/><sec><h3 class="AbsHead">Introduction</h3><p>Radiofrequency ablation (RFA) is widely accepted as the treatment of choice for dysplastic Barrett&#x2019;s oesophagus (BO) without visible lesions. Currently a new simplified protocol reduces repeated intubation for the treatment of Barrett&#x2019;s oesophagus (BO). We aimed to evaluate the safety and efficacy of the simplified protocol compared to the standard one.</p></sec><sec><h3 class="AbsHead">Method</h3><p>We analysed data retrospectively from a prospectively collected Barrett&#x2019;s database from a single tertiary referral UK Centre. All consecutive patients who underwent RFA treatment for Barrett&#x2019;s dysplasia from 1<sup>st</sup> of June 2012 to 31<sup>st</sup> of October 2016 were included. The new simplified protocol was adopted in our unit from October 2014. The simplified protocol omits cleaning in between ablations, reduces the total number of ablations (2 for the circumferential device and 3 for the focal devices vs. 4 ablations) and the amount of energy delivered (10J vs. 12 J for circumferential device and 12J vs. 15J for focal devices). Hospital records were reviewed and demographics, type of RFA device, RFA protocol, endoscopic resection (ER) prior/during RFA and post-RFA complications were collected. Patients who had received both the standard and the simplified protocols were excluded from the analysis.</p></sec><sec><h3 class="AbsHead">Results</h3><p>A total of 97 patients (82.4% male; mean age 67.2&#xB1;9.2 years, median Barrett&#x2019;s length C4M6) received at least one RFA session. ER of visible lesions was performed in 32 patients (32.9%) prior to RFA and in 32 patients (32.9%) during the RFA treatment. The standard protocol was used in 30 patients for a total of 89 sessions (16 circumferential, 73 focal) and the simplified protocol in 67 patients for 154 sessions (45 circumferential, 109 focal).5 patients developed symptomatic strictures requiring dilatation. All 5 patients had been treated with simplified protocol (4 circumferential and 1 focal).Other complications included chest pain (n=3) and fever (n=2) managed conservatively, mild bleeding (n=3) successfully managed endoscopically and one severe bleeding which required blood transfusion. No perforations occurred. Complete remission of any dysplasia (CR-DYS) was achieved in 28/29 patients (96.5%) and complete remission of intestinal metaplasia (CR-IM) in 25/29 patients (86.2%) in the standard protocol group. CR-DYS was achieved in 36/38patients (94.7%) and CR-IM in 33/38 patients (86.8%) in the simplified group. The median follow up was 24 months for the standard protocol and 7 months for the simplified protocol.</p></sec><sec><h3 class="AbsHead">Conclusion</h3><p>The efficacy of the simplified RFA protocol is comparable to the standard one. However, the simplified RFA protocol resulted in a higher stricture rate compared to the standard one, with higher risk for circumferential than focal treatment.</p></sec><sec><h3 class="AbsHead">Disclosure of Interest</h3><p>None Declared</p><span class="jrnlKeyword">Keywords: Barrett&#x2019;s Oesophagus</span><span class="jrnlKeyword">endoscopy</span></sec></div>      </div></body></html>
