﻿<AbsTitle  firstpage="A9" lastpage="A9"  AbsNumber="O-001"/>
<AbsTitle  firstpage="A9" lastpage="A10"  AbsNumber="O-002"/>
<AbsTitle  firstpage="A10" lastpage="A10"  AbsNumber="O-003"/>
<AbsTitle  firstpage="A10" lastpage="A11"  AbsNumber="O-004"/>
<AbsTitle  firstpage="A11" lastpage="A11"  AbsNumber="O-005"/>
<AbsTitle  firstpage="A11" lastpage="A12"  AbsNumber="O-006"/>
<AbsTitle  firstpage="A12" lastpage="A12"  AbsNumber="O-007"/>
<AbsTitle  firstpage="A12" lastpage="A13"  AbsNumber="O-008"/>
<AbsTitle  firstpage="A13" lastpage="A14"  AbsNumber="O-009"/>
<AbsTitle  firstpage="A14" lastpage="A14"  AbsNumber="O-010"/>
<AbsTitle  firstpage="A14" lastpage="A14"  AbsNumber="O-011"/>
<AbsTitle  firstpage="A14" lastpage="A15"  AbsNumber="O-012"/>
<AbsTitle  firstpage="A15" lastpage="A15"  AbsNumber="O-013"/>
<AbsTitle  firstpage="A16" lastpage="A16"  AbsNumber="O-014"/>
<AbsTitle  firstpage="A16" lastpage="A16"  AbsNumber="O-015"/>
<AbsTitle  firstpage="A17" lastpage="A17"  AbsNumber="O-016"/>
<AbsTitle  firstpage="A17" lastpage="A17"  AbsNumber="O-017"/>
<AbsTitle  firstpage="A18" lastpage="A18"  AbsNumber="O-018"/>
<AbsTitle  firstpage="A18" lastpage="A18"  AbsNumber="O-019"/>
<AbsTitle  firstpage="A19" lastpage="A19"  AbsNumber="O-020"/>
<AbsTitle  firstpage="A19" lastpage="A19"  AbsNumber="O-021"/>
<AbsTitle  firstpage="A19" lastpage="A20"  AbsNumber="O-022"/>
<AbsTitle  firstpage="A20" lastpage="A20"  AbsNumber="O-023"/>
<AbsTitle  firstpage="A21" lastpage="A21"  AbsNumber="O-024"/>
<AbsTitle  firstpage="A21" lastpage="A22"  AbsNumber="O-025"/>
<AbsTitle  firstpage="A22" lastpage="A22"  AbsNumber="O-026"/>
<AbsTitle  firstpage="A22" lastpage="A23"  AbsNumber="O-027"/>
<AbsTitle  firstpage="A23" lastpage="A23"  AbsNumber="O-028"/>
<AbsTitle  firstpage="A23" lastpage="A24"  AbsNumber="O-029"/>
<AbsTitle  firstpage="A24" lastpage="A24"  AbsNumber="O-030"/>
<AbsTitle  firstpage="A24" lastpage="A25"  AbsNumber="O-031"/>
<AbsTitle  firstpage="A25" lastpage="A25"  AbsNumber="O-032"/>
<AbsTitle  firstpage="A25" lastpage="A26"  AbsNumber="O-033"/>
<AbsTitle  firstpage="A26" lastpage="A26"  AbsNumber="O-034"/>
<AbsTitle  firstpage="A26" lastpage="A27"  AbsNumber="O-035"/>
<AbsTitle  firstpage="A27" lastpage="A28"  AbsNumber="O-036"/>
<AbsTitle  firstpage="A28" lastpage="A28"  AbsNumber="O-037"/>
<AbsTitle  firstpage="A28" lastpage="A29"  AbsNumber="O-038"/>
<AbsTitle  firstpage="A29" lastpage="A29"  AbsNumber="O-039"/>
<AbsTitle  firstpage="A29" lastpage="A30"  AbsNumber="P-001"/>
<AbsTitle  firstpage="A30" lastpage="A31"  AbsNumber="P-002"/>
<AbsTitle  firstpage="A31" lastpage="A31"  AbsNumber="P-003"/>
<AbsTitle  firstpage="A31" lastpage="A32"  AbsNumber="P-004"/>
<AbsTitle  firstpage="A32" lastpage="A33"  AbsNumber="P-005"/>
<AbsTitle  firstpage="A33" lastpage="A34"  AbsNumber="P-006"/>
<AbsTitle  firstpage="A34" lastpage="A34"  AbsNumber="P-007"/>
<AbsTitle  firstpage="A34" lastpage="A34"  AbsNumber="P-008"/>
<AbsTitle  firstpage="A34" lastpage="A35"  AbsNumber="P-009"/>
<AbsTitle  firstpage="A35" lastpage="A35"  AbsNumber="P-010"/>
<AbsTitle  firstpage="A36" lastpage="A36"  AbsNumber="P-011"/>
<AbsTitle  firstpage="A36" lastpage="A36"  AbsNumber="P-012"/>
<AbsTitle  firstpage="A36" lastpage="A37"  AbsNumber="P-013"/>
<AbsTitle  firstpage="A37" lastpage="A37"  AbsNumber="P-014"/>
<AbsTitle  firstpage="A37" lastpage="A38"  AbsNumber="P-015"/>
<AbsTitle  firstpage="A38" lastpage="A38"  AbsNumber="P-016"/>
<AbsTitle  firstpage="A39" lastpage="A39"  AbsNumber="P-017"/>
<AbsTitle  firstpage="A39" lastpage="A40"  AbsNumber="P-018"/>
<AbsTitle  firstpage="A40" lastpage="A40"  AbsNumber="P-019"/>
<AbsTitle  firstpage="A40" lastpage="A41"  AbsNumber="P-020"/>
<AbsTitle  firstpage="A41" lastpage="A41"  AbsNumber="P-021"/>
<AbsTitle  firstpage="A41" lastpage="A42"  AbsNumber="P-022"/>
<AbsTitle  firstpage="A42" lastpage="A42"  AbsNumber="P-023"/>
<AbsTitle  firstpage="A42" lastpage="A43"  AbsNumber="P-024"/>
<AbsTitle  firstpage="A43" lastpage="A43"  AbsNumber="P-025"/>
<AbsTitle  firstpage="A43" lastpage="A44"  AbsNumber="P-026"/>
<AbsTitle  firstpage="A44" lastpage="A44"  AbsNumber="P-027"/>
<AbsTitle  firstpage="A44" lastpage="A45"  AbsNumber="P-028"/>
<AbsTitle  firstpage="A45" lastpage="A45"  AbsNumber="P-029"/>
<AbsTitle  firstpage="A45" lastpage="A46"  AbsNumber="P-030"/>
<AbsTitle  firstpage="A46" lastpage="A47"  AbsNumber="P-031"/>
<AbsTitle  firstpage="A47" lastpage="A47"  AbsNumber="P-032"/>
<AbsTitle  firstpage="A47" lastpage="A48"  AbsNumber="P-033"/>
<AbsTitle  firstpage="A48" lastpage="A49"  AbsNumber="P-034"/>
<AbsTitle  firstpage="A49" lastpage="A49"  AbsNumber="P-035"/>
<AbsTitle  firstpage="A49" lastpage="A50"  AbsNumber="P-036"/>
<AbsTitle  firstpage="A50" lastpage="A50"  AbsNumber="E-001"/>
<AbsTitle  firstpage="A50" lastpage="A50"   AbsNumber="E-002"/>
<AbsTitle  firstpage="A50" lastpage="A51"   AbsNumber="E-003"/>
<AbsTitle  firstpage="A51" lastpage="A52"  AbsNumber="E-004"/>
<AbsTitle  firstpage="A52" lastpage="A52"   AbsNumber="E-005"/>
<AbsTitle  firstpage="A52" lastpage="A53"   AbsNumber="E-006"/>
<AbsTitle  firstpage="A53" lastpage="A53"   AbsNumber="E-007"/>
<AbsTitle  firstpage="A53" lastpage="A53"   AbsNumber="E-008"/>
<AbsTitle  firstpage="A53" lastpage="A54"   AbsNumber="E-009"/>
<AbsTitle  firstpage="A54" lastpage="A54"   AbsNumber="E-010"/>
<AbsTitle  firstpage="A54" lastpage="A55"   AbsNumber="E-011"/>
<AbsTitle  firstpage="A55" lastpage="A55"   AbsNumber="E-012"/>
<AbsTitle  firstpage="A55" lastpage="A56"   AbsNumber="E-013"/>
<AbsTitle  firstpage="A56" lastpage="A56"   AbsNumber="E-014"/>
<AbsTitle  firstpage="A56" lastpage="A56"   AbsNumber="E-015"/>
<AbsTitle  firstpage="A56" lastpage="A57"  AbsNumber="E-016"/>
<AbsTitle  firstpage="A57" lastpage="A58"   AbsNumber="E-017"/>
<AbsTitle  firstpage="A58" lastpage="A58"   AbsNumber="E-018"/>
<AbsTitle  firstpage="A58" lastpage="A59"   AbsNumber="E-019"/>
<AbsTitle  firstpage="A59" lastpage="A59"  AbsNumber="E-020"/>
<AbsTitle  firstpage="A59" lastpage="A60"  AbsNumber="E-021"/>
<AbsTitle  firstpage="A60" lastpage="A60"   AbsNumber="E-022"/>
<AbsTitle  firstpage="A60" lastpage="A60"   AbsNumber="E-023"/>
<AbsTitle  firstpage="A60" lastpage="A61"  AbsNumber="E-024"/>
<AbsTitle  firstpage="A61" lastpage="A61"   AbsNumber="E-025"/>
<AbsTitle  firstpage="A62" lastpage="A62"   AbsNumber="E-026"/>
<AbsTitle  firstpage="A62" lastpage="A63"  AbsNumber="E-027"/>
<AbsTitle  firstpage="A63" lastpage="A63"  AbsNumber="E-028"/>
<AbsTitle  firstpage="A63" lastpage="A63"   AbsNumber="E-029"/>
<AbsTitle  firstpage="A64" lastpage="A64"   AbsNumber="E-030"/>
<AbsTitle  firstpage="A64" lastpage="A64"   AbsNumber="E-031"/>
<AbsTitle  firstpage="A64" lastpage="A65"   AbsNumber="E-032"/>
<AbsTitle  firstpage="A65" lastpage="A65"   AbsNumber="E-033"/>
<AbsTitle  firstpage="A65" lastpage="A65"  AbsNumber="E-034"/>
<AbsTitle  firstpage="A66" lastpage="A66"   AbsNumber="E-035"/>
<AbsTitle  firstpage="A66" lastpage="A67"   AbsNumber="E-036"/>
<AbsTitle  firstpage="A67" lastpage="A67"   AbsNumber="E-037"/>
<AbsTitle  firstpage="A67" lastpage="A68"   AbsNumber="E-038"/>
<AbsTitle  firstpage="A68" lastpage="A68"   AbsNumber="E-039"/>
<AbsTitle  firstpage="A68" lastpage="A68"   AbsNumber="E-040"/>
<AbsTitle  firstpage="A68" lastpage="A69"   AbsNumber="E-041"/>
<AbsTitle  firstpage="A69" lastpage="A69"   AbsNumber="E-042"/>
<AbsTitle  firstpage="A69" lastpage="A70"   AbsNumber="E-043"/>
<AbsTitle  firstpage="A70" lastpage="A70"   AbsNumber="E-044"/>
<AbsTitle  firstpage="A70" lastpage="A71"   AbsNumber="E-045"/>
<AbsTitle  firstpage="A71" lastpage="A71"   AbsNumber="E-046"/>
<AbsTitle  firstpage="A71" lastpage="A71"   AbsNumber="E-047"/>
<AbsTitle  firstpage="A71" lastpage="A72"   AbsNumber="E-048"/>
<AbsTitle  firstpage="A72" lastpage="A72"   AbsNumber="E-049"/>
<AbsTitle  firstpage="A72" lastpage="A73"   AbsNumber="E-050"/>
<AbsTitle  firstpage="A73" lastpage="A73"   AbsNumber="E-051"/>
<AbsTitle  firstpage="A73" lastpage="A74"   AbsNumber="E-052"/>
<AbsTitle  firstpage="A74" lastpage="A74"   AbsNumber="E-053"/>
<AbsTitle  firstpage="A74" lastpage="A74"   AbsNumber="E-054"/>
<AbsTitle  firstpage="A75" lastpage="A75"   AbsNumber="E-055"/>
<AbsTitle  firstpage="A75" lastpage="A76"   AbsNumber="E-056"/>
<AbsTitle  firstpage="A76" lastpage="A76"   AbsNumber="E-057"/>
<AbsTitle  firstpage="A76" lastpage="A76"   AbsNumber="E-058"/>
<AbsTitle  firstpage="A76" lastpage="A77"   AbsNumber="E-059"/>
<AbsTitle  firstpage="A77" lastpage="A77"   AbsNumber="E-060"/>
<AbsTitle  firstpage="A77" lastpage="A78"   AbsNumber="E-061"/>
<AbsTitle  firstpage="A78" lastpage="A78"   AbsNumber="E-062"/>
<AbsTitle  firstpage="A78" lastpage="A78"   AbsNumber="E-063"/>
<AbsTitle  firstpage="A78" lastpage="A79"   AbsNumber="E-064"/>
<AbsTitle  firstpage="A79" lastpage="A79"  AbsNumber="E-065"/>
<AbsTitle  firstpage="A79" lastpage="A80"  AbsNumber="E-066"/>
<AbsTitle  firstpage="A80" lastpage="A80"  AbsNumber="E-067"/>
<AbsTitle  firstpage="A80" lastpage="A80"  AbsNumber="E-068"/>
<AbsTitle  firstpage="A80" lastpage="A81"  AbsNumber="E-069"/>
<AbsTitle  firstpage="A81" lastpage="A81"  AbsNumber="E-070"/>
<AbsTitle  firstpage="A81" lastpage="A81"  AbsNumber="E-071"/>
<AbsTitle  firstpage="A81" lastpage="A82"  AbsNumber="E-072"/>
<AbsTitle  firstpage="A82" lastpage="A82"  AbsNumber="E-073"/>
<AbsTitle  firstpage="A82" lastpage="A83"  AbsNumber="E-074"/>
<AbsTitle  firstpage="A83" lastpage="A83"  AbsNumber="E-075"/>
<AbsTitle  firstpage="A83" lastpage="A84"  AbsNumber="E-076"/>
<AbsTitle  firstpage="A84" lastpage="A84"  AbsNumber="E-077"/>
<AbsTitle  firstpage="A84" lastpage="A84"  AbsNumber="E-078"/>
<AbsTitle  firstpage="A84" lastpage="A85"  AbsNumber="E-079"/>
<AbsTitle  firstpage="A85" lastpage="A85"  AbsNumber="E-080"/>
<AbsTitle  firstpage="A85" lastpage="A85"  AbsNumber="E-081"/>
<AbsTitle  firstpage="A85" lastpage="A86"  AbsNumber="E-082"/>
<AbsTitle  firstpage="A86" lastpage="A86"  AbsNumber="E-083"/>
<AbsTitle  firstpage="A86" lastpage="A86"  AbsNumber="E-084"/>
<AbsTitle  firstpage="A86" lastpage="A87"  AbsNumber="E-085"/>
<AbsTitle  firstpage="A87" lastpage="A87"  AbsNumber="E-086"/>
<AbsTitle  firstpage="A87" lastpage="A87"  AbsNumber="E-087"/>
<AbsTitle  firstpage="A87" lastpage="A88"  AbsNumber="E-088"/>
<AbsTitle  firstpage="A88" lastpage="A88"  AbsNumber="E-089"/>
<AbsTitle  firstpage="A88" lastpage="A89"  AbsNumber="E-090"/>
<AbsTitle  firstpage="A89" lastpage="A89"  AbsNumber="E-091"/>
<AbsTitle  firstpage="A89" lastpage="A90"  AbsNumber="E-092"/>
<AbsTitle  firstpage="A90" lastpage="A90"  AbsNumber="E-093"/>
<AbsTitle  firstpage="A90" lastpage="A91"  AbsNumber="E-094"/>
<AbsTitle  firstpage="A91" lastpage="A91"  AbsNumber="E-095"/>
<AbsTitle  firstpage="A91" lastpage="A92"  AbsNumber="E-096"/>
<AbsTitle  firstpage="A92" lastpage="A93"  AbsNumber="E-097"/>
<AbsTitle  firstpage="A93" lastpage="A93"  AbsNumber="E-098"/>
<AbsTitle  firstpage="A93" lastpage="A94"  AbsNumber="E-099"/>
<AbsTitle  firstpage="A94" lastpage="A95"  AbsNumber="E-100"/>
<AbsTitle  firstpage="A95" lastpage="A95"  AbsNumber="E-101"/>
<AbsTitle  firstpage="A95" lastpage="A96"   AbsNumber="E-102"/>
<AbsTitle  firstpage="A96" lastpage="A97"   AbsNumber="E-103"/>
<AbsTitle  firstpage="A97" lastpage="A97"   AbsNumber="E-104"/>
<AbsTitle  firstpage="A97" lastpage="A97"   AbsNumber="E-105"/>
<AbsTitle  firstpage="A97" lastpage="A98"   AbsNumber="E-106"/>
<AbsTitle  firstpage="A98" lastpage="A98"   AbsNumber="E-107"/>
<AbsTitle  firstpage="A98" lastpage="A99"   AbsNumber="E-108"/>
<AbsTitle  firstpage="A99" lastpage="A99"   AbsNumber="E-109"/>
<AbsTitle  firstpage="A99" lastpage="A99"   AbsNumber="E-110"/>
<AbsTitle  firstpage="A99" lastpage="A100"   AbsNumber="E-111"/>
<AbsTitle  firstpage="A100" lastpage="A100"   AbsNumber="E-112"/>
<AbsTitle  firstpage="A100" lastpage="A101"   AbsNumber="E-113"/>
<AbsTitle  firstpage="A101" lastpage="A101"   AbsNumber="E-114"/>
<AbsTitle  firstpage="A101" lastpage="A102"   AbsNumber="E-115"/>
<AbsTitle  firstpage="A102" lastpage="A102"  AbsNumber="E-116"/>
<AbsTitle  firstpage="A102" lastpage="A103"   AbsNumber="E-117"/>
<AbsTitle  firstpage="A103" lastpage="A103"   AbsNumber="E-118"/>
<AbsTitle  firstpage="A104" lastpage="A104"   AbsNumber="E-119"/>
<AbsTitle  firstpage="A104" lastpage="A104"   AbsNumber="E-120"/>
<AbsTitle  firstpage="A104" lastpage="A105"   AbsNumber="E-121"/>
<AbsTitle  firstpage="A105" lastpage="A105"   AbsNumber="E-122"/>
<AbsTitle  firstpage="A105" lastpage="A106"   AbsNumber="E-123"/>
<AbsTitle  firstpage="A106" lastpage="A106"   AbsNumber="E-124"/>
<AbsTitle  firstpage="A106" lastpage="A106"   AbsNumber="E-125"/>
<AbsTitle  firstpage="A106" lastpage="A107"  AbsNumber="E-126"/>
<AbsTitle  firstpage="A107" lastpage="A108"   AbsNumber="E-127"/>
<AbsTitle  firstpage="A108" lastpage="A108"   AbsNumber="E-128"/>
<AbsTitle  firstpage="A108" lastpage="A109"   AbsNumber="E-129"/>
<AbsTitle  firstpage="A109" lastpage="A109"   AbsNumber="E-130"/>
<AbsTitle  firstpage="A109" lastpage="A110"   AbsNumber="E-131"/>
<AbsTitle  firstpage="A110" lastpage="A110"  AbsNumber="E-132"/>
<AbsTitle  firstpage="A110" lastpage="A111"   AbsNumber="E-133"/>
<AbsTitle  firstpage="A111" lastpage="A111"   AbsNumber="E-134"/>
<AbsTitle  firstpage="A111" lastpage="A112"   AbsNumber="E-135"/>
<AbsTitle  firstpage="A112" lastpage="A112"   AbsNumber="E-136"/>
<AbsTitle  firstpage="A112" lastpage="A113"   AbsNumber="E-137"/>
<AbsTitle  firstpage="A113" lastpage="A113"   AbsNumber="E-138"/>
<AbsTitle  firstpage="A113" lastpage="A114"  AbsNumber="E-139"/>
<AbsTitle  firstpage="A114" lastpage="A114"   AbsNumber="E-140"/>
<AbsTitle  firstpage="A114" lastpage="A114"   AbsNumber="E-141"/>
<AbsTitle  firstpage="A114" lastpage="A115"   AbsNumber="E-142"/>
<AbsTitle  firstpage="A115" lastpage="A115"   AbsNumber="E-143"/>
<AbsTitle  firstpage="A115" lastpage="A116"   AbsNumber="E-144"/>
<AbsTitle  firstpage="A116" lastpage="A117"   AbsNumber="E-145"/>
<AbsTitle  firstpage="A117" lastpage="A117"   AbsNumber="E-146"/>
<AbsTitle  firstpage="A117" lastpage="A118"   AbsNumber="E-147"/>
