<div ama-node-id="exetercs_02:t_articles:58409" type="content">
<h2 id="tocSeqID47" class="AbsTitle" style="margin: 0in 0in 0.0001pt;" data-mce-style="margin: 0in; margin-bottom: .0001pt;">
<span class="AbsNumber">G596</span>Improving Paediatric Prescribing</h2>
<p class="AbsAuthors" style="" data-mce-style="">
<span class="AbsAuthor">
<span class="AbsGivenName">AA</span> <span class="AbsSurName">Ntovolou</span>
</span>, <span class="AbsAuthor">
<span class="AbsGivenName">R</span> <span class="AbsSurName">Al-Araji</span>
</span>, <span class="AbsAuthor">
<span class="AbsGivenName">A</span> <span class="AbsSurName">Karthikeyan</span>
</span>
</p>
<p class="AbsAff" style="" data-mce-style="">General Paediatric, University Hospital of Coventry and Warwickshire NHS Trust, Coventry, UK</p>
<h3 class="AbsHead" style="margin: 0in 0in 0.0001pt; text-align: justify;" data-mce-style="margin: 0in; margin-bottom: .0001pt; text-align: justify;">Context</h3>
<p class="AbsPara" style="margin: 0in 0in 0.0001pt; text-align: justify;" data-mce-style="margin: 0in; margin-bottom: .0001pt; text-align: justify;">This ongoing work is being done in the busy General Paediatric Department of our Hospital. It involves doctors of all grades who prescribe medication for paediatric medical inpatients.</p>
<h3 class="AbsHead" style="" data-mce-style="">Problem</h3>
<p class="AbsPara" style="margin: 0in 0in 0.0001pt; text-align: justify;" data-mce-style="margin: 0in; margin-bottom: .0001pt; text-align: justify;">A high incidence of errors and omissions identified in audit of prescription charts, despite paediatric prescribing being discussed at every junior doctor induction programme, led to initiation of this project.</p>
<h3 class="AbsHead" style="" data-mce-style="">Assessment of problem and analysis of its causes</h3>
<p class="AbsPara" style="margin: 0in 0in 0.0001pt; text-align: justify;" data-mce-style="margin: 0in; margin-bottom: .0001pt; text-align: justify;">The problem had already been quantified by previous audits. Doing a weekly prescribing review by randomly selecting 2 drug charts from each of the 3 wards and discussing them as a team helped identify key issues. This led to all staff being actively involved from the early stages. Various interventions were introduced as follows.</p>
<h3 class="AbsHead" style="" data-mce-style="">Intervention</h3>
<p class="AbsPara" style="margin: 0in 0in 0.0001pt; text-align: justify;" data-mce-style="margin: 0in; margin-bottom: .0001pt; text-align: justify;">Interventions were escalated to achieve the desired outcome, with weekly performance monitoring by review of randomly selected drug charts.</p>
<p class="AbsPara" style="margin: 0in 0in 0.0001pt; text-align: justify;" data-mce-style="margin: 0in; margin-bottom: .0001pt; text-align: justify;">Cycle 1: Review of drug charts to identify problems</p>
<p class="AbsPara" style="margin: 0in 0in 0.0001pt; text-align: justify;" data-mce-style="margin: 0in; margin-bottom: .0001pt; text-align: justify;">Cycle 2: &ldquo;Prescribing lesson of the week&rdquo; posters in the doctors&apos; office</p>
<p class="AbsPara" style="margin: 0in 0in 0.0001pt; text-align: justify;" data-mce-style="margin: 0in; margin-bottom: .0001pt; text-align: justify;">Cycle 3: Personal emails with recommendations to individuals who had made errors or omissions</p>
<p class="AbsPara" style="margin: 0in 0in 0.0001pt; text-align: justify;" data-mce-style="margin: 0in; margin-bottom: .0001pt; text-align: justify;">Cycle 4: Combining personal emails with a themed, eye-catching poster</p>
<p class="AbsPara" style="margin: 0in 0in 0.0001pt; text-align: justify;" data-mce-style="margin: 0in; margin-bottom: .0001pt; text-align: justify;">Cycle 5: Introducing star chart to positively motivate good performance, continuing personal emails</p>
<p class="AbsPara" style="margin: 0in 0in 0.0001pt; text-align: justify;" data-mce-style="margin: 0in; margin-bottom: .0001pt; text-align: justify;">Cycle 6 (December 2014): Increasing sample size- all charts from one ward</p>
<p class="AbsPara" style="margin: 0in 0in 0.0001pt; text-align: justify;" data-mce-style="margin: 0in; margin-bottom: .0001pt; text-align: justify;">Cycle 7 (January 2015): increasing sample size- all Paediatric Wards</p>
<p class="AbsPara" style="margin: 0in 0in 0.0001pt; text-align: justify;" data-mce-style="margin: 0in; margin-bottom: .0001pt; text-align: justify;">Cycle 8 (March 2015): Re-audit</p>
<h3 class="AbsHead" style="margin: 0in 0in 0.0001pt; text-align: justify;" data-mce-style="margin: 0in; margin-bottom: .0001pt; text-align: justify;">Study design</h3>
<p class="AbsPara" style="margin: 0in 0in 0.0001pt; text-align: justify;" data-mce-style="margin: 0in; margin-bottom: .0001pt; text-align: justify;">This project is designed as per the Plan-Do-Study-Act Cycle suggested by the Institute for Healthcare Improvement&apos;s Model for Improvement: small sample cycles were performed to identify the main prescribing problems, implement changes and test the effect of each intervention.</p>
<p class="AbsPara" style="margin: 0in 0in 0.0001pt; text-align: justify;" data-mce-style="margin: 0in; margin-bottom: .0001pt; text-align: justify;">When improvement has been maintained in the small sample cycle we plan to expand the study sample (December 2014) and demonstrate the overall impact and change (if any) in the Department.</p>
<p class="AbsPara" style="margin: 0in 0in 0.0001pt; text-align: justify;" data-mce-style="margin: 0in; margin-bottom: .0001pt; text-align: justify;">The goal is 100% BNFC general guidance compliant drug charts by the end of January 2015 for all medical paediatric patients.</p>
<p class="AbsPara" style="margin: 0in 0in 0.0001pt; text-align: justify;" data-mce-style="margin: 0in; margin-bottom: .0001pt; text-align: justify;">At the final stage of the project (January 2015) measures aiming to preserve the improvement overtime will be introduced and will be tested after the trainees rotate (March 2015).</p>
<h3 class="AbsHead" style="" data-mce-style="">Strategy for change</h3>
<p class="AbsPara" style="" data-mce-style="">Interventions were escalated and implemented as described. All staff were active participants at every stage and consequently were aware of planned interventions.</p>
<h3 class="AbsHead" style="" data-mce-style="">Measurement of improvement</h3>
<p class="AbsPara" style="" data-mce-style="">The percentage of BNFC general guidance compliant drug charts out of the total number of drug charts reviewed per cycle has been set as a quantitative outcome measure to compare results and quantify progress.</p>
<h3 class="AbsHead" style="" data-mce-style="">Effects of changes</h3>
<p class="AbsPara" style="" data-mce-style="">Fewer prescription errors and omissions were noted following the implementation of intervention with inferred improvement in patient care.</p>
<div class="absFigBlock">
<p class="AbsFigCaption" style="margin: 0in 0in 0.0001pt; text-align: justify;" data-mce-style="margin: 0in; margin-bottom: .0001pt; text-align: justify;">
<img id="Picture 11" src="" alt="{.}../Graphics/abs_G596_Figure1.tif" height="265" data-mce-src="RCPCH%20G551-G597_8_files/image010.jpg">
</p>
<p class="AbsFigCaption" style="" data-mce-style="">
<span class="label">Abstract G596 Figure 1</span>
</p>
</div>
<h3 class="AbsHead" style="" data-mce-style="">Lessons learnt</h3>
<p class="AbsPara" style="" data-mce-style="">Sustained team focus and escalating interventions tested in rapid cycles led to the desired outcome becoming achievable. Staff involvement early in the choice of intervention may have shortened the time to achievement of goal and reduced resistance.</p>
<h3 class="AbsHead" style="" data-mce-style="">Message for others</h3>
<p class="AbsPara" style="" data-mce-style="">A clinical improvement project with short, small sample PDSA cycles and early staff involvement leads to quicker and possibly more sustained benefit. Positive identification of individual good practice motivates improvement.</p>
</div> 