<?xml version="1.0" encoding="UTF-8"?><!DOCTYPE book PUBLIC "-//NLM//DTD BITS Book Interchange DTD v2.0 20151225//EN" "BITS-book2.dtd"><book xmlns:mml="http://www.w3.org/1998/Math/MathML" xmlns:xlink="http://www.w3.org/1999/xlink"><book-meta><book-id book-id-type="publisher-id">bsava</book-id><book-id book-id-type="doi">10.22233/9781913859008</book-id><subj-group subj-group-type="content-type"><subject>Proceedings</subject></subj-group><book-title-group><book-title>BSAVA Congress Proceedings 2021</book-title></book-title-group><pub-date><month>May</month><year>2021</year></pub-date><isbn content-type="epub">978-1-913859-00-8</isbn><publisher><publisher-name>British Small Animal Veterinary Association</publisher-name></publisher><edition>1st</edition><permissions><copyright-statement>© 2021 British Small Animal Veterinary Association</copyright-statement><copyright-year>2021</copyright-year><copyright-holder>British Small Animal Veterinary Association</copyright-holder></permissions><self-uri xlink:role="http://pub2web.metastore.ingenta.com/ns/coverImage" xlink:href="cover.gif"/><abstract><p>BSAVA is pleased to provide recordings of more than 170 lectures from its 2021 virtual Congress. Lectures consist of both ‘on-demand’ pre-recorded sessions and live-recorded sessions, which typically include two speakers presenting their viewpoints on the topic and followed by a recording of a live discussion or Q&amp;A. Many lectures have additional resources, available via the Podcasts tab, providing further reading or other information. Most lectures are suitable for the whole practice team. You can purchase access to the full 2021 lecture package via the ‘buy online access’ button above, or you can buy an individual lecture by clicking on an individual lecture and purchasing access. If you have a library pass you can use this to access lectures – go to a lecture and click on the ‘use pass’ button. BSAVA members receive a discount on all purchases. See our <ext-link ext-link-type="uri" xlink:href="https://pages/congressondemand">Congress On Demand information page</ext-link> for more details of purchasing options. Please note that lecture recordings are as supplied by our virtual event provider.</p></abstract><counts><book-page-count count="1">1</book-page-count></counts></book-meta><book-body><book-part book-part-type="chapter" specific-use="audio-video" id="Ch03"><book-part-meta><book-part-id book-part-id-type="doi">10.22233/9781913859008.1</book-part-id><subj-group subj-group-type="chapter-section"><subject>Oral presentations</subject></subj-group><subj-group subj-group-type="chapter-stream-name"><subject>Soft Tissue Surgery, Critical Care</subject></subj-group><subj-group subj-group-type="chapter-product-type"><subject>Congress Proceedings</subject></subj-group><subj-group subj-group-type="chapter-content-type"><subject>Clinical abstract</subject></subj-group><subj-group subj-group-type="chapter-index-type"><subject>Abstract</subject></subj-group><subj-group subj-group-type="topic-type"><subject>Soft tissue surgery; Emergency and critical care</subject></subj-group><subj-group subj-group-type="resource-type"><subject>undefined</subject></subj-group><subj-group subj-group-type="animal-type"><subject>undefined</subject></subj-group><title-group><title>Comparison of open and closed orchidectomy in dogs: a retrospective study; Comparison of open and closed orchidectomy in dogs: a prospective study; Frontal sinus depth at fourteen locations in domestic short haired and domestic long haired cats assessed by computed tomography; Preventative pneumopexy in the management of concurrent right cranial and middle lung lobe torsion following right caudal lung lobectomy in a dog; Impact of oesophageal feeding tube placement on outcome in dogs undergoing cholecystectomy for gall bladder mucocoele; Short and long-term outcomes of polyethylene band attenuation of congenital extrahepatic portosystemic shunts in dogs (2010-2020); Reconstruction of the rostral zygomatic arch using masseter fascia following inferior orbitectomy for the management of an oral squamous cell carcinoma; Split staphylectomy - a novel surgical technique to address the thickness of the soft palate in brachycephalic dogs; Subcutaneous vascular access port implantation in the axillary or femoral/external iliac vein at the time of full limb amputation for treatment of appendicular skeleton neoplasms; Successful management of a pharyngocutaneous fistula that developed following surgical repair of traumatic laryngeal avulsion in a dog; Assessment of hair cortisol concentration as a marker of chronic stress in dogs with congenital portosystemic shunts; The potential impact of an educational intervention tool on public perception of health problems in brachycephalic dog breeds; Factors associated with positive urine cultures in cats with subcutaneous ureteral bypass system (SUB) implantation; Use of the ‘functional evaluation of cardiac health’ (FETCH) questionnaire to determine quality of life before and after mitral valve repair surgery in dogs; The effect of syringe versus stylet collected blood during intravenous catheter placement on blood glucose, lactate, packed cell volume and total solids values in dogs; Comparison of sonographically-derived caudal vena cava parameters acquired in standing and lateral position in healthy awake cats – a pilot study; Medical and surgical management of suspected pancreatic abscessation in dogs: a retrospective study of 15 cases; The use of haemodialysis for the treatment of a life threatening phenobarbitone overdose.</title></title-group><contrib-group><contrib><name><surname>Valentina</surname><given-names>Brioschi</given-names></name><name><surname>Lucy</surname><given-names>Andrews</given-names></name><name><surname>Peter</surname><given-names>Fordyce</given-names></name><name><surname>Olivier</surname><given-names>Restif</given-names></name><name><surname>Jane</surname><given-names>Ladlow</given-names></name><name><surname>Edward</surname><given-names>Crystal</given-names></name><name><surname>Catherine</surname><given-names>Davidson</given-names></name><name><surname>Cristóbal López</surname><given-names>Jiménez</given-names></name><name><surname>Tiziana</surname><given-names>Liuti</given-names></name><name><surname>Kelly</surname><given-names>Blacklock</given-names></name><name><surname>Joshua</surname><given-names>Winter</given-names></name><name><surname>Lucy</surname><given-names>Barker</given-names></name><name><surname>Vicki</surname><given-names>Black</given-names></name><name><surname>Owen</surname><given-names>Glenn</given-names></name><name><surname>Andrew</surname><given-names>Tomlinson</given-names></name><name><surname>Rachel</surname><given-names>Burrow</given-names></name><name><surname>Tom</surname><given-names>Hernon</given-names></name><name><surname>David</surname><given-names>Donaldson</given-names></name><name><surname>Lee</surname><given-names>Meakin</given-names></name><name><surname>Gemma</surname><given-names>Holloway</given-names></name><name><surname>Joe</surname><given-names>Higgins</given-names></name><name><surname>Jan</surname><given-names>Beranek</given-names></name><name><surname>Diogo</surname><given-names>Miraldo</given-names></name><name><surname>Laurent</surname><given-names>Findji</given-names></name><name><surname>Matthew</surname><given-names>Simpson</given-names></name><name><surname>Daniel</surname><given-names>Brockman</given-names></name><name><surname>Alex</surname><given-names>Chan</given-names></name><name><surname>Michael</surname><given-names>Tivers</given-names></name><name><surname>Vicky</surname><given-names>Lipscomb</given-names></name><name><surname>Joelle</surname><given-names>Leiwy</given-names></name><name><surname>Emily</surname><given-names>Stacey</given-names></name><name><surname>Rob</surname><given-names>Fowkes</given-names></name><name><surname>Dan</surname><given-names>Kenny</given-names></name><name><surname>Rosie</surname><given-names>Freemantle</given-names></name><name><surname>Andrea</surname><given-names>Jeffery</given-names></name><name><surname>Mickey</surname><given-names>Tivers</given-names></name><name><surname>Rebecca</surname><given-names>Geddes</given-names></name><name><surname>Zoe</surname><given-names>Halfacree</given-names></name><name><surname>Catrina</surname><given-names>Pennington</given-names></name><name><surname>Poppy</surname><given-names>Bristow</given-names></name><name><surname>Anne</surname><given-names>Kurosawa</given-names></name><name><surname>Xavier</surname><given-names>Navarro-Cubas</given-names></name><name><surname>Alison</surname><given-names>Young</given-names></name><name><surname>Sarah</surname><given-names>Carey</given-names></name><name><surname>Dan</surname><given-names>Brockman</given-names></name><name><surname>Daniela</surname><given-names>Grigore</given-names></name><name><surname>Alisdair</surname><given-names>Boag</given-names></name><name><surname>Adam</surname><given-names>Gow</given-names></name><name><surname>Craig</surname><given-names>Breheny</given-names></name><name><surname>Tove</surname><given-names>Hultman</given-names></name><name><surname>Søren</surname><given-names>Boysen</given-names></name><name><surname>Rebecca</surname><given-names>Owen</given-names></name><name><surname>Ivayla</surname><given-names>Yozova</given-names></name><name><surname>Charles</surname><given-names>Talbot</given-names></name><name><surname>Ring</surname><given-names>Cheung</given-names></name><name><surname>Simon</surname><given-names>Cook</given-names></name><name><surname>Richard</surname><given-names>Trinder</given-names></name><name><surname>Stefano</surname><given-names>Cortellini</given-names></name><name><surname>Tom</surname><given-names>Greensmith</given-names></name><name><surname>Laura</surname><given-names>Cole</given-names></name></contrib></contrib-group><pub-date><year>2021</year></pub-date><elocation-id>e3</elocation-id><permissions><copyright-statement>© 2021 British Small Animal Veterinary Association</copyright-statement><copyright-year>2021</copyright-year><copyright-holder>British Small Animal Veterinary Association</copyright-holder></permissions><abstract><p>Oral presentations given during the BSAVA Abstract sessions 24-26 May 2021</p></abstract><custom-meta-group><custom-meta><meta-name>elocation-id</meta-name><meta-value>e1</meta-value></custom-meta></custom-meta-group></book-part-meta><back><sec><title/><supplementary-material xmlns:xlink="http://www.w3.org/1999/xlink" id="S1" xlink:title="local_file" xlink:href="BSAVA_Abstract_Sessions_2021_3_Soft-Tissue-Surgery_Mon_PM_Room_1.mp4" mimetype="application/video/mp4"><caption/></supplementary-material><supplementary-material id="S2" mimetype="application/pdf" xlink:href="undefined.pdf" position="float" xlink:type="simple"><object-id pub-id-type="file-size"/><caption><title>undefined</title></caption></supplementary-material></sec></back></book-part></book-body></book>