<?xml version="1.0" encoding="UTF-8"?><!DOCTYPE book PUBLIC "-//NLM//DTD BITS Book Interchange DTD v2.0 20151225//EN" "BITS-book2.dtd"><book xmlns:mml="http://www.w3.org/1998/Math/MathML" xmlns:xlink="http://www.w3.org/1999/xlink"><book-meta><book-id book-id-type="publisher-id">bsava</book-id><book-id book-id-type="doi">10.22233/9781913859008</book-id><subj-group subj-group-type="content-type"><subject>Proceedings</subject></subj-group><book-title-group><book-title>BSAVA Congress Proceedings 2021</book-title></book-title-group><pub-date><month>May</month><year>2021</year></pub-date><isbn content-type="epub">978-1-913859-00-8</isbn><publisher><publisher-name>British Small Animal Veterinary Association</publisher-name></publisher><edition>1st</edition><permissions><copyright-statement>© 2021 British Small Animal Veterinary Association</copyright-statement><copyright-year>2021</copyright-year><copyright-holder>British Small Animal Veterinary Association</copyright-holder></permissions><self-uri xlink:role="http://pub2web.metastore.ingenta.com/ns/coverImage" xlink:href="cover.gif"/><abstract><p>BSAVA is pleased to provide recordings of more than 170 lectures from its 2021 virtual Congress. Lectures consist of both ‘on-demand’ pre-recorded sessions and live-recorded sessions, which typically include two speakers presenting their viewpoints on the topic and followed by a recording of a live discussion or Q&amp;A. Many lectures have additional resources, available via the Podcasts tab, providing further reading or other information. Most lectures are suitable for the whole practice team. You can purchase access to the full 2021 lecture package via the ‘buy online access’ button above, or you can buy an individual lecture by clicking on an individual lecture and purchasing access. If you have a library pass you can use this to access lectures – go to a lecture and click on the ‘use pass’ button. BSAVA members receive a discount on all purchases. See our <ext-link ext-link-type="uri" xlink:href="https://pages/congressondemand">Congress On Demand information page</ext-link> for more details of purchasing options. Please note that lecture recordings are as supplied by our virtual event provider.</p></abstract><counts><book-page-count count="1">1</book-page-count></counts></book-meta><book-body><book-part book-part-type="chapter" specific-use="audio-video" id="Ch07"><book-part-meta><book-part-id book-part-id-type="doi">10.22233/9781913859008.1</book-part-id><subj-group subj-group-type="chapter-section"><subject>Oral presentations</subject></subj-group><subj-group subj-group-type="chapter-stream-name"><subject>Oncology</subject></subj-group><subj-group subj-group-type="chapter-product-type"><subject>Congress Proceedings</subject></subj-group><subj-group subj-group-type="chapter-content-type"><subject>Clinical abstract</subject></subj-group><subj-group subj-group-type="chapter-index-type"><subject>Abstract</subject></subj-group><subj-group subj-group-type="topic-type"><subject>Oncology</subject></subj-group><subj-group subj-group-type="resource-type"><subject>undefined</subject></subj-group><subj-group subj-group-type="animal-type"><subject>undefined</subject></subj-group><title-group><title>Does homeopathy extend survival time in dogs with osteosarcoma: preliminary findings; Retrospective analysis of the metastatic behaviour of anal sac adenocarcinomas in dogs; The toxicity profile of zoledronic acid in dogs - a single centre retrospective study; Lung lobe torsion secondary to pulmonary papillary carcinoma in a dog; Renal nephroblastoma in dogs: signalment, histologic features and outcome in 10 cases; Treatment of acute megakaryoblastic leukaemia and severe nonregenerative anaemia in a labrador retriever; A survey of malignant neoplasia in Spaniels; Investigation of the value of ultrasound appearance of the liver and spleen and subjective appraisal of the draining lymph node’s size as predictors of metastasis in the staging of mast cell tumours (MCT); Incidence and risk factors for feline mammary tumours in UK primary care practice; Incidence of urinary tract infection and its effect on outcome of dogs diagnosed with multicentric intermediate to high-grade lymphoma; Evaluation of C-reactive protein (CRP) as a prognostic marker in patients with histiocytic sarcoma; Diagnosis of large granular lymphocyte (LGL) lymphoma via aqueocentesis in domestic cats; Thymic epithelial tumours in 51 dogs: clinicopathologic and histopathologic findings.</title></title-group><contrib-group><contrib><name><surname>David</surname><given-names>Williams</given-names></name><name><surname>Geoff</surname><given-names>Johnson</given-names></name><name><surname>Frederik</surname><given-names>Allan</given-names></name><name><surname>Andrea</surname><given-names>Mosca</given-names></name><name><surname>Jane</surname><given-names>Dobson</given-names></name><name><surname>David</surname><given-names>Brewer</given-names></name><name><surname>Nicholas</surname><given-names>Bacon</given-names></name><name><surname>Michael</surname><given-names>Macfarlane</given-names></name><name><surname>Estela Ciriano</surname><given-names>Cerda</given-names></name><name><surname>Mary</surname><given-names>Marrington</given-names></name><name><surname>Jessica</surname><given-names>Grant</given-names></name><name><surname>Petros</surname><given-names>Frezoulis</given-names></name><name><surname>Aaron</surname><given-names>Harper</given-names></name><name><surname>Katherine</surname><given-names>Berman</given-names></name><name><surname>Jodie</surname><given-names>Green</given-names></name><name><surname>Irina</surname><given-names>Gramer</given-names></name><name><surname>Alexandra</surname><given-names>Guillen</given-names></name><name><surname>Tiago</surname><given-names>Henriques</given-names></name><name><surname>Mark</surname><given-names>Dunning</given-names></name><name><surname>Perrine</surname><given-names>Henry</given-names></name><name><surname>Jane</surname><given-names>Dobson</given-names></name><name><surname>Phoebe Pickard</surname><given-names>Price</given-names></name><name><surname>Anneliese</surname><given-names>Stell</given-names></name><name><surname>Dan</surname><given-names>O'Neil</given-names></name><name><surname>David B</surname><given-names>Church</given-names></name><name><surname>David</surname><given-names>Brodbelt</given-names></name><name><surname>Onne-Marju</surname><given-names>Russak</given-names></name><name><surname>Davide</surname><given-names>Berlato</given-names></name><name><surname>Mellora</surname><given-names>Sharman</given-names></name><name><surname>Sara</surname><given-names>Verganti</given-names></name><name><surname>Luca</surname><given-names>Schiavo</given-names></name><name><surname>Antonio</surname><given-names>Giuliano</given-names></name><name><surname>Tim</surname><given-names>Williams</given-names></name><name><surname>Isla</surname><given-names>Trewin</given-names></name><name><surname>Balazs</surname><given-names>Szladovits</given-names></name><name><surname>Alejandro</surname><given-names>Suarez-Bonnet</given-names></name><name><surname>Sarah</surname><given-names>Koll</given-names></name><name><surname>Sarah</surname><given-names>Stewart</given-names></name><name><surname>Andrew</surname><given-names>Yale</given-names></name><name><surname>Simon</surname><given-names>Priestnall</given-names></name><name><surname>Rachel</surname><given-names>Pittaway</given-names></name><name><surname>Angela</surname><given-names>Taylor</given-names></name><name><surname></surname><given-names></given-names></name></contrib></contrib-group><pub-date><year>2021</year></pub-date><elocation-id>e7</elocation-id><permissions><copyright-statement>© 2021 British Small Animal Veterinary Association</copyright-statement><copyright-year>2021</copyright-year><copyright-holder>British Small Animal Veterinary Association</copyright-holder></permissions><abstract><p>Oral presentations given during the BSAVA Abstract sessions 24-26 May 2021</p></abstract><custom-meta-group><custom-meta><meta-name>elocation-id</meta-name><meta-value>e1</meta-value></custom-meta></custom-meta-group></book-part-meta><back><sec><title/><supplementary-material xmlns:xlink="http://www.w3.org/1999/xlink" id="S1" xlink:title="local_file" xlink:href="BSAVA_Abstract_Sessions_2021_7_Oncology_Tues_PM_Room 1.mp4" mimetype="application/video/mp4"><caption/></supplementary-material><supplementary-material id="S2" mimetype="application/pdf" xlink:href="undefined.pdf" position="float" xlink:type="simple"><object-id pub-id-type="file-size"/><caption><title>undefined</title></caption></supplementary-material></sec></back></book-part></book-body></book>