<?xml version="1.0" encoding="UTF-8"?><!DOCTYPE book PUBLIC "-//NLM//DTD BITS Book Interchange DTD v2.0 20151225//EN" "BITS-book2.dtd"><book xmlns:mml="http://www.w3.org/1998/Math/MathML" xmlns:xlink="http://www.w3.org/1999/xlink"><book-meta><book-id book-id-type="publisher-id">bsava</book-id><book-id book-id-type="doi">10.22233/9781913859008</book-id><subj-group subj-group-type="content-type"><subject>Proceedings</subject></subj-group><book-title-group><book-title>BSAVA Congress Proceedings 2021</book-title></book-title-group><pub-date><month>May</month><year>2021</year></pub-date><isbn content-type="epub">978-1-913859-00-8</isbn><publisher><publisher-name>British Small Animal Veterinary Association</publisher-name></publisher><edition>1st</edition><permissions><copyright-statement>© 2021 British Small Animal Veterinary Association</copyright-statement><copyright-year>2021</copyright-year><copyright-holder>British Small Animal Veterinary Association</copyright-holder></permissions><self-uri xlink:role="http://pub2web.metastore.ingenta.com/ns/coverImage" xlink:href="cover.gif"/><abstract><p>BSAVA is pleased to provide recordings of more than 170 lectures from its 2021 virtual Congress. Lectures consist of both ‘on-demand’ pre-recorded sessions and live-recorded sessions, which typically include two speakers presenting their viewpoints on the topic and followed by a recording of a live discussion or Q&amp;A. Many lectures have additional resources, available via the Podcasts tab, providing further reading or other information. Most lectures are suitable for the whole practice team. You can purchase access to the full 2021 lecture package via the ‘buy online access’ button above, or you can buy an individual lecture by clicking on an individual lecture and purchasing access. If you have a library pass you can use this to access lectures – go to a lecture and click on the ‘use pass’ button. BSAVA members receive a discount on all purchases. See our <ext-link ext-link-type="uri" xlink:href="https://pages/congressondemand">Congress On Demand information page</ext-link> for more details of purchasing options. Please note that lecture recordings are as supplied by our virtual event provider.</p></abstract><counts><book-page-count count="1">1</book-page-count></counts></book-meta><book-body><book-part book-part-type="chapter" specific-use="audio-video" id="Ch01"><book-part-meta><book-part-id book-part-id-type="doi">10.22233/9781913859008.1</book-part-id><subj-group subj-group-type="chapter-section"><subject>Oral presentations</subject></subj-group><subj-group subj-group-type="chapter-stream-name"><subject>Orthopaedics</subject></subj-group><subj-group subj-group-type="chapter-product-type"><subject>Congress Proceedings</subject></subj-group><subj-group subj-group-type="chapter-content-type"><subject>Clinical abstract</subject></subj-group><subj-group subj-group-type="chapter-index-type"><subject>Abstract</subject></subj-group><subj-group subj-group-type="topic-type"><subject>Orthopaedics</subject></subj-group><subj-group subj-group-type="resource-type"><subject>undefined</subject></subj-group><subj-group subj-group-type="animal-type"><subject>undefined</subject></subj-group><title-group><title>Quantification of bone mineral density on computed tomography (CT) of the humeral condyle in Labradors with medial coronoid process disease; Computed tomographic evaluation of the non-lame French Bulldog elbow; Locking compression plate fixation of feline acetabular fractures: application, complications and long-term; A survey of orthopaedic conditions in small animal veterinary referral practice in the UK;   Mechanical behaviour of the Robert-Jones Bandage under axial compression; Correlation between the insertion side of a transcondylar screw for the surgical management of humeral intracondylar fissures in dogs and the incidence of postoperative surgical site infection; Pancarpal arthrodesis and antebrachial deformity correction using 3d printed osteotomy and reduction guides and a customized titanium plate in a Toy Breed dog.</title></title-group><contrib-group><contrib><name><surname>Diana</surname><given-names>Soares</given-names></name><name><surname>Matthew J</surname><given-names>Allen</given-names></name><name><surname>Neil J</surname><given-names>Burton</given-names></name><name><surname>Stephanie</surname><given-names>Mella</given-names></name><name><surname>Richard</surname><given-names>Meeson</given-names></name><name><surname>Helen</surname><given-names>Dirrig</given-names></name><name><surname>Maider</surname><given-names>Murugarren</given-names></name><name><surname>Francesco</surname><given-names>Piana</given-names></name><name><surname>Miguel</surname><given-names>Solano</given-names></name><name><surname>William</surname><given-names>Phipps</given-names></name><name><surname>Megan</surname><given-names>Richard</given-names></name><name><surname>Javier</surname><given-names>Rincon</given-names></name><name><surname>Josep</surname><given-names>Aisa</given-names></name><name><surname>Andrew</surname><given-names>Tomlinson</given-names></name><name><surname>Felipe de</surname><given-names>Vicente</given-names></name><name><surname>Pierre</surname><given-names>Picavet</given-names></name><name><surname>Marc</surname><given-names>Balligand</given-names></name><name><surname>Stéphanie</surname><given-names>Claeys</given-names></name><name><surname>Maria</surname><given-names>Potamopoulou</given-names></name><name><surname>Gordon</surname><given-names>Brown</given-names></name><name><surname>Richard</surname><given-names>Whitelock</given-names></name><name><surname>Alba Rial</surname><given-names>García</given-names></name><name><surname>Patrick</surname><given-names>Ridge</given-names></name></contrib></contrib-group><pub-date><year>2021</year></pub-date><elocation-id>e1</elocation-id><permissions><copyright-statement>© 2021 British Small Animal Veterinary Association</copyright-statement><copyright-year>2021</copyright-year><copyright-holder>British Small Animal Veterinary Association</copyright-holder></permissions><abstract><p>Oral presentations given during the BSAVA Abstract sessions 24-26 May 2021</p></abstract><custom-meta-group><custom-meta><meta-name>elocation-id</meta-name><meta-value>e1</meta-value></custom-meta></custom-meta-group></book-part-meta><back><sec><title/><supplementary-material xmlns:xlink="http://www.w3.org/1999/xlink" id="S1" xlink:title="local_file" xlink:href="BSAVA_Abstract_Sessions_2021_1_Orthopaedics_Monday_AM_Room_1.mp4" mimetype="application/video/mp4"><caption/></supplementary-material><supplementary-material id="S2" mimetype="application/pdf" xlink:href="undefined.pdf" position="float" xlink:type="simple"><object-id pub-id-type="file-size"/><caption><title>undefined</title></caption></supplementary-material></sec></back></book-part></book-body></book>