<?xml version="1.0" encoding="UTF-8"?><!DOCTYPE book PUBLIC "-//NLM//DTD BITS Book Interchange DTD v2.0 20151225//EN" "BITS-book2.dtd"><book xmlns:mml="http://www.w3.org/1998/Math/MathML" xmlns:xlink="http://www.w3.org/1999/xlink"><book-meta><book-id book-id-type="publisher-id">bsava</book-id><book-id book-id-type="doi">10.22233/9781913859008</book-id><subj-group subj-group-type="content-type"><subject>Proceedings</subject></subj-group><book-title-group><book-title>BSAVA Congress Proceedings 2021</book-title></book-title-group><pub-date><month>May</month><year>2021</year></pub-date><isbn content-type="epub">978-1-913859-00-8</isbn><publisher><publisher-name>British Small Animal Veterinary Association</publisher-name></publisher><edition>1st</edition><permissions><copyright-statement>© 2021 British Small Animal Veterinary Association</copyright-statement><copyright-year>2021</copyright-year><copyright-holder>British Small Animal Veterinary Association</copyright-holder></permissions><self-uri xlink:role="http://pub2web.metastore.ingenta.com/ns/coverImage" xlink:href="cover.gif"/><abstract><p>BSAVA is pleased to provide recordings of more than 170 lectures from its 2021 virtual Congress. Lectures consist of both ‘on-demand’ pre-recorded sessions and live-recorded sessions, which typically include two speakers presenting their viewpoints on the topic and followed by a recording of a live discussion or Q&amp;A. Many lectures have additional resources, available via the Podcasts tab, providing further reading or other information. Most lectures are suitable for the whole practice team. You can purchase access to the full 2021 lecture package via the ‘buy online access’ button above, or you can buy an individual lecture by clicking on an individual lecture and purchasing access. If you have a library pass you can use this to access lectures – go to a lecture and click on the ‘use pass’ button. BSAVA members receive a discount on all purchases. See our <ext-link ext-link-type="uri" xlink:href="https://pages/congressondemand">Congress On Demand information page</ext-link> for more details of purchasing options. Please note that lecture recordings are as supplied by our virtual event provider.</p></abstract><counts><book-page-count count="1">1</book-page-count></counts></book-meta><book-body><book-part book-part-type="chapter" specific-use="audio-video" id="Ch04"><book-part-meta><book-part-id book-part-id-type="doi">10.22233/9781913859008.1</book-part-id><subj-group subj-group-type="chapter-section"><subject>Oral presentations</subject></subj-group><subj-group subj-group-type="chapter-stream-name"><subject>Primary Practice and the Profession, PetSavers Student Grants</subject></subj-group><subj-group subj-group-type="chapter-product-type"><subject>Congress Proceedings</subject></subj-group><subj-group subj-group-type="chapter-content-type"><subject>Clinical abstract</subject></subj-group><subj-group subj-group-type="chapter-index-type"><subject>Abstract</subject></subj-group><subj-group subj-group-type="topic-type"><subject>undefined</subject></subj-group><subj-group subj-group-type="resource-type"><subject>undefined</subject></subj-group><subj-group subj-group-type="animal-type"><subject>undefined</subject></subj-group><title-group><title>Field efficacy and safety of a novel oral chewable tablet containing sarolaner, moxidectin, and pyrantel against naturally acquired gastrointestinal nematode infections in dogs presented as veterinary patients in Europe; Raw diets safe and nutritious? UK dog owner perspectives on raw diets compared to cooked diets; Evaluation of a point-of-care dot enzyme-linked immunosorbent assay to detect antibodies against canine parvovirus, distemper virus and adenovirus before revaccination; Cooling methods used in dogs with heat-related illness under UK primary veterinary care during 2016-2018; Vetcompass clinical grading tool for heat-related illness in dogs – a novel tool to support clinical decisionmaking in primary-care practice; The scoop on puppies that eat their own poop: is autocoprophagia retained as puppies age?; What makes dogs tick? Risk factors and clinical management of tick infestations in UK dogs; Concerns and experiences of accessing veterinary care during the COVID-19 pandemic: a mixed-methods analysis of dog owners’ responses; Euthanasia in dogs in the UK; what drives decision making?; Owner strategies for vaccination and revaccination in pedigree and non-pedigree dogs; Characterising first-line empirical treatment for coughing - a retrospective evaluation of 83 dogs; Vulval conformation in the entire bitch and the effects of pre and post-pubertal neutering on vulva development and urogenital disease; Journal advertising: what does it tell us?; Surgical safety checklists in veterinary practice: current implementation within UK practices and attitudes towards their use; Prevalence of alimentary and respiratory disease in brachycephalic dog breeds presenting to primary care practice; Retrospective study of feline lymphoma: distribution, clinical signs, nervous system involvement and diagnostic testing (2013-2019); Radiographic assessment and observer reliability in cases of implant loosening following canine total hip replacement (THR).</title></title-group><contrib-group><contrib><name><surname>Csilla</surname><given-names>Becskei</given-names></name><name><surname>Daphne</surname><given-names>Fias</given-names></name><name><surname>Sean P.</surname><given-names>Mahabir</given-names></name><name><surname>Robert</surname><given-names>Farkas</given-names></name><name><surname>Alysia</surname><given-names>Empert-Gallegos</given-names></name><name><surname>Sarah</surname><given-names>Hill</given-names></name><name><surname>Philippa S</surname><given-names>Yam</given-names></name><name><surname>Ditte Erika Leth</surname><given-names>Vasby</given-names></name><name><surname>Line</surname><given-names>Kristensen</given-names></name><name><surname>Agnethe</surname><given-names>Wallin</given-names></name><name><surname>Jo Fjeldsted-Holm</surname><given-names>Lundsgaard</given-names></name><name><surname>Tina Møller</surname><given-names>Sørensen</given-names></name><name><surname>Emily</surname><given-names>Hall</given-names></name><name><surname>Anne</surname><given-names>Carter</given-names></name><name><surname>Jude</surname><given-names>Bradbury</given-names></name><name><surname>Dominic</surname><given-names>Barfield</given-names></name><name><surname>Dan</surname><given-names>O'Neill</given-names></name><name><surname>Rachel</surname><given-names>Kinsman</given-names></name><name><surname>Rachel</surname><given-names>Casey</given-names></name><name><surname>Toby</surname><given-names>Knowles</given-names></name><name><surname>Séverine</surname><given-names>Tasker</given-names></name><name><surname>Joshua</surname><given-names>Woodward</given-names></name><name><surname>Rosa Da</surname><given-names>Costa</given-names></name><name><surname>Sara</surname><given-names>Owczarczak-Garstecka</given-names></name><name><surname>Jane</surname><given-names>Murray</given-names></name><name><surname>Rinrada</surname><given-names>Komutrattananon</given-names></name><name><surname>Ashley</surname><given-names>Hartley</given-names></name><name><surname>Katrina E</surname><given-names>Holland</given-names></name><name><surname>Katharine L.</surname><given-names>Anderson</given-names></name><name><surname>Rachel A.</surname><given-names>Casey</given-names></name><name><surname>Robert M.</surname><given-names>Christley</given-names></name><name><surname>Lauren</surname><given-names>Harris</given-names></name><name><surname>Kirsten M.</surname><given-names>McMillan</given-names></name><name><surname>Rebecca</surname><given-names>Mead</given-names></name><name><surname>Jane K.</surname><given-names>Murray</given-names></name><name><surname>Lauren</surname><given-names>Samet</given-names></name><name><surname>Melissa M.</surname><given-names>Upjohn</given-names></name><name><surname>Camilla</surname><given-names>Pegram</given-names></name><name><surname>Carol</surname><given-names>Gray</given-names></name><name><surname>Rowena</surname><given-names>Packer</given-names></name><name><surname>Ysabelle</surname><given-names>Richards</given-names></name><name><surname>Dave</surname><given-names>Brodbelt</given-names></name><name><surname>David</surname><given-names>Church</given-names></name><name><surname>Megan</surname><given-names>Robson</given-names></name><name><surname>Mark</surname><given-names>Dunning</given-names></name><name><surname>Joshua</surname><given-names>Hardwick</given-names></name><name><surname>Jennifer</surname><given-names>Reeve</given-names></name><name><surname>Jasmine</surname><given-names>Godfrey-Hunt</given-names></name><name><surname>Caitlin</surname><given-names>Pagett</given-names></name><name><surname>Rachel</surname><given-names>Moxon</given-names></name><name><surname>Gary</surname><given-names>England</given-names></name><name><surname>Natasha</surname><given-names>Basham</given-names></name><name><surname>Simran</surname><given-names>Floyd</given-names></name><name><surname>Lisa</surname><given-names>Morrow</given-names></name><name><surname>Rachel</surname><given-names>Dean</given-names></name><name><surname>Marnie</surname><given-names>Brennan</given-names></name><name><surname>Jessica</surname><given-names>Hill</given-names></name><name><surname>Gemma</surname><given-names>Irwin-Porter</given-names></name><name><surname>Louise</surname><given-names>Buckley</given-names></name><name><surname>Will</surname><given-names>Petchell</given-names></name><name><surname>Rachel</surname><given-names>Burrow</given-names></name><name><surname>Peter-John</surname><given-names>Noble</given-names></name><name><surname>Harriet</surname><given-names>Broome</given-names></name><name><surname>Marisol</surname><given-names>Collins</given-names></name><name><surname>Alexander M.</surname><given-names>Davies</given-names></name><name><surname>Elsa</surname><given-names>Beltran</given-names></name><name><surname>Irina</surname><given-names>Gramer</given-names></name><name><surname>Samuel</surname><given-names>Pearce</given-names></name><name><surname>Eithne</surname><given-names>Comerford</given-names></name><name><surname>Sumaya</surname><given-names>Allaith</given-names></name><name><surname>Sorrel</surname><given-names>Langley-Hobbs</given-names></name></contrib></contrib-group><pub-date><year>2021</year></pub-date><elocation-id>e4</elocation-id><permissions><copyright-statement>© 2021 British Small Animal Veterinary Association</copyright-statement><copyright-year>2021</copyright-year><copyright-holder>British Small Animal Veterinary Association</copyright-holder></permissions><abstract><p>Oral presentations given during the BSAVA Abstract sessions 24-26 May 2021</p></abstract><custom-meta-group><custom-meta><meta-name>elocation-id</meta-name><meta-value>e1</meta-value></custom-meta></custom-meta-group></book-part-meta><back><sec><title/><supplementary-material xmlns:xlink="http://www.w3.org/1999/xlink" id="S1" xlink:title="local_file" xlink:href="BSAVA_Abstract_Sessions_2021_4_Primary-Practice-and-PetSavers_Mon_PM_Room_2.mp4" mimetype="application/video/mp4"><caption/></supplementary-material><supplementary-material id="S2" mimetype="application/pdf" xlink:href="undefined.pdf" position="float" xlink:type="simple"><object-id pub-id-type="file-size"/><caption><title>undefined</title></caption></supplementary-material></sec></back></book-part></book-body></book>