<?xml version="1.0" encoding="UTF-8"?><!DOCTYPE book PUBLIC "-//NLM//DTD BITS Book Interchange DTD v2.0 20151225//EN" "BITS-book2.dtd"><book xmlns:mml="http://www.w3.org/1998/Math/MathML" xmlns:xlink="http://www.w3.org/1999/xlink"><book-meta><book-id book-id-type="publisher-id">bsava</book-id><book-id book-id-type="doi">10.22233/9781913859008</book-id><subj-group subj-group-type="content-type"><subject>Proceedings</subject></subj-group><book-title-group><book-title>BSAVA Congress Proceedings 2021</book-title></book-title-group><pub-date><month>May</month><year>2021</year></pub-date><isbn content-type="epub">978-1-913859-00-8</isbn><publisher><publisher-name>British Small Animal Veterinary Association</publisher-name></publisher><edition>1st</edition><permissions><copyright-statement>© 2021 British Small Animal Veterinary Association</copyright-statement><copyright-year>2021</copyright-year><copyright-holder>British Small Animal Veterinary Association</copyright-holder></permissions><self-uri xlink:role="http://pub2web.metastore.ingenta.com/ns/coverImage" xlink:href="cover.gif"/><abstract><p>BSAVA is pleased to provide recordings of more than 170 lectures from its 2021 virtual Congress. Lectures consist of both ‘on-demand’ pre-recorded sessions and live-recorded sessions, which typically include two speakers presenting their viewpoints on the topic and followed by a recording of a live discussion or Q&amp;A. Many lectures have additional resources, available via the Podcasts tab, providing further reading or other information. Most lectures are suitable for the whole practice team. You can purchase access to the full 2021 lecture package via the ‘buy online access’ button above, or you can buy an individual lecture by clicking on an individual lecture and purchasing access. If you have a library pass you can use this to access lectures – go to a lecture and click on the ‘use pass’ button. BSAVA members receive a discount on all purchases. See our <ext-link ext-link-type="uri" xlink:href="https://pages/congressondemand">Congress On Demand information page</ext-link> for more details of purchasing options. Please note that lecture recordings are as supplied by our virtual event provider.</p></abstract><counts><book-page-count count="1">1</book-page-count></counts></book-meta><book-body><book-part book-part-type="chapter" specific-use="audio-video" id="Ch09"><book-part-meta><book-part-id book-part-id-type="doi">10.22233/9781913859008.1</book-part-id><subj-group subj-group-type="chapter-section"><subject>Oral presentations</subject></subj-group><subj-group subj-group-type="chapter-stream-name"><subject>PetSavers Grants, Exotics, Feline General Practice</subject></subj-group><subj-group subj-group-type="chapter-product-type"><subject>Congress Proceedings</subject></subj-group><subj-group subj-group-type="chapter-content-type"><subject>Clinical abstract</subject></subj-group><subj-group subj-group-type="chapter-index-type"><subject>Abstract</subject></subj-group><subj-group subj-group-type="topic-type"><subject>Exotic pets</subject></subj-group><subj-group subj-group-type="resource-type"><subject>undefined</subject></subj-group><subj-group subj-group-type="animal-type"><subject>Cat</subject></subj-group><title-group><title>Beta cell loss of function precedes islet loss in diabetic cats; Effect of time and storage conditions on the stability of total serum thyroxine in feline blood; Successful treatment of immune-mediated haemolytic anaemia (IMHA) in a pet rabbit; Prednisolone therapy in the management of a focal epitheliotropic lymphoma skin lesion in a guinea pig (Cavia Porcellus); Veterinary health information on hamsters for clinicians: a vetcompass perspective; Feline infectious peritonitis: how do wet and dry patients differ?; Is there a stress component to gastrointestinal disease in cats? A look at the behavioural and environmental risk factors; Bicavitary effusion in cats: retrospective analysis of signalment, clinical investigations, diagnosis and outcome; Investigating the association between feline morbillivirus infection and feline lower urinary tract disease (FLUTD) in cats; Signs and alleviation of travel anxiety in cats – a survey among cat owners; Pet owners’ willingness to pay for therapy outcomes in feline pain associated with osteoarthritis.</title></title-group><contrib-group><contrib><name><surname>Valeria</surname><given-names>Bergomi</given-names></name><name><surname>Samuel</surname><given-names>Beck</given-names></name><name><surname>Melanie</surname><given-names>Dobromylskyj</given-names></name><name><surname>Lucy</surname><given-names>Davison</given-names></name><name><surname>John</surname><given-names>Wills</given-names></name><name><surname>Kate</surname><given-names>Hughes</given-names></name><name><surname>Rory</surname><given-names>Scrace</given-names></name><name><surname>Melanie</surname><given-names>Hezzell</given-names></name><name><surname>Nicholas</surname><given-names>Bexfield</given-names></name><name><surname>Sarah</surname><given-names>Brown</given-names></name><name><surname>Kristina</surname><given-names>Hunter</given-names></name><name><surname>Kate Kim, Vicki</surname><given-names>Baldrey</given-names></name><name><surname>Camilla</surname><given-names>Pegram</given-names></name><name><surname>David B.</surname><given-names>Church</given-names></name><name><surname>David C.</surname><given-names>Brodbelt</given-names></name><name><surname>Dan G.</surname><given-names>O'Neill</given-names></name><name><surname>Toby D.</surname><given-names>Collen</given-names></name><name><surname>Rebecca F.</surname><given-names>Geddes</given-names></name><name><surname>Anna</surname><given-names>Garvey</given-names></name><name><surname>Aarti</surname><given-names>Kathrani</given-names></name><name><surname>Jess</surname><given-names>Williams</given-names></name><name><surname>Edward</surname><given-names>Hall</given-names></name><name><surname>Emily</surname><given-names>Blackwell</given-names></name><name><surname>Christopher</surname><given-names>Hoey</given-names></name><name><surname>Vicki</surname><given-names>Black</given-names></name><name><surname>Nicholas</surname><given-names>Hope</given-names></name><name><surname>Tim</surname><given-names>Williams</given-names></name><name><surname>Terttu</surname><given-names>Lamminen</given-names></name><name><surname>John</surname><given-names>Aspegrén</given-names></name><name><surname>Louise</surname><given-names>Longstaff</given-names></name><name><surname>David</surname><given-names>Bartram</given-names></name><name><surname>Edwina</surname><given-names>Gildea</given-names></name><name><surname>Andrea</surname><given-names>Wright</given-names></name><name><surname>Danielle</surname><given-names>Riley</given-names></name><name><surname>Nirav</surname><given-names>Nagda</given-names></name><name><surname>Kristina</surname><given-names>DiPietrantonio</given-names></name><name><surname>Ashley</surname><given-names>Enstone</given-names></name><name><surname>Robin</surname><given-names>Wyn</given-names></name><name><surname></surname><given-names></given-names></name></contrib></contrib-group><pub-date><year>2021</year></pub-date><elocation-id>e9</elocation-id><permissions><copyright-statement>© 2021 British Small Animal Veterinary Association</copyright-statement><copyright-year>2021</copyright-year><copyright-holder>British Small Animal Veterinary Association</copyright-holder></permissions><abstract><p>Oral presentations given during the BSAVA Abstract sessions 24-26 May 2021</p></abstract><custom-meta-group><custom-meta><meta-name>elocation-id</meta-name><meta-value>e1</meta-value></custom-meta></custom-meta-group></book-part-meta><back><sec><title/><supplementary-material xmlns:xlink="http://www.w3.org/1999/xlink" id="S1" xlink:title="local_file" xlink:href="BSAVA_Abstract_Sessions_2021_9_Feline-GP-and-PetSavers_Weds_AM_Room_1.mp4" mimetype="application/video/mp4"><caption/></supplementary-material><supplementary-material id="S2" mimetype="application/pdf" xlink:href="undefined.pdf" position="float" xlink:type="simple"><object-id pub-id-type="file-size"/><caption><title>undefined</title></caption></supplementary-material></sec></back></book-part></book-body></book>