<?xml version="1.0" encoding="UTF-8"?><!DOCTYPE book PUBLIC "-//NLM//DTD BITS Book Interchange DTD v2.0 20151225//EN" "BITS-book2.dtd"><book xmlns:mml="http://www.w3.org/1998/Math/MathML" xmlns:xlink="http://www.w3.org/1999/xlink"><book-meta><book-id book-id-type="publisher-id">bsava</book-id><book-id book-id-type="doi">10.22233/9781913859008</book-id><subj-group subj-group-type="content-type"><subject>Proceedings</subject></subj-group><book-title-group><book-title>BSAVA Congress Proceedings 2021</book-title></book-title-group><pub-date><month>May</month><year>2021</year></pub-date><isbn content-type="epub">978-1-913859-00-8</isbn><publisher><publisher-name>British Small Animal Veterinary Association</publisher-name></publisher><edition>1st</edition><permissions><copyright-statement>© 2021 British Small Animal Veterinary Association</copyright-statement><copyright-year>2021</copyright-year><copyright-holder>British Small Animal Veterinary Association</copyright-holder></permissions><self-uri xlink:role="http://pub2web.metastore.ingenta.com/ns/coverImage" xlink:href="cover.gif"/><abstract><p>BSAVA is pleased to provide recordings of more than 170 lectures from its 2021 virtual Congress. Lectures consist of both ‘on-demand’ pre-recorded sessions and live-recorded sessions, which typically include two speakers presenting their viewpoints on the topic and followed by a recording of a live discussion or Q&amp;A. Many lectures have additional resources, available via the Podcasts tab, providing further reading or other information. Most lectures are suitable for the whole practice team. You can purchase access to the full 2021 lecture package via the ‘buy online access’ button above, or you can buy an individual lecture by clicking on an individual lecture and purchasing access. If you have a library pass you can use this to access lectures – go to a lecture and click on the ‘use pass’ button. BSAVA members receive a discount on all purchases. See our <ext-link ext-link-type="uri" xlink:href="https://pages/congressondemand">Congress On Demand information page</ext-link> for more details of purchasing options. Please note that lecture recordings are as supplied by our virtual event provider.</p></abstract><counts><book-page-count count="1">1</book-page-count></counts></book-meta><book-body><book-part book-part-type="chapter" specific-use="audio-video" id="Ch06"><book-part-meta><book-part-id book-part-id-type="doi">10.22233/9781913859008.1</book-part-id><subj-group subj-group-type="chapter-section"><subject>Oral presentations</subject></subj-group><subj-group subj-group-type="chapter-stream-name"><subject>Internal Medicine</subject></subj-group><subj-group subj-group-type="chapter-product-type"><subject>Congress Proceedings</subject></subj-group><subj-group subj-group-type="chapter-content-type"><subject>Clinical abstract</subject></subj-group><subj-group subj-group-type="chapter-index-type"><subject>Abstract</subject></subj-group><subj-group subj-group-type="topic-type"><subject>Internal medicine</subject></subj-group><subj-group subj-group-type="resource-type"><subject>undefined</subject></subj-group><subj-group subj-group-type="animal-type"><subject>undefined</subject></subj-group><title-group><title>Retrospective analysis of the clinical features and outcome in 38 dogs with cholelithiasis on abdominal ultrasound; A retrospective study assessing ultrasonographic progression of canine biliary sludge (BS) over time; Cutaneous and renal glomerular vasculopathy cases in emergency veterinary practices in the UK; Anaplasma phagocytophilum in domestic cats from Germany, Austria and Switzerland and clinical/ laboratory abnormalities in 17 Pcr-positive tested cats (2008-2020); The efficacy of potassium chloride in decreasing calcium oxalate relative supersaturation in dogs and cats; The effect of increasing levels of potassium chloride on urine specific gravity, urine volume, and relative supersaturation in dogs and cats; The fluoroscopic appearance of the canine prostatic artery; The relationship between age, urine dipstick and sediment examination findings on the presence of proteinuria in dogs with positive urine cultures; Long-term outcome of cystoscopic-guided laser ablation of intramural ectopic ureters in female dogs and effect of post procedural neutering on urinary continence: a single center experience; Agreement between voided urine samples and cystocentesis samples for urine protein-to-creatinine ratio (UPC) determination in cats; Congenital urethral sphincter mechanism incompetence in 11 bitches: a retrospective preliminary study.</title></title-group><contrib-group><contrib><name><surname>Frederik</surname><given-names>Allan</given-names></name><name><surname>Penny</surname><given-names>Watson</given-names></name><name><surname>Katie</surname><given-names>McCallum</given-names></name><name><surname>Thomas</surname><given-names>Butler</given-names></name><name><surname>Nick</surname><given-names>Bexfield</given-names></name><name><surname>Mariana</surname><given-names>Abreu</given-names></name><name><surname>Rodolfo Oliveira</surname><given-names>Leal</given-names></name><name><surname>Sarah Ann</surname><given-names>Ambler</given-names></name><name><surname>Ingo</surname><given-names>Schäfer</given-names></name><name><surname>Barbara</surname><given-names>Kohn</given-names></name><name><surname>Elisabeth</surname><given-names>Müller</given-names></name><name><surname>Esther</surname><given-names>Bijsmans</given-names></name><name><surname>Yann</surname><given-names>Quéau</given-names></name><name><surname>Vincent</surname><given-names>Biourge</given-names></name><name><surname>Kieran</surname><given-names>Brown</given-names></name><name><surname>Gerard</surname><given-names>McLauchlan</given-names></name><name><surname>Jen</surname><given-names>O'Keefe</given-names></name><name><surname>Sharyn</surname><given-names>Bray</given-names></name><name><surname>Alex</surname><given-names>Horton</given-names></name><name><surname>Emily</surname><given-names>Fulton</given-names></name><name><surname>William</surname><given-names>Weir</given-names></name><name><surname>Tim</surname><given-names>Parkin</given-names></name><name><surname>Alix</surname><given-names>McBrearty</given-names></name><name><surname>Christopher</surname><given-names>Hoey</given-names></name><name><surname>Ed</surname><given-names>Friend</given-names></name><name><surname>Lee</surname><given-names>Meakin</given-names></name><name><surname>Guillaume</surname><given-names>Chanoit</given-names></name><name><surname>Josh</surname><given-names>Kennils</given-names></name><name><surname>Christina</surname><given-names>Maunder</given-names></name><name><surname>Marta</surname><given-names>Costa</given-names></name><name><surname>Charles</surname><given-names>Porsmoguer</given-names></name><name><surname>Annick</surname><given-names>Hamaide</given-names></name><name><surname>Stéphanie</surname><given-names>Noël</given-names></name></contrib></contrib-group><pub-date><year>2021</year></pub-date><elocation-id>e6</elocation-id><permissions><copyright-statement>© 2021 British Small Animal Veterinary Association</copyright-statement><copyright-year>2021</copyright-year><copyright-holder>British Small Animal Veterinary Association</copyright-holder></permissions><abstract><p>Oral presentations given during the BSAVA Abstract sessions 24-26 May 2021</p></abstract><custom-meta-group><custom-meta><meta-name>elocation-id</meta-name><meta-value>e1</meta-value></custom-meta></custom-meta-group></book-part-meta><back><sec><title/><supplementary-material xmlns:xlink="http://www.w3.org/1999/xlink" id="S1" xlink:title="local_file" xlink:href="BSAVA_Abstract_Sessions_2021_6_Internal-Medicine_Tues_AM_Room_2.mp4" mimetype="application/video/mp4"><caption/></supplementary-material><supplementary-material id="S2" mimetype="application/pdf" xlink:href="undefined.pdf" position="float" xlink:type="simple"><object-id pub-id-type="file-size"/><caption><title>undefined</title></caption></supplementary-material></sec></back></book-part></book-body></book>