<?xml version="1.0" encoding="UTF-8"?><!DOCTYPE book PUBLIC "-//NLM//DTD BITS Book Interchange DTD v2.0 20151225//EN" "BITS-book2.dtd"><book xmlns:mml="http://www.w3.org/1998/Math/MathML" xmlns:xlink="http://www.w3.org/1999/xlink"><book-meta><book-id book-id-type="publisher-id">bsava</book-id><book-id book-id-type="doi">10.22233/9781913859008</book-id><subj-group subj-group-type="content-type"><subject>Proceedings</subject></subj-group><book-title-group><book-title>BSAVA Congress Proceedings 2021</book-title></book-title-group><pub-date><month>May</month><year>2021</year></pub-date><isbn content-type="epub">978-1-913859-00-8</isbn><publisher><publisher-name>British Small Animal Veterinary Association</publisher-name></publisher><edition>1st</edition><permissions><copyright-statement>© 2021 British Small Animal Veterinary Association</copyright-statement><copyright-year>2021</copyright-year><copyright-holder>British Small Animal Veterinary Association</copyright-holder></permissions><self-uri xlink:role="http://pub2web.metastore.ingenta.com/ns/coverImage" xlink:href="cover.gif"/><abstract><p>BSAVA is pleased to provide recordings of more than 170 lectures from its 2021 virtual Congress. Lectures consist of both ‘on-demand’ pre-recorded sessions and live-recorded sessions, which typically include two speakers presenting their viewpoints on the topic and followed by a recording of a live discussion or Q&amp;A. Many lectures have additional resources, available via the Podcasts tab, providing further reading or other information. Most lectures are suitable for the whole practice team. You can purchase access to the full 2021 lecture package via the ‘buy online access’ button above, or you can buy an individual lecture by clicking on an individual lecture and purchasing access. If you have a library pass you can use this to access lectures – go to a lecture and click on the ‘use pass’ button. BSAVA members receive a discount on all purchases. See our <ext-link ext-link-type="uri" xlink:href="https://pages/congressondemand">Congress On Demand information page</ext-link> for more details of purchasing options. Please note that lecture recordings are as supplied by our virtual event provider.</p></abstract><counts><book-page-count count="1">1</book-page-count></counts></book-meta><book-body><book-part book-part-type="chapter" specific-use="audio-video" id="Ch05"><book-part-meta><book-part-id book-part-id-type="doi">10.22233/9781913859008.1</book-part-id><subj-group subj-group-type="chapter-section"><subject>Oral presentations</subject></subj-group><subj-group subj-group-type="chapter-stream-name"><subject>Primary Practice and the Profession, Ophthalmology</subject></subj-group><subj-group subj-group-type="chapter-product-type"><subject>Congress Proceedings</subject></subj-group><subj-group subj-group-type="chapter-content-type"><subject>Clinical abstract</subject></subj-group><subj-group subj-group-type="chapter-index-type"><subject>Abstract</subject></subj-group><subj-group subj-group-type="topic-type"><subject>Ophthalmology</subject></subj-group><subj-group subj-group-type="resource-type"><subject>undefined</subject></subj-group><subj-group subj-group-type="animal-type"><subject>undefined</subject></subj-group><title-group><title>Photographic, cytological and MRI evaluation of the hard, soft palate and tonsils in Cavalier King Charles Spaniels with chiari-like malformation; Tasipimidine, a novel orally dosed alpha-2 adrenoceptor agonist, alleviates canine acute anxiety and fear associated with travel – a pilot study; Tasipimidine, a novel orally dosed alpha-2 adrenoceptor agonist, alleviates separation anxiety in dogs - a 5-week study; Do our dogs sleep enough?; Establishing accurate dead-space discard volumes to improve controlled drug record accuracy; Recruitment and retention: why do some canine and feline candidates not make it as blood donors?; A dog’s dinner: a survey investigating the reasons behind the pet food choices of UK dog owners; A dog’s dinner: a survey investigating the beliefs of UK dog owners regarding the wider health risks of raw and non-raw diets; Epidemiology of prolapsed third eyelid gland (cherry eye) in UK dogs under primary veterinary care; Efficacy of 0.02% Tacrolimus in dogs with keratoconjunctivitis sicca in which topical cyclosporine was ineffective: preliminary results; Variation in intraocular pressure in the normal canine eye between different dog breeds; Evaluation of blink rate in the normal dog.</title></title-group><contrib-group><contrib><name><surname>Beth</surname><given-names>Greene</given-names></name><name><surname>Stratos</surname><given-names>Papakonstantinou</given-names></name><name><surname>Susan Penelope</surname><given-names>Knowler</given-names></name><name><surname>Padraig</surname><given-names>Egan</given-names></name><name><surname>Clare</surname><given-names>Rusbridge</given-names></name><name><surname>Mira</surname><given-names>Korpivaara</given-names></name><name><surname>Beatrice</surname><given-names>Carlone</given-names></name><name><surname>Chiara</surname><given-names>Mariti</given-names></name><name><surname>Mira</surname><given-names>Korpivaara</given-names></name><name><surname>Mirja</surname><given-names>Huhtinen</given-names></name><name><surname>Pasi</surname><given-names>Pohjanjousi</given-names></name><name><surname>Clara</surname><given-names>Palestrini</given-names></name><name><surname>Karen</surname><given-names>Overall</given-names></name><name><surname>Carrie</surname><given-names>Tooley</given-names></name><name><surname>Sarah</surname><given-names>Heath</given-names></name><name><surname>Emily</surname><given-names>Macnish</given-names></name><name><surname>Emily</surname><given-names>Hall</given-names></name><name><surname>Karen</surname><given-names>Humm</given-names></name><name><surname>Marjanne</surname><given-names>Descamps</given-names></name><name><surname>Genever</surname><given-names>Morgan</given-names></name><name><surname>Nicola</surname><given-names>Williams</given-names></name><name><surname>Vanessa</surname><given-names>Schmidt</given-names></name><name><surname>Gina</surname><given-names>Pinchbeck</given-names></name><name><surname>Yahui</surname><given-names>Yin</given-names></name><name><surname>Roser T.</surname><given-names>Pont</given-names></name><name><surname>Camilla</surname><given-names>Pegram</given-names></name><name><surname>David B.</surname><given-names>Church</given-names></name><name><surname>Dave C.</surname><given-names>Brodbelt</given-names></name><name><surname>Dan G.</surname><given-names>O'Neill</given-names></name><name><surname>Thomas</surname><given-names>Kearns</given-names></name><name><surname>David</surname><given-names>Williams</given-names></name><name><surname>Lucy</surname><given-names>Gimson</given-names></name><name><surname>Emma</surname><given-names>Denny</given-names></name></contrib></contrib-group><pub-date><year>2021</year></pub-date><elocation-id>e5</elocation-id><permissions><copyright-statement>© 2021 British Small Animal Veterinary Association</copyright-statement><copyright-year>2021</copyright-year><copyright-holder>British Small Animal Veterinary Association</copyright-holder></permissions><abstract><p>Oral presentations given during the BSAVA Abstract sessions 24-26 May 2021</p></abstract><custom-meta-group><custom-meta><meta-name>elocation-id</meta-name><meta-value>e1</meta-value></custom-meta></custom-meta-group></book-part-meta><back><sec><title/><supplementary-material xmlns:xlink="http://www.w3.org/1999/xlink" id="S1" xlink:title="local_file" xlink:href="BSAVA_Abstract_Sessions_2021_5_Primary-practice_Ophthalmology_Tuesday_AM_Room_1.mp4" mimetype="application/video/mp4"><caption/></supplementary-material><supplementary-material id="S2" mimetype="application/pdf" xlink:href="undefined.pdf" position="float" xlink:type="simple"><object-id pub-id-type="file-size"/><caption><title>undefined</title></caption></supplementary-material></sec></back></book-part></book-body></book>