<?xml version="1.0" encoding="UTF-8"?><!DOCTYPE article PUBLIC "-//NLM//DTD JATS (Z39.96) Journal Archiving and Interchange DTD v1.1 20151215//EN" "JATS-archivearticle1.dtd"><article xmlns:mml="http://www.w3.org/1998/Math/MathML" xmlns:xlink="http://www.w3.org/1999/xlink" article-type="meeting-report" dtd-version="1.1" xml:lang="EN"><front><journal-meta><journal-id journal-id-type="nlm-ta">Access Microbiology</journal-id><journal-id journal-id-type="hwp">acmi</journal-id><journal-id journal-id-type="publisher-id">acmi</journal-id><journal-title-group><journal-title>Access Microbiology</journal-title><abbrev-journal-title abbrev-type="pubmed">acmi</abbrev-journal-title></journal-title-group><issn pub-type="epub">2516-8290</issn><publisher><publisher-name>Microbiology Society</publisher-name></publisher></journal-meta><article-meta><article-id pub-id-type="publisher-id">acmi.cc2021.po0008</article-id><article-id pub-id-type="doi">21</article-id><article-categories><subj-group subj-group-type="heading"><subject>Poster Presentation</subject></subj-group><subj-group subj-group-type="heading"><subject>Abstracts from the Candida and Candidiasis Meeting 2021</subject></subj-group></article-categories><title-group><article-title>ID-CARD: A clade-specific molecular assay for the detection of 25 Candida spp. causing candidemia based on antifungal susceptibility patterns and in vitro testing of the antifungal activity of a synthetic antimicrobial peptide derived from human lactoferrin (hLF1-11).</article-title><alt-title alt-title-type="recto-page-foot"><ext-link ext-link-type="uri" xlink:type="simple" xlink:href="http://jmmcr.microbiologyresearch.org">http://jmmcr.microbiologyresearch.org</ext-link></alt-title></title-group><contrib-group><contrib contrib-type="author"><name><surname>Stavrou</surname><given-names>Aimilia</given-names></name></contrib><contrib contrib-type="author"><name><surname>Hagen</surname><given-names>Ferry</given-names></name><xref ref-type="aff" rid="aff1"/><xref ref-type="aff" rid="aff2"/><xref ref-type="aff" rid="aff3"/></contrib><contrib contrib-type="author"><name><surname>Boekhout</surname><given-names>Teun</given-names></name><xref ref-type="aff" rid="aff1"/></contrib><contrib contrib-type="author"><name><surname>Brouwer</surname><given-names>Carlo</given-names></name><xref ref-type="aff" rid="aff1"/><xref ref-type="aff" rid="aff2"/></contrib><contrib contrib-type="author"><name><surname></surname><given-names></given-names></name></contrib><contrib contrib-type="author"><name><surname></surname><given-names></given-names></name></contrib><contrib contrib-type="author"><name><surname></surname><given-names></given-names></name></contrib><contrib contrib-type="author"><name><surname></surname><given-names></given-names></name></contrib><contrib contrib-type="author"><name><surname></surname><given-names></given-names></name></contrib><contrib contrib-type="author"><name><surname></surname><given-names></given-names></name></contrib><contrib contrib-type="author"><name><surname></surname><given-names></given-names></name></contrib><contrib contrib-type="author"><name><surname></surname><given-names></given-names></name></contrib><contrib contrib-type="author"><name><surname></surname><given-names></given-names></name></contrib><contrib contrib-type="author"><name><surname></surname><given-names></given-names></name></contrib><contrib contrib-type="author"><name><surname></surname><given-names></given-names></name></contrib><contrib contrib-type="author"><name><surname></surname><given-names></given-names></name></contrib><contrib contrib-type="author"><name><surname></surname><given-names></given-names></name></contrib><contrib contrib-type="author"><name><surname></surname><given-names></given-names></name></contrib><contrib contrib-type="author"><name><surname></surname><given-names></given-names></name></contrib><contrib contrib-type="author"><name><surname></surname><given-names></given-names></name></contrib><contrib contrib-type="author"><name><surname></surname><given-names></given-names></name></contrib><contrib contrib-type="author"><name><surname></surname><given-names></given-names></name></contrib><contrib contrib-type="author"><name><surname></surname><given-names></given-names></name></contrib><contrib contrib-type="author"><name><surname></surname><given-names></given-names></name></contrib><contrib contrib-type="author"><name><surname></surname><given-names></given-names></name></contrib><contrib contrib-type="author"><name><surname></surname><given-names></given-names></name></contrib><contrib contrib-type="author"><name><surname></surname><given-names></given-names></name></contrib><contrib contrib-type="author"><name><surname></surname><given-names></given-names></name></contrib><contrib contrib-type="author"><name><surname></surname><given-names></given-names></name></contrib><contrib contrib-type="author"><name><surname></surname><given-names></given-names></name></contrib><contrib contrib-type="author"><name><surname></surname><given-names></given-names></name></contrib><aff id="aff1"><institution>Westerdijk fungal Biodiversity Institute</institution>, <country> Netherlands</country></aff><aff id="aff5"><institution>Westerdijk fungal Biodiversity Institute</institution>, <country> Netherlands</country></aff><aff id="aff6"><institution>University Medical Center Utrecht</institution>, <country> Department of Medical Microbiology</country></aff><aff id="aff7"><institution>Laboratory of Medical Mycology</institution>, <country> Jining No. 1 People's Hospital</country></aff><aff id="aff9"><institution>Westerdijk fungal Biodiversity Institute</institution>, <country> Netherlands</country></aff><aff id="aff13"><institution>Westerdijk fungal Biodiversity Institute</institution>, <country> Netherlands</country></aff><aff id="aff14"><institution>CBMR Scientific Nanoscience BV</institution>, <country> Netherlands</country></aff></contrib-group><author-notes><corresp id="cor1">&#x002A;<bold>Correspondence:</bold>Carlo Brouwer, <email xlink:href="c.brouwer@wi.knaw.nl" xlink:type="simple">c.brouwer@wi.knaw.nl</email></corresp></author-notes><pub-date pub-type="ppub"><month>7</month><year>2020</year></pub-date><pub-date pub-type="epub"><day>10</day><month>07</month><year>2020</year></pub-date><volume>2</volume><issue>7A</issue><elocation-id>2</elocation-id><permissions><copyright-statement>&#x00A9; 2021 The Authors</copyright-statement><copyright-year>2021</copyright-year><license license-type="open-access" xlink:href="http://creativecommons.org/licenses/by/4.0/"><license-p>This is an open-access article distributed under the terms of the Creative Commons Attribution License.</license-p></license></permissions><self-uri xlink:href="acmi.cc2021.po0008.pdf" content-type="pdf"/><abstract><p>Fungal infections are a serious health concern affecting over 1.5 million individuals annually. ID-CARD aims to improve diagnostics taking into account phylogeny and antifungal susceptibility patterns of Candida spp. involved in candidemia.</p><p>
Twenty-five Candida spp. were chosen. Based on ribosomal DNA sequences, clade-specific primers/Taqman probes were designed. Different multiplex panels consisting of four clades that exhibited similar antifungal susceptibility profiles were created. To create the groups, we tested fluconazole and anidulafungin with broth microdilution according to EUCAST against 3-5 isolates/species (n=121), which were also used for specificity testing of the molecular assay. Furthermore, we tested the in vitro activity of hLF(1-11) peptide against isolates that exhibited elevated minimum inhibitory concentrations (MICs) for one or both of the drugs.

The groups created are : i. Lodderomyces, Kluyveromyces, Metschnikowiaceae Sensitive, Internal control, (all with low MICs) ii. Pichiaceae, Nakaseomyces, Wickerhamomycetaceae, Debaryomyces & Diutina, (all with high MICs to azoles) and iii. Yarrowia, Wickerhamiella & Meyerozyma, Candida auris, Candida haemulonii complex (all with high MICs to both azoles & echinocandins). The primers/probes showed 100% specificity and capacity for multiplexing. In vitro experiments indicated that hLF(1-11) is fungicidal against various Candidaspp. A synergistic effect of antifungal and hLF(1-11) against various Candida species was shown as combinations of the peptide with antifungals were more effective than these alone

ID-CARD will contribute to a fast and reliable molecular detection of yeasts involved in candidiasis. AMPs is a novel way to treat Candida spp. exhibiting high MICs to commonly used antifungal drugs.</p></abstract><custom-meta-group><custom-meta><meta-name>OpenAccessEmbargo</meta-name><meta-value>0</meta-value></custom-meta></custom-meta-group></article-meta></front></article>