<?xml version="1.0" encoding="UTF-8"?><!DOCTYPE article PUBLIC "-//NLM//DTD JATS (Z39.96) Journal Archiving and Interchange DTD v1.1 20151215//EN" "JATS-archivearticle1.dtd"><article xmlns:mml="http://www.w3.org/1998/Math/MathML" xmlns:xlink="http://www.w3.org/1999/xlink" article-type="meeting-report" dtd-version="1.1" xml:lang="EN"><front><journal-meta><journal-id journal-id-type="nlm-ta">Access Microbiology</journal-id><journal-id journal-id-type="hwp">acmi</journal-id><journal-id journal-id-type="publisher-id">acmi</journal-id><journal-title-group><journal-title>Access Microbiology</journal-title><abbrev-journal-title abbrev-type="pubmed">acmi</abbrev-journal-title></journal-title-group><issn pub-type="epub">2516-8290</issn><publisher><publisher-name>Microbiology Society</publisher-name></publisher></journal-meta><article-meta><article-id pub-id-type="publisher-id">acmi.cc2021.po0177</article-id><article-id pub-id-type="doi">364</article-id><article-categories><subj-group subj-group-type="heading"><subject>Poster Presentation</subject></subj-group><subj-group subj-group-type="heading"><subject>Abstracts from the Candida and Candidiasis Meeting 2021</subject></subj-group></article-categories><title-group><article-title>The effect of acquired triazole resistance on abiotic stress tolerance and virulence in Candida auris microevolved strains</article-title><alt-title alt-title-type="recto-page-foot"><ext-link ext-link-type="uri" xlink:type="simple" xlink:href="http://jmmcr.microbiologyresearch.org">http://jmmcr.microbiologyresearch.org</ext-link></alt-title></title-group><contrib-group><contrib contrib-type="author"><name><surname>Bohner</surname><given-names>Flora</given-names></name><xref ref-type="corresp" rid="cor1">&#x002A;</xref></contrib><contrib contrib-type="author"><name><surname>Papp</surname><given-names>Csaba</given-names></name><xref ref-type="aff" rid="aff1"/></contrib><contrib contrib-type="author"><name><surname>Varga</surname><given-names>Mónika</given-names></name><xref ref-type="aff" rid="aff1"/></contrib><contrib contrib-type="author"><name><surname>Szekeres</surname><given-names>András</given-names></name><xref ref-type="aff" rid="aff1"/></contrib><contrib contrib-type="author"><name><surname>Tóth</surname><given-names>Renáta</given-names></name><xref ref-type="aff" rid="aff1"/></contrib><contrib contrib-type="author"><name><surname>Gacser</surname><given-names>Attila</given-names></name><xref ref-type="aff" rid="aff1"/><xref ref-type="aff" rid="aff2"/></contrib><contrib contrib-type="author"><name><surname></surname><given-names></given-names></name></contrib><contrib contrib-type="author"><name><surname></surname><given-names></given-names></name></contrib><contrib contrib-type="author"><name><surname></surname><given-names></given-names></name></contrib><contrib contrib-type="author"><name><surname></surname><given-names></given-names></name></contrib><contrib contrib-type="author"><name><surname></surname><given-names></given-names></name></contrib><contrib contrib-type="author"><name><surname></surname><given-names></given-names></name></contrib><contrib contrib-type="author"><name><surname></surname><given-names></given-names></name></contrib><contrib contrib-type="author"><name><surname></surname><given-names></given-names></name></contrib><contrib contrib-type="author"><name><surname></surname><given-names></given-names></name></contrib><contrib contrib-type="author"><name><surname></surname><given-names></given-names></name></contrib><contrib contrib-type="author"><name><surname></surname><given-names></given-names></name></contrib><contrib contrib-type="author"><name><surname></surname><given-names></given-names></name></contrib><contrib contrib-type="author"><name><surname></surname><given-names></given-names></name></contrib><contrib contrib-type="author"><name><surname></surname><given-names></given-names></name></contrib><contrib contrib-type="author"><name><surname></surname><given-names></given-names></name></contrib><contrib contrib-type="author"><name><surname></surname><given-names></given-names></name></contrib><contrib contrib-type="author"><name><surname></surname><given-names></given-names></name></contrib><contrib contrib-type="author"><name><surname></surname><given-names></given-names></name></contrib><contrib contrib-type="author"><name><surname></surname><given-names></given-names></name></contrib><contrib contrib-type="author"><name><surname></surname><given-names></given-names></name></contrib><contrib contrib-type="author"><name><surname></surname><given-names></given-names></name></contrib><contrib contrib-type="author"><name><surname></surname><given-names></given-names></name></contrib><contrib contrib-type="author"><name><surname></surname><given-names></given-names></name></contrib><contrib contrib-type="author"><name><surname></surname><given-names></given-names></name></contrib><contrib contrib-type="author"><name><surname></surname><given-names></given-names></name></contrib><aff id="aff1"><institution>Department of Microbiology</institution>, <country> Interdisciplinary Excellence Centre</country></aff><aff id="aff5"><institution>Department of Microbiology</institution>, <country> Interdisciplinary Excellence Centre</country></aff><aff id="aff9"><institution>Department of Microbiology</institution>, <country> Interdisciplinary Excellence Centre</country></aff><aff id="aff13"><institution>Department of Microbiology</institution>, <country> Interdisciplinary Excellence Centre</country></aff><aff id="aff17"><institution>Department of Microbiology</institution>, <country> Interdisciplinary Excellence Centre</country></aff><aff id="aff21"><institution>Department of Microbiology</institution>, <country> Interdisciplinary Excellence Centre</country></aff><aff id="aff22"><institution>MTA-SZTE “Lendület” “Mycobiome” Research Group</institution>, <country> University of Szeged</country></aff></contrib-group><author-notes><corresp id="cor1">&#x002A;<bold>Correspondence:</bold>Flora Bohner, <email xlink:href="flora.bohner@gmail.com" xlink:type="simple">flora.bohner@gmail.com</email></corresp></author-notes><pub-date pub-type="ppub"><month>7</month><year>2020</year></pub-date><pub-date pub-type="epub"><day>10</day><month>07</month><year>2020</year></pub-date><volume>2</volume><issue>7A</issue><elocation-id>2</elocation-id><permissions><copyright-statement>&#x00A9; 2021 The Authors</copyright-statement><copyright-year>2021</copyright-year><license license-type="open-access" xlink:href="http://creativecommons.org/licenses/by/4.0/"><license-p>This is an open-access article distributed under the terms of the Creative Commons Attribution License.</license-p></license></permissions><self-uri xlink:href="acmi.cc2021.po0177.pdf" content-type="pdf"/><abstract><p>Recently, C. auris become one of the most prominent members of the genus Candida. Since its occurrence, several C. auris outbreaks have been reported worldwide. These outbreaks were associated with isolates displaying decreased susceptibility towards fluconazole, the first-line agent for prophylaxis. Fluconazole is the most frequently used antifungal drug to treat bloodstream Candida infections. </p><p>The physiological effects of acquired antifungal resistance was investigated in this species using fluconazole, posaconazole and voriconazole resistant mutant strains generated by the in vitro microevolution method. Alterations in antifungal susceptibility and cross resistance were determined by the microdilution method, utilizing azoles (fluconazole, voriconazole, posaconazole), echinocandins (caspofungin, micafungin, anidulafungin) and a polyene (amphotericin B). Changes in the abiotic stress tolerance was examined by spotting assay, using osmotic stressors, cell wall perturbants and a membrane detergent. To evaluate the impact of the acquired resistance on sterol biosynthesis, ergosterol composition of all generated mutant strains were examined. A potential relationship between virulence and acquired antifungal resistance was also studied both in vitro and in vivo. Phagocytosis of the generated strains by J774.2 mouse macrophage-like cells was measured and analyzed by flow cytometry. In the murine infection model fungal burden of the triazole evolved strains was determined in spleen, kidney, liver and brain and compared to the fungal burden associated with the initial azole susceptible strain. Significant differences in virulence of the initial and the generated strains was observed suggesting a potential connection between the virulence and antifungal susceptibility of the emerging fungal pathogen, C. auris.</p></abstract><custom-meta-group><custom-meta><meta-name>OpenAccessEmbargo</meta-name><meta-value>0</meta-value></custom-meta></custom-meta-group></article-meta></front></article>