<?xml version="1.0" encoding="UTF-8"?><!DOCTYPE article PUBLIC "-//NLM//DTD JATS (Z39.96) Journal Archiving and Interchange DTD v1.1 20151215//EN" "JATS-archivearticle1.dtd"><article xmlns:mml="http://www.w3.org/1998/Math/MathML" xmlns:xlink="http://www.w3.org/1999/xlink" article-type="meeting-report" dtd-version="1.1" xml:lang="EN"><front><journal-meta><journal-id journal-id-type="nlm-ta">Access Microbiology</journal-id><journal-id journal-id-type="hwp">acmi</journal-id><journal-id journal-id-type="publisher-id">acmi</journal-id><journal-title-group><journal-title>Access Microbiology</journal-title><abbrev-journal-title abbrev-type="pubmed">acmi</abbrev-journal-title></journal-title-group><issn pub-type="epub">2516-8290</issn><publisher><publisher-name>Microbiology Society</publisher-name></publisher></journal-meta><article-meta><article-id pub-id-type="publisher-id">acmi.cc2021.po0172</article-id><article-id pub-id-type="doi">356</article-id><article-categories><subj-group subj-group-type="heading"><subject>Poster Presentation</subject></subj-group><subj-group subj-group-type="heading"><subject>Abstracts from the Candida and Candidiasis Meeting 2021</subject></subj-group></article-categories><title-group><article-title>Investigation of the zinc uptake system of the human fungal pathogen Candida parapsilosis</article-title><alt-title alt-title-type="recto-page-foot"><ext-link ext-link-type="uri" xlink:type="simple" xlink:href="http://jmmcr.microbiologyresearch.org">http://jmmcr.microbiologyresearch.org</ext-link></alt-title></title-group><contrib-group><contrib contrib-type="author"><name><surname>Takács</surname><given-names>Tamás</given-names></name><xref ref-type="corresp" rid="cor1">&#x002A;</xref></contrib><contrib contrib-type="author"><name><surname>Mihály</surname><given-names>Tibor</given-names></name><xref ref-type="aff" rid="aff1"/></contrib><contrib contrib-type="author"><name><surname>Szilovics</surname><given-names>Zóra</given-names></name><xref ref-type="aff" rid="aff1"/></contrib><contrib contrib-type="author"><name><surname>Vágvölgyi</surname><given-names>Csaba</given-names></name><xref ref-type="aff" rid="aff1"/></contrib><contrib contrib-type="author"><name><surname>Wilson</surname><given-names>Duncan</given-names></name><xref ref-type="aff" rid="aff1"/></contrib><contrib contrib-type="author"><name><surname>Gácser</surname><given-names>Attila</given-names></name><xref ref-type="aff" rid="aff1"/><xref ref-type="aff" rid="aff2"/></contrib><contrib contrib-type="author"><name><surname></surname><given-names></given-names></name></contrib><contrib contrib-type="author"><name><surname></surname><given-names></given-names></name></contrib><contrib contrib-type="author"><name><surname></surname><given-names></given-names></name></contrib><contrib contrib-type="author"><name><surname></surname><given-names></given-names></name></contrib><contrib contrib-type="author"><name><surname></surname><given-names></given-names></name></contrib><contrib contrib-type="author"><name><surname></surname><given-names></given-names></name></contrib><contrib contrib-type="author"><name><surname></surname><given-names></given-names></name></contrib><contrib contrib-type="author"><name><surname></surname><given-names></given-names></name></contrib><contrib contrib-type="author"><name><surname></surname><given-names></given-names></name></contrib><contrib contrib-type="author"><name><surname></surname><given-names></given-names></name></contrib><contrib contrib-type="author"><name><surname></surname><given-names></given-names></name></contrib><contrib contrib-type="author"><name><surname></surname><given-names></given-names></name></contrib><contrib contrib-type="author"><name><surname></surname><given-names></given-names></name></contrib><contrib contrib-type="author"><name><surname></surname><given-names></given-names></name></contrib><contrib contrib-type="author"><name><surname></surname><given-names></given-names></name></contrib><contrib contrib-type="author"><name><surname></surname><given-names></given-names></name></contrib><contrib contrib-type="author"><name><surname></surname><given-names></given-names></name></contrib><contrib contrib-type="author"><name><surname></surname><given-names></given-names></name></contrib><contrib contrib-type="author"><name><surname></surname><given-names></given-names></name></contrib><contrib contrib-type="author"><name><surname></surname><given-names></given-names></name></contrib><contrib contrib-type="author"><name><surname></surname><given-names></given-names></name></contrib><contrib contrib-type="author"><name><surname></surname><given-names></given-names></name></contrib><contrib contrib-type="author"><name><surname></surname><given-names></given-names></name></contrib><contrib contrib-type="author"><name><surname></surname><given-names></given-names></name></contrib><contrib contrib-type="author"><name><surname></surname><given-names></given-names></name></contrib><aff id="aff1"><institution>Department of Microbiology</institution>, <country> Interdisciplinary Excellence Centre</country></aff><aff id="aff5"><institution>Department of Microbiology</institution>, <country> Interdisciplinary Excellence Centre</country></aff><aff id="aff9"><institution>Department of Microbiology</institution>, <country> Interdisciplinary Excellence Centre</country></aff><aff id="aff13"><institution>Department of Microbiology</institution>, <country> Interdisciplinary Excellence Centre</country></aff><aff id="aff17"><institution>College of Life and Environmental Sciences </institution>, <country> University of Exeter</country></aff><aff id="aff21"><institution>Department of Microbiology</institution>, <country> Interdisciplinary Excellence Centre</country></aff><aff id="aff22"><institution>MTA-SZTE “Lendület” “Mycobiome” Research Group</institution>, <country> University of Szeged</country></aff></contrib-group><author-notes><corresp id="cor1">&#x002A;<bold>Correspondence:</bold>Tamás Takács, <email xlink:href="tojgli7@gmail.com" xlink:type="simple">tojgli7@gmail.com</email></corresp></author-notes><pub-date pub-type="ppub"><month>7</month><year>2020</year></pub-date><pub-date pub-type="epub"><day>10</day><month>07</month><year>2020</year></pub-date><volume>2</volume><issue>7A</issue><elocation-id>2</elocation-id><permissions><copyright-statement>&#x00A9; 2021 The Authors</copyright-statement><copyright-year>2021</copyright-year><license license-type="open-access" xlink:href="http://creativecommons.org/licenses/by/4.0/"><license-p>This is an open-access article distributed under the terms of the Creative Commons Attribution License.</license-p></license></permissions><self-uri xlink:href="acmi.cc2021.po0172.pdf" content-type="pdf"/><abstract><p>Candida parapsilosis is the second or third most commonly isolated Candida species from blood cultures and is frequently associated with infections in neonatal intensive care units. Candida species have several virulence factors enabling them to adapt to host environmental conditions and cause infections. These factors include adhesion, biofilm formation, and secretion of hydrolytic enzymes, such as acidic proteinases and lipases. Candida species also obtain heavy metal ions from their environment, such as zinc. Zinc is a cofactor of several proteins and a vital element in cellular mechanisms of the fungi. On the one hand, the host niche represents a zinc-limited environment, that indirectly inhibits microbial growth. In order to survive in such an environment, these pathogens have evolved a zinc transport system that allows them to access bound zinc ions during infection. On the other hand, high zinc ion concentration within the host can also be toxic to microbes e.g. in the phagosomes of Mycobacterium tuberculosis infected macrophages. In case of C. albicans, zinc acquisition processes are intensively studied, but we lack information of the zinc uptake, transfer and homeostasis mechanisms in C. parapsilosis. Here, predicted potential zinc transporters in C. parapsilosis using in silico analyses, generated homozygous knock out mutants and performed their phenotypical characterization by exposing them to various types of stressors and zinc limiting conditions. Furthermore, we analyzed their virulence traits by examining kinetics of fungal cell uptake by macrophages, their killing efficiency and also investigated zinc ion levels in the phagolysosome during in vitro infections</p></abstract><custom-meta-group><custom-meta><meta-name>OpenAccessEmbargo</meta-name><meta-value>0</meta-value></custom-meta></custom-meta-group></article-meta></front></article>