<?xml version="1.0" encoding="UTF-8"?><!DOCTYPE article PUBLIC "-//NLM//DTD JATS (Z39.96) Journal Archiving and Interchange DTD v1.1 20151215//EN" "JATS-archivearticle1.dtd"><article xmlns:mml="http://www.w3.org/1998/Math/MathML" xmlns:xlink="http://www.w3.org/1999/xlink" article-type="meeting-report" dtd-version="1.1" xml:lang="EN"><front><journal-meta><journal-id journal-id-type="nlm-ta">Access Microbiology</journal-id><journal-id journal-id-type="hwp">acmi</journal-id><journal-id journal-id-type="publisher-id">acmi</journal-id><journal-title-group><journal-title>Access Microbiology</journal-title><abbrev-journal-title abbrev-type="pubmed">acmi</abbrev-journal-title></journal-title-group><issn pub-type="epub">2516-8290</issn><publisher><publisher-name>Microbiology Society</publisher-name></publisher></journal-meta><article-meta><article-id pub-id-type="publisher-id">acmi.cc2021.po0078</article-id><article-id pub-id-type="doi">176</article-id><article-categories><subj-group subj-group-type="heading"><subject>Poster Presentation</subject></subj-group><subj-group subj-group-type="heading"><subject>Abstracts from the Candida and Candidiasis Meeting 2021</subject></subj-group></article-categories><title-group><article-title>Proteomic study of the effect of metformin on C. albicans</article-title><alt-title alt-title-type="recto-page-foot"><ext-link ext-link-type="uri" xlink:type="simple" xlink:href="http://jmmcr.microbiologyresearch.org">http://jmmcr.microbiologyresearch.org</ext-link></alt-title></title-group><contrib-group><contrib contrib-type="author"><name><surname>Mascaraque</surname><given-names>Victoria</given-names></name></contrib><contrib contrib-type="author"><name><surname>Navas</surname><given-names>Cristina</given-names></name><xref ref-type="aff" rid="aff1"/></contrib><contrib contrib-type="author"><name><surname>Luisa</surname><given-names>María</given-names></name><xref ref-type="aff" rid="aff1"/></contrib><contrib contrib-type="author"><name><surname>Gil</surname><given-names>Concha</given-names></name><xref ref-type="aff" rid="aff1"/><xref ref-type="aff" rid="aff2"/></contrib><contrib contrib-type="author"><name><surname>Molero</surname><given-names>Gloria</given-names></name><xref ref-type="aff" rid="aff1"/></contrib><contrib contrib-type="author"><name><surname></surname><given-names></given-names></name></contrib><contrib contrib-type="author"><name><surname></surname><given-names></given-names></name></contrib><contrib contrib-type="author"><name><surname></surname><given-names></given-names></name></contrib><contrib contrib-type="author"><name><surname></surname><given-names></given-names></name></contrib><contrib contrib-type="author"><name><surname></surname><given-names></given-names></name></contrib><contrib contrib-type="author"><name><surname></surname><given-names></given-names></name></contrib><contrib contrib-type="author"><name><surname></surname><given-names></given-names></name></contrib><contrib contrib-type="author"><name><surname></surname><given-names></given-names></name></contrib><contrib contrib-type="author"><name><surname></surname><given-names></given-names></name></contrib><contrib contrib-type="author"><name><surname></surname><given-names></given-names></name></contrib><contrib contrib-type="author"><name><surname></surname><given-names></given-names></name></contrib><contrib contrib-type="author"><name><surname></surname><given-names></given-names></name></contrib><contrib contrib-type="author"><name><surname></surname><given-names></given-names></name></contrib><contrib contrib-type="author"><name><surname></surname><given-names></given-names></name></contrib><contrib contrib-type="author"><name><surname></surname><given-names></given-names></name></contrib><contrib contrib-type="author"><name><surname></surname><given-names></given-names></name></contrib><contrib contrib-type="author"><name><surname></surname><given-names></given-names></name></contrib><contrib contrib-type="author"><name><surname></surname><given-names></given-names></name></contrib><contrib contrib-type="author"><name><surname></surname><given-names></given-names></name></contrib><contrib contrib-type="author"><name><surname></surname><given-names></given-names></name></contrib><contrib contrib-type="author"><name><surname></surname><given-names></given-names></name></contrib><contrib contrib-type="author"><name><surname></surname><given-names></given-names></name></contrib><contrib contrib-type="author"><name><surname></surname><given-names></given-names></name></contrib><contrib contrib-type="author"><name><surname></surname><given-names></given-names></name></contrib><contrib contrib-type="author"><name><surname></surname><given-names></given-names></name></contrib><contrib contrib-type="author"><name><surname></surname><given-names></given-names></name></contrib><aff id="aff1"><institution>Department of Microbiology and Parasitology</institution>, <country> Faculty of Pharmacy</country></aff><aff id="aff5"><institution>Department of Microbiology and Parasitology</institution>, <country> Faculty of Pharmacy</country></aff><aff id="aff9"><institution>Proteomics Facility</institution>, <country> Complutense University of Madrid</country></aff><aff id="aff13"><institution>Department of Microbiology and Parasitology</institution>, <country> Faculty of Pharmacy</country></aff><aff id="aff14"><institution>Proteomics Facility</institution>, <country> Complutense University of Madrid</country></aff><aff id="aff17"><institution>Department of Microbiology and Parasitology</institution>, <country> Faculty of Pharmacy</country></aff></contrib-group><author-notes><corresp id="cor1">&#x002A;<bold>Correspondence:</bold>Gloria Molero, <email xlink:href="gloriamolero@ucm.es" xlink:type="simple">gloriamolero@ucm.es</email></corresp></author-notes><pub-date pub-type="ppub"><month>7</month><year>2020</year></pub-date><pub-date pub-type="epub"><day>10</day><month>07</month><year>2020</year></pub-date><volume>2</volume><issue>7A</issue><elocation-id>2</elocation-id><permissions><copyright-statement>&#x00A9; 2021 The Authors</copyright-statement><copyright-year>2021</copyright-year><license license-type="open-access" xlink:href="http://creativecommons.org/licenses/by/4.0/"><license-p>This is an open-access article distributed under the terms of the Creative Commons Attribution License.</license-p></license></permissions><self-uri xlink:href="acmi.cc2021.po0078.pdf" content-type="pdf"/><abstract><p>Fungal infections are a global health problem. Of them, those produced by Candida albicans are the most important, with a reduced arsenal of antifungals and an increasing problem of antifungal resistance. Thus, the discovery of new antifungal targets and drugs remains interesting. Metformin is a biguanide administered as a first-line treatment for Type II Diabetes Mellitus and it has recently been published its anti-Candida action, especially against C. glabrata, and its synergistic effect with other antifungals. Our studies of the effect of metformin on C. albicans have revealed an inhibition of growth, filamentation and other phenotypes important for virulence. Although metformin has been described as an AMPK agonist, its mechanism of action is partly unknown. To deepen into the anti-Candida mechanism of action, we have addressed the differential proteomic study. A set-up of the conditions for the proteomic study has been carried out, fixing a concentration of 50mM of metformin, 6 h of treatment at 37ºC in RPMI medium and with 60 rpm of agitation. The proteomic study using the Labelfree technique and 4 biological replicas, allowed the identification and quantification of a total of 1899 proteins, 206 of them presenting differences in abundance due to metformin exposure. Of these, 127 increased and 79 decreased due to the action of the drug. The most relevant functions of these proteins are related to antifungal response, filamentation, biofilm formation and metabolism, being 9 essential proteins for the microorganism that could be new antifungal targets.</p></abstract><custom-meta-group><custom-meta><meta-name>OpenAccessEmbargo</meta-name><meta-value>0</meta-value></custom-meta></custom-meta-group></article-meta></front></article>