<?xml version="1.0" encoding="UTF-8"?><!DOCTYPE article PUBLIC "-//NLM//DTD JATS (Z39.96) Journal Archiving and Interchange DTD v1.1 20151215//EN" "JATS-archivearticle1.dtd"><article xmlns:mml="http://www.w3.org/1998/Math/MathML" xmlns:xlink="http://www.w3.org/1999/xlink" article-type="meeting-report" dtd-version="1.1" xml:lang="EN"><front><journal-meta><journal-id journal-id-type="nlm-ta">Access Microbiology</journal-id><journal-id journal-id-type="hwp">acmi</journal-id><journal-id journal-id-type="publisher-id">acmi</journal-id><journal-title-group><journal-title>Access Microbiology</journal-title><abbrev-journal-title abbrev-type="pubmed">acmi</abbrev-journal-title></journal-title-group><issn pub-type="epub">2516-8290</issn><publisher><publisher-name>Microbiology Society</publisher-name></publisher></journal-meta><article-meta><article-id pub-id-type="publisher-id">acmi.cc2021.po0107</article-id><article-id pub-id-type="doi">214</article-id><article-categories><subj-group subj-group-type="heading"><subject>Poster Presentation</subject></subj-group><subj-group subj-group-type="heading"><subject>Abstracts from the Candida and Candidiasis Meeting 2021</subject></subj-group></article-categories><title-group><article-title>A variant ECE1 allele contributes to reduced pathogenicity of Candida albicans during vulvovaginal candidiasis via altered secretion of candidalysin</article-title><alt-title alt-title-type="recto-page-foot"><ext-link ext-link-type="uri" xlink:type="simple" xlink:href="http://jmmcr.microbiologyresearch.org">http://jmmcr.microbiologyresearch.org</ext-link></alt-title></title-group><contrib-group><contrib contrib-type="author"><name><surname>Liu</surname><given-names>Junyan</given-names></name></contrib><contrib contrib-type="author"><name><surname>Sansevere</surname><given-names>Emily</given-names></name><xref ref-type="aff" rid="aff1"/></contrib><contrib contrib-type="author"><name><surname>Barker</surname><given-names>Katherine</given-names></name><xref ref-type="aff" rid="aff1"/></contrib><contrib contrib-type="author"><name><surname>Willems</surname><given-names>Hubertine</given-names></name><xref ref-type="aff" rid="aff1"/></contrib><contrib contrib-type="author"><name><surname>Lowes</surname><given-names>David</given-names></name><xref ref-type="aff" rid="aff1"/></contrib><contrib contrib-type="author"><name><surname>Peters</surname><given-names>Brian</given-names></name><xref ref-type="aff" rid="aff1"/></contrib><contrib contrib-type="author"><name><surname></surname><given-names></given-names></name></contrib><contrib contrib-type="author"><name><surname></surname><given-names></given-names></name></contrib><contrib contrib-type="author"><name><surname></surname><given-names></given-names></name></contrib><contrib contrib-type="author"><name><surname></surname><given-names></given-names></name></contrib><contrib contrib-type="author"><name><surname></surname><given-names></given-names></name></contrib><contrib contrib-type="author"><name><surname></surname><given-names></given-names></name></contrib><contrib contrib-type="author"><name><surname></surname><given-names></given-names></name></contrib><contrib contrib-type="author"><name><surname></surname><given-names></given-names></name></contrib><contrib contrib-type="author"><name><surname></surname><given-names></given-names></name></contrib><contrib contrib-type="author"><name><surname></surname><given-names></given-names></name></contrib><contrib contrib-type="author"><name><surname></surname><given-names></given-names></name></contrib><contrib contrib-type="author"><name><surname></surname><given-names></given-names></name></contrib><contrib contrib-type="author"><name><surname></surname><given-names></given-names></name></contrib><contrib contrib-type="author"><name><surname></surname><given-names></given-names></name></contrib><contrib contrib-type="author"><name><surname></surname><given-names></given-names></name></contrib><contrib contrib-type="author"><name><surname></surname><given-names></given-names></name></contrib><contrib contrib-type="author"><name><surname></surname><given-names></given-names></name></contrib><contrib contrib-type="author"><name><surname></surname><given-names></given-names></name></contrib><contrib contrib-type="author"><name><surname></surname><given-names></given-names></name></contrib><contrib contrib-type="author"><name><surname></surname><given-names></given-names></name></contrib><contrib contrib-type="author"><name><surname></surname><given-names></given-names></name></contrib><contrib contrib-type="author"><name><surname></surname><given-names></given-names></name></contrib><contrib contrib-type="author"><name><surname></surname><given-names></given-names></name></contrib><contrib contrib-type="author"><name><surname></surname><given-names></given-names></name></contrib><contrib contrib-type="author"><name><surname></surname><given-names></given-names></name></contrib><aff id="aff1"><institution>UTHSC</institution>, <country> USA</country></aff><aff id="aff5"><institution>UTHSC</institution>, <country> USA</country></aff><aff id="aff9"><institution>UTHSC</institution>, <country> USA</country></aff><aff id="aff13"><institution>UTHSC</institution>, <country> USA</country></aff><aff id="aff17"><institution>UTHSC</institution>, <country> USA</country></aff><aff id="aff21"><institution>UTHSC</institution>, <country> USA</country></aff></contrib-group><author-notes><corresp id="cor1">&#x002A;<bold>Correspondence:</bold>Brian Peters, <email xlink:href="brian.peters@uthsc.edu" xlink:type="simple">brian.peters@uthsc.edu</email></corresp></author-notes><pub-date pub-type="ppub"><month>7</month><year>2020</year></pub-date><pub-date pub-type="epub"><day>10</day><month>07</month><year>2020</year></pub-date><volume>2</volume><issue>7A</issue><elocation-id>2</elocation-id><permissions><copyright-statement>&#x00A9; 2021 The Authors</copyright-statement><copyright-year>2021</copyright-year><license license-type="open-access" xlink:href="http://creativecommons.org/licenses/by/4.0/"><license-p>This is an open-access article distributed under the terms of the Creative Commons Attribution License.</license-p></license></permissions><self-uri xlink:href="acmi.cc2021.po0107.pdf" content-type="pdf"/><abstract><p>Background:</p><p>
Candida albicansis the primary etiological agent of vulvovaginal candidiasis (VVC) and exerts its pathogenicity through secretion of the peptide toxin candidalysin encoded by the ECE1 gene. A highly conserved variant ECE1 sequence exists across a diverse set of clinical isolates. Thus, we sought to determine the relative pathogenicity and mechanism(s) associated with this alternative ECE1 allele.



Methods:

Isogenic strains harboring WT or variant ECE1 sequences were engineered in an Δ/Δece1 background. After confirmation of equivalent expression by qPCR, pathogenicity of strains were tested using in vitro epithelial cell and in vivo VVC models of infection and LDH, IL-1β, neutrophil levels monitored. Follow up studies using synthetic candidalysin peptide were also performed. Lastly, a panel of ECE1 chimeras were constructed to assess potential processing defects and detected by a novel HiBiT-tagging approach.



Results:

Strains transformed with either the variant full length ECE1 or candidalysin allele, as compared to the WT sequence, demonstrated significantly reduced immunopathogenicity during in vitro or in vivo infection despite equivalent fungal burden. Interestingly, epithelial challenge with WT or variant synthetic peptide revealed similar capacity to elicit damage and IL-1β. Allele profiling and ECE1 chimera experiments demonstrated that defects in pathogenicity are at least partly due to inefficient ECE1 processing at the peptide 2-peptide 3 junction.



Discussion:

The ECE1 gene displays conserved polymorphisms that alter candidalysin secretion and strain pathogenicity. Future work is focused on determining specific amino acid sequences that contribute to these affects across clinical isolates and disease states.</p></abstract><custom-meta-group><custom-meta><meta-name>OpenAccessEmbargo</meta-name><meta-value>0</meta-value></custom-meta></custom-meta-group></article-meta></front></article>