<?xml version="1.0" encoding="UTF-8"?><!DOCTYPE article PUBLIC "-//NLM//DTD JATS (Z39.96) Journal Archiving and Interchange DTD v1.1 20151215//EN" "JATS-archivearticle1.dtd"><article xmlns:mml="http://www.w3.org/1998/Math/MathML" xmlns:xlink="http://www.w3.org/1999/xlink" article-type="meeting-report" dtd-version="1.1" xml:lang="EN"><front><journal-meta><journal-id journal-id-type="nlm-ta">Access Microbiology</journal-id><journal-id journal-id-type="hwp">acmi</journal-id><journal-id journal-id-type="publisher-id">acmi</journal-id><journal-title-group><journal-title>Access Microbiology</journal-title><abbrev-journal-title abbrev-type="pubmed">acmi</abbrev-journal-title></journal-title-group><issn pub-type="epub">2516-8290</issn><publisher><publisher-name>Microbiology Society</publisher-name></publisher></journal-meta><article-meta><article-id pub-id-type="publisher-id">acmi.cc2021.po0153</article-id><article-id pub-id-type="doi">333</article-id><article-categories><subj-group subj-group-type="heading"><subject>Poster Presentation</subject></subj-group><subj-group subj-group-type="heading"><subject>Abstracts from the Candida and Candidiasis Meeting 2021</subject></subj-group></article-categories><title-group><article-title>Characterization of the mechanism of action of the Enterococcus faecalis bacteriocin EntV on Candida albicans</article-title><alt-title alt-title-type="recto-page-foot"><ext-link ext-link-type="uri" xlink:type="simple" xlink:href="http://jmmcr.microbiologyresearch.org">http://jmmcr.microbiologyresearch.org</ext-link></alt-title></title-group><contrib-group><contrib contrib-type="author"><name><surname>Buda</surname><given-names>Giuseppe</given-names></name><xref ref-type="corresp" rid="cor1">&#x002A;</xref></contrib><contrib contrib-type="author"><name><surname>Chebaro</surname><given-names>Yasmin</given-names></name><xref ref-type="aff" rid="aff1"/></contrib><contrib contrib-type="author"><name><surname>Guha</surname><given-names>Shantanu</given-names></name><xref ref-type="aff" rid="aff1"/></contrib><contrib contrib-type="author"><name><surname>Cruz</surname><given-names>Melissa</given-names></name><xref ref-type="aff" rid="aff1"/></contrib><contrib contrib-type="author"><name><surname>Garsin</surname><given-names>Danielle</given-names></name><xref ref-type="aff" rid="aff1"/><xref ref-type="aff" rid="aff2"/></contrib><contrib contrib-type="author"><name><surname>Lorenz</surname><given-names>Michael</given-names></name><xref ref-type="aff" rid="aff1"/><xref ref-type="aff" rid="aff2"/></contrib><contrib contrib-type="author"><name><surname></surname><given-names></given-names></name></contrib><contrib contrib-type="author"><name><surname></surname><given-names></given-names></name></contrib><contrib contrib-type="author"><name><surname></surname><given-names></given-names></name></contrib><contrib contrib-type="author"><name><surname></surname><given-names></given-names></name></contrib><contrib contrib-type="author"><name><surname></surname><given-names></given-names></name></contrib><contrib contrib-type="author"><name><surname></surname><given-names></given-names></name></contrib><contrib contrib-type="author"><name><surname></surname><given-names></given-names></name></contrib><contrib contrib-type="author"><name><surname></surname><given-names></given-names></name></contrib><contrib contrib-type="author"><name><surname></surname><given-names></given-names></name></contrib><contrib contrib-type="author"><name><surname></surname><given-names></given-names></name></contrib><contrib contrib-type="author"><name><surname></surname><given-names></given-names></name></contrib><contrib contrib-type="author"><name><surname></surname><given-names></given-names></name></contrib><contrib contrib-type="author"><name><surname></surname><given-names></given-names></name></contrib><contrib contrib-type="author"><name><surname></surname><given-names></given-names></name></contrib><contrib contrib-type="author"><name><surname></surname><given-names></given-names></name></contrib><contrib contrib-type="author"><name><surname></surname><given-names></given-names></name></contrib><contrib contrib-type="author"><name><surname></surname><given-names></given-names></name></contrib><contrib contrib-type="author"><name><surname></surname><given-names></given-names></name></contrib><contrib contrib-type="author"><name><surname></surname><given-names></given-names></name></contrib><contrib contrib-type="author"><name><surname></surname><given-names></given-names></name></contrib><contrib contrib-type="author"><name><surname></surname><given-names></given-names></name></contrib><contrib contrib-type="author"><name><surname></surname><given-names></given-names></name></contrib><contrib contrib-type="author"><name><surname></surname><given-names></given-names></name></contrib><contrib contrib-type="author"><name><surname></surname><given-names></given-names></name></contrib><contrib contrib-type="author"><name><surname></surname><given-names></given-names></name></contrib><aff id="aff1"><institution>Department of Microbiology and Molecular Genetics</institution>, <country> McGovern Medical School</country></aff><aff id="aff5"><institution>Department of Microbiology and Molecular Genetics</institution>, <country> McGovern Medical School</country></aff><aff id="aff9"><institution>Department of Microbiology and Molecular Genetics</institution>, <country> McGovern Medical School</country></aff><aff id="aff13"><institution>Department of Microbiology and Molecular Genetics</institution>, <country> McGovern Medical School</country></aff><aff id="aff17"><institution>Department of Microbiology and Molecular Genetics</institution>, <country> McGovern Medical School</country></aff><aff id="aff18"><institution>MD Anderson Cancer Center UTHealth Graduate School of Biomedical Sciences</institution>, <country> USA</country></aff><aff id="aff21"><institution>Department of Microbiology and Molecular Genetics</institution>, <country> McGovern Medical School</country></aff><aff id="aff22"><institution>MD Anderson Cancer Center UTHealth Graduate School of Biomedical Sciences</institution>, <country> USA</country></aff></contrib-group><author-notes><corresp id="cor1">&#x002A;<bold>Correspondence:</bold>Giuseppe Buda De Cesare, <email xlink:href="gbudadecesare@uth.edu" xlink:type="simple">gbudadecesare@uth.edu</email></corresp></author-notes><pub-date pub-type="ppub"><month>7</month><year>2020</year></pub-date><pub-date pub-type="epub"><day>10</day><month>07</month><year>2020</year></pub-date><volume>2</volume><issue>7A</issue><elocation-id>2</elocation-id><permissions><copyright-statement>&#x00A9; 2021 The Authors</copyright-statement><copyright-year>2021</copyright-year><license license-type="open-access" xlink:href="http://creativecommons.org/licenses/by/4.0/"><license-p>This is an open-access article distributed under the terms of the Creative Commons Attribution License.</license-p></license></permissions><self-uri xlink:href="acmi.cc2021.po0153.pdf" content-type="pdf"/><abstract><p>Candida albicansshares communal niches with multiple bacterial species. Previous work from our group demonstrated that the Gram-positive bacterium Enterococcus faecalis, a normal constituent of the oral and gut microbiome that is often co-isolated with C. albicans, antagonizes hyphal morphogenesis, biofilm formation, and virulence in C. albicans.These effects are mediated by EntV, a bacteriocin and antimicrobial peptide produced by E. faecalis. The main aim of this work is to unveil the molecular mechanism behind the activity of EntV on C. albicans. Using fluorescence microscopy, we determined that EntV binds to the cell walls of several Candida species, including both yeast and hyphae of C. albicans. Contrary to other antimicrobial peptides, it does not cause cell lysis and does not synergize with cell wall damaging agents. Moreover, we screened a library of C. albicans mutants for strains with altered susceptibility to the peptide; most of the positive hits had functions related to cell wall maintenance and were further screened to ascertain changes in the staining patterns. Furthermore, to identify the target layer on the cell wall, pull-down assays were performed. Mannan was identified as the major wall component able to bind the peptide. Finally, live imaging of macrophages incubated with Candida was carried out in order to assess any change in the phagocytic behaviour in presence of the peptide. Identifying the molecular target of EntV in regard to the anti-virulence mechanisms of C. albicans is an important step in its further development as a therapeutic addition to the classical antifungal agents.</p></abstract><custom-meta-group><custom-meta><meta-name>OpenAccessEmbargo</meta-name><meta-value>0</meta-value></custom-meta></custom-meta-group></article-meta></front></article>