<?xml version="1.0" encoding="UTF-8"?><!DOCTYPE article PUBLIC "-//NLM//DTD JATS (Z39.96) Journal Archiving and Interchange DTD v1.1 20151215//EN" "JATS-archivearticle1.dtd"><article xmlns:mml="http://www.w3.org/1998/Math/MathML" xmlns:xlink="http://www.w3.org/1999/xlink" article-type="meeting-report" dtd-version="1.1" xml:lang="EN"><front><journal-meta><journal-id journal-id-type="nlm-ta">Access Microbiology</journal-id><journal-id journal-id-type="hwp">acmi</journal-id><journal-id journal-id-type="publisher-id">acmi</journal-id><journal-title-group><journal-title>Access Microbiology</journal-title><abbrev-journal-title abbrev-type="pubmed">acmi</abbrev-journal-title></journal-title-group><issn pub-type="epub">2516-8290</issn><publisher><publisher-name>Microbiology Society</publisher-name></publisher></journal-meta><article-meta><article-id pub-id-type="publisher-id">acmi.cc2021.po0094</article-id><article-id pub-id-type="doi">196</article-id><article-categories><subj-group subj-group-type="heading"><subject>Poster Presentation</subject></subj-group><subj-group subj-group-type="heading"><subject>Abstracts from the Candida and Candidiasis Meeting 2021</subject></subj-group></article-categories><title-group><article-title>FunHoMic: A Marie Skłodowska-Curie Innovative Training Network for the study of the Fungus-Host-Microbiota interplay</article-title><alt-title alt-title-type="recto-page-foot"><ext-link ext-link-type="uri" xlink:type="simple" xlink:href="http://jmmcr.microbiologyresearch.org">http://jmmcr.microbiologyresearch.org</ext-link></alt-title></title-group><contrib-group><contrib contrib-type="author"><name><surname>Cole</surname><given-names>Nathaniel</given-names></name><xref ref-type="corresp" rid="cor1">&#x002A;</xref></contrib><contrib contrib-type="author"><name><surname>Marsaux</surname><given-names>Benoît</given-names></name><xref ref-type="aff" rid="aff1"/><xref ref-type="aff" rid="aff2"/></contrib><contrib contrib-type="author"><name><surname>Rosati</surname><given-names>Diletta</given-names></name><xref ref-type="aff" rid="aff1"/></contrib><contrib contrib-type="author"><name><surname>Delavy</surname><given-names>Margot</given-names></name><xref ref-type="aff" rid="aff1"/></contrib><contrib contrib-type="author"><name><surname>Kosmala</surname><given-names>Daria</given-names></name><xref ref-type="aff" rid="aff1"/></contrib><contrib contrib-type="author"><name><surname>Xie</surname><given-names>Zixuan</given-names></name><xref ref-type="aff" rid="aff1"/><xref ref-type="aff" rid="aff2"/></contrib><contrib contrib-type="author"><name><surname>Kaune</surname><given-names>Ann-Kristin</given-names></name><xref ref-type="aff" rid="aff1"/></contrib><contrib contrib-type="author"><name><surname>Valentine</surname><given-names>Marisa</given-names></name><xref ref-type="aff" rid="aff1"/></contrib><contrib contrib-type="author"><name><surname>Chakraborty</surname><given-names>Sayoni</given-names></name><xref ref-type="aff" rid="aff1"/></contrib><contrib contrib-type="author"><name><surname>Kaur</surname><given-names>Manjyot</given-names></name><xref ref-type="aff" rid="aff1"/><xref ref-type="aff" rid="aff2"/></contrib><contrib contrib-type="author"><name><surname>Rey</surname><given-names>Leovigildo</given-names></name><xref ref-type="aff" rid="aff1"/></contrib><contrib contrib-type="author"><name><surname>Morelli</surname><given-names>Moran</given-names></name><xref ref-type="aff" rid="aff1"/></contrib><contrib contrib-type="author"><name><surname>Fróis-Martins</surname><given-names>Ricardo</given-names></name><xref ref-type="aff" rid="aff1"/></contrib><contrib contrib-type="author"><name><surname>Walker</surname><given-names>Alan</given-names></name><xref ref-type="aff" rid="aff1"/></contrib><contrib contrib-type="author"><name><surname>Van</surname><given-names>Pieter</given-names></name><xref ref-type="aff" rid="aff1"/></contrib><contrib contrib-type="author"><name><surname>Netea</surname><given-names>Mihai</given-names></name><xref ref-type="aff" rid="aff1"/><xref ref-type="aff" rid="aff2"/></contrib><contrib contrib-type="author"><name><surname>Bougnoux</surname><given-names>Marie-Elisabeth</given-names></name><xref ref-type="aff" rid="aff1"/></contrib><contrib contrib-type="author"><name><surname>Manichanh</surname><given-names>Chaysavanh</given-names></name><xref ref-type="aff" rid="aff1"/></contrib><contrib contrib-type="author"><name><surname>Munro</surname><given-names>Carol</given-names></name><xref ref-type="aff" rid="aff1"/></contrib><contrib contrib-type="author"><name><surname>Hube</surname><given-names>Bernhard</given-names></name><xref ref-type="aff" rid="aff1"/></contrib><contrib contrib-type="author"><name><surname>Jacobsen</surname><given-names>Ilse</given-names></name><xref ref-type="aff" rid="aff1"/></contrib><contrib contrib-type="author"><name><surname>Roget</surname><given-names>Karine</given-names></name><xref ref-type="aff" rid="aff1"/></contrib><contrib contrib-type="author"><name><surname>Thomas</surname><given-names>Vincent</given-names></name><xref ref-type="aff" rid="aff1"/></contrib><contrib contrib-type="author"><name><surname>Queiroz</surname><given-names>Karla</given-names></name><xref ref-type="aff" rid="aff1"/></contrib><contrib contrib-type="author"><name><surname>Leibundgut-Landmann</surname><given-names>Salomé</given-names></name><xref ref-type="aff" rid="aff1"/></contrib><contrib contrib-type="author"><name><surname>Brown</surname><given-names>Alistair</given-names></name><xref ref-type="aff" rid="aff1"/></contrib><contrib contrib-type="author"><name><surname>d'Enfert</surname><given-names>Christophe</given-names></name><xref ref-type="aff" rid="aff1"/></contrib><contrib contrib-type="author"><name><surname></surname><given-names></given-names></name></contrib><contrib contrib-type="author"><name><surname></surname><given-names></given-names></name></contrib><contrib contrib-type="author"><name><surname></surname><given-names></given-names></name></contrib><contrib contrib-type="author"><name><surname></surname><given-names></given-names></name></contrib><aff id="aff1"><institution>The Rowett Institute</institution>, <country> United Kingdom</country></aff><aff id="aff5"><institution>Center for Microbial Ecology and Technology</institution>, <country> Belgium</country></aff><aff id="aff6"><institution>Prodigest</institution>, <country> Belgium</country></aff><aff id="aff9"><institution>Radboud University Medical Center</institution>, <country> Netherlands</country></aff><aff id="aff13"><institution>Institut Pasteur</institution>, <country> France</country></aff><aff id="aff17"><institution>Institut Pasteur</institution>, <country> France</country></aff><aff id="aff21"><institution>Vall d'Hebron Institut de Recerca</institution>, <country> Spain</country></aff><aff id="aff22"><institution>Universidad Autónoma de Barcelona</institution>, <country> Spain</country></aff><aff id="aff25"><institution>University of Aberdeen</institution>, <country> United Kingdom</country></aff><aff id="aff29"><institution>Leibniz Institute for Natural Product Research and Infection Biology</institution>, <country> Germany</country></aff><aff id="aff33"><institution>Leibniz Institute for Natural Product Research and Infection Biology</institution>, <country> Germany</country></aff><aff id="aff37"><institution>Nexbiome</institution>, <country> France</country></aff><aff id="aff38"><institution>University of Clermont Auvergne</institution>, <country> France</country></aff><aff id="aff41"><institution>Bioaster</institution>, <country> France</country></aff><aff id="aff45"><institution>Mimetas</institution>, <country> Netherlands</country></aff><aff id="aff49"><institution>University of Zurich</institution>, <country> Switzerland</country></aff><aff id="aff53"><institution>The Rowett Institute</institution>, <country> United Kingdom</country></aff><aff id="aff57"><institution>Prodigest</institution>, <country> Belgium</country></aff><aff id="aff61"><institution>Radboud University Medical Center</institution>, <country> Netherlands</country></aff><aff id="aff62"><institution>University of Bonn</institution>, <country> Germany</country></aff><aff id="aff65"><institution>Institut Pasteur</institution>, <country> France</country></aff><aff id="aff69"><institution>Vall d'Hebron Institut de Recerca</institution>, <country> Spain</country></aff><aff id="aff73"><institution>University of Aberdeen</institution>, <country> United Kingdom</country></aff><aff id="aff77"><institution>Leibniz Institute for Natural Product Research and Infection Biology</institution>, <country> Germany</country></aff><aff id="aff81"><institution>Leibniz Institute for Natural Product Research and Infection Biology</institution>, <country> Germany</country></aff><aff id="aff85"><institution>Nexbiome</institution>, <country> France</country></aff><aff id="aff89"><institution>Bioaster</institution>, <country> France</country></aff><aff id="aff62"><institution>Mimetas</institution>, <country> Netherlands</country></aff><aff id="aff62"><institution>University of Zurich</institution>, <country> Switzerland</country></aff><aff id="aff62"><institution>University of Exeter</institution>, <country> United Kingdom</country></aff><aff id="aff62"><institution>Institut Pasteur</institution>, <country> France</country></aff></contrib-group><author-notes><corresp id="cor1">&#x002A;<bold>Correspondence:</bold>Nathaniel Cole, <email xlink:href="natelewis520@gmail.com" xlink:type="simple">natelewis520@gmail.com</email></corresp></author-notes><pub-date pub-type="ppub"><month>7</month><year>2020</year></pub-date><pub-date pub-type="epub"><day>10</day><month>07</month><year>2020</year></pub-date><volume>2</volume><issue>7A</issue><elocation-id>2</elocation-id><permissions><copyright-statement>&#x00A9; 2021 The Authors</copyright-statement><copyright-year>2021</copyright-year><license license-type="open-access" xlink:href="http://creativecommons.org/licenses/by/4.0/"><license-p>This is an open-access article distributed under the terms of the Creative Commons Attribution License.</license-p></license></permissions><self-uri xlink:href="acmi.cc2021.po0094.pdf" content-type="pdf"/><abstract><p>Introduction</p><p>
TheFunHoMicproject is a Marie Skłodowska-Curie Innovative Training Network comprising 13 PhD students, 8 academic partners and 3 industry partnersaimingto understand the interplay between fungi, hostsand microbiota to improve prevention and treatment of fungal infections.

Importance

About 2 billion people suffer fungal infections, which have a mortality rate close to that of malaria or breast cancer.Candida albicanshasa high clinical and economic burden, making it ofparticular interestto theFunHoMicproject.70% of women experience at least one episode of vulvovaginal candidiasis (“thrush”) during their lifetime; 8% suffer recurring infections.C. albicansmay live as a commensal but can causesymptomswhen the fungus-host-microbiota equilibrium is disrupted. Infections byC. albicanshave a significant clinical impact, with fatalities in severe cases. Manyfactors are associated withC. albicansinfections; intensive care, neutropenic and diabetic patients are most at risk of systemic infection. Rising antifungal drug resistance has led to certainC. albicansinfections having no treatment option.

Aim

TheFunHoMicconsortium combines projectson fungal pathogenesis, immunology, microbial ecology and’omics technologies to understand and exploit interactionsbetween fungus,host and microbiota.Identification of novel biomarkersonthefungalside such as genetic polymorphisms oronthe host side such asmicrobiota profiles, metabolites and/or immune markers can lead to patient classification based on relative risk of infection. Thiscouldbe the beginning of personalised managementforfungal infections using preventive or therapeutic interventions like new antifungals, immune modulators or Live Biotherapeutic Products (LBPs).



This project has received funding from the European Union’s Horizon 2020 research and innovation programme under the MarieSklodowska-Curie grant agreement No 812969.</p></abstract><custom-meta-group><custom-meta><meta-name>OpenAccessEmbargo</meta-name><meta-value>0</meta-value></custom-meta></custom-meta-group></article-meta></front></article>