<?xml version="1.0" encoding="UTF-8"?><!DOCTYPE article PUBLIC "-//NLM//DTD JATS (Z39.96) Journal Archiving and Interchange DTD v1.1 20151215//EN" "JATS-archivearticle1.dtd"><article xmlns:mml="http://www.w3.org/1998/Math/MathML" xmlns:xlink="http://www.w3.org/1999/xlink" article-type="meeting-report" dtd-version="1.1" xml:lang="EN"><front><journal-meta><journal-id journal-id-type="nlm-ta">Access Microbiology</journal-id><journal-id journal-id-type="hwp">acmi</journal-id><journal-id journal-id-type="publisher-id">acmi</journal-id><journal-title-group><journal-title>Access Microbiology</journal-title><abbrev-journal-title abbrev-type="pubmed">acmi</abbrev-journal-title></journal-title-group><issn pub-type="epub">2516-8290</issn><publisher><publisher-name>Microbiology Society</publisher-name></publisher></journal-meta><article-meta><article-id pub-id-type="publisher-id">acmi.cc2021.po0011</article-id><article-id pub-id-type="doi">24</article-id><article-categories><subj-group subj-group-type="heading"><subject>Oral Abstract</subject></subj-group><subj-group subj-group-type="heading"><subject>Abstracts from the Candida and Candidiasis Meeting 2021</subject></subj-group></article-categories><title-group><article-title>The colon microcosm: a novel in vitro model to study Candida albicans colonisation of the human colon</article-title><alt-title alt-title-type="recto-page-foot"><ext-link ext-link-type="uri" xlink:type="simple" xlink:href="http://jmmcr.microbiologyresearch.org">http://jmmcr.microbiologyresearch.org</ext-link></alt-title></title-group><contrib-group><contrib contrib-type="author"><name><surname>Lenardon</surname><given-names>Megan</given-names></name><xref ref-type="corresp" rid="cor1">&#x002A;</xref></contrib><contrib contrib-type="author"><name><surname></surname><given-names></given-names></name></contrib><contrib contrib-type="author"><name><surname></surname><given-names></given-names></name></contrib><contrib contrib-type="author"><name><surname></surname><given-names></given-names></name></contrib><contrib contrib-type="author"><name><surname></surname><given-names></given-names></name></contrib><contrib contrib-type="author"><name><surname></surname><given-names></given-names></name></contrib><contrib contrib-type="author"><name><surname></surname><given-names></given-names></name></contrib><contrib contrib-type="author"><name><surname></surname><given-names></given-names></name></contrib><contrib contrib-type="author"><name><surname></surname><given-names></given-names></name></contrib><contrib contrib-type="author"><name><surname></surname><given-names></given-names></name></contrib><contrib contrib-type="author"><name><surname></surname><given-names></given-names></name></contrib><contrib contrib-type="author"><name><surname></surname><given-names></given-names></name></contrib><contrib contrib-type="author"><name><surname></surname><given-names></given-names></name></contrib><contrib contrib-type="author"><name><surname></surname><given-names></given-names></name></contrib><contrib contrib-type="author"><name><surname></surname><given-names></given-names></name></contrib><contrib contrib-type="author"><name><surname></surname><given-names></given-names></name></contrib><contrib contrib-type="author"><name><surname></surname><given-names></given-names></name></contrib><contrib contrib-type="author"><name><surname></surname><given-names></given-names></name></contrib><contrib contrib-type="author"><name><surname></surname><given-names></given-names></name></contrib><contrib contrib-type="author"><name><surname></surname><given-names></given-names></name></contrib><contrib contrib-type="author"><name><surname></surname><given-names></given-names></name></contrib><contrib contrib-type="author"><name><surname></surname><given-names></given-names></name></contrib><contrib contrib-type="author"><name><surname></surname><given-names></given-names></name></contrib><contrib contrib-type="author"><name><surname></surname><given-names></given-names></name></contrib><contrib contrib-type="author"><name><surname></surname><given-names></given-names></name></contrib><contrib contrib-type="author"><name><surname></surname><given-names></given-names></name></contrib><contrib contrib-type="author"><name><surname></surname><given-names></given-names></name></contrib><contrib contrib-type="author"><name><surname></surname><given-names></given-names></name></contrib><contrib contrib-type="author"><name><surname></surname><given-names></given-names></name></contrib><contrib contrib-type="author"><name><surname></surname><given-names></given-names></name></contrib><contrib contrib-type="author"><name><surname></surname><given-names></given-names></name></contrib><aff id="aff1"><institution>University of New South Wales</institution>, <country> Australia</country></aff></contrib-group><author-notes><corresp id="cor1">&#x002A;<bold>Correspondence:</bold>Megan Lenardon, <email xlink:href="m.lenardon@unsw.edu.au" xlink:type="simple">m.lenardon@unsw.edu.au</email></corresp></author-notes><pub-date pub-type="ppub"><month>7</month><year>2020</year></pub-date><pub-date pub-type="epub"><day>10</day><month>07</month><year>2020</year></pub-date><volume>2</volume><issue>7A</issue><elocation-id>2</elocation-id><permissions><copyright-statement>&#x00A9; 2021 The Authors</copyright-statement><copyright-year>2021</copyright-year><license license-type="open-access" xlink:href="http://creativecommons.org/licenses/by/4.0/"><license-p>This is an open-access article distributed under the terms of the Creative Commons Attribution License.</license-p></license></permissions><self-uri xlink:href="acmi.cc2021.po0011.pdf" content-type="pdf"/><abstract><p>Candida albicans colonises the gastro-intestinal (GI) tract of over 60% of the population. In severely ill or immune compromised patients, this fungus can escape the gut, disseminate through the body and cause systemic disease. Most research in the field has focused on defining traits that contribute directly to virulence; there are comparatively few studies which have addressed how C. albicans colonises and persists in the gut. Furthermore, such studies have typically been performed mouse models devoid of resident GI bacteria, completely neglecting the major impact of the local microbiota on GI colonisation. How, then, does C. albicans persist in the GI tract in the presence of the normal gut microbiota?</p><p>


To address this question, a novel in vitro two-phase anaerobic fermentation system that simulates the human colon microenvironment has been developed. This “colon microcosm” supports the growth of human faecal microbiota in liquid anaerobic colon medium (phase 1) and C. albicans growth on agar plugs which are added to the medium to mimic the epithelial surface (phase 2). The impact of C. albicans upon the faecal microbiota is monitored by examining the planktonic phase (phase 1), whilst the effect of the microbiota on the growth of C. albicans is monitored after extracting C. albicans cells from the agar plugs (phase 2).



The results of assays carried out to validate the model will be presented, as will data from pilot studies which illustrate the potentially exploitable impact of the human GI microbiota from healthy individuals on C. albicans growth.</p></abstract><custom-meta-group><custom-meta><meta-name>OpenAccessEmbargo</meta-name><meta-value>0</meta-value></custom-meta></custom-meta-group></article-meta></front></article>