<?xml version="1.0" encoding="UTF-8"?><!DOCTYPE article PUBLIC "-//NLM//DTD JATS (Z39.96) Journal Archiving and Interchange DTD v1.1 20151215//EN" "JATS-archivearticle1.dtd"><article xmlns:mml="http://www.w3.org/1998/Math/MathML" xmlns:xlink="http://www.w3.org/1999/xlink" article-type="meeting-report" dtd-version="1.1" xml:lang="EN"><front><journal-meta><journal-id journal-id-type="nlm-ta">Access Microbiology</journal-id><journal-id journal-id-type="hwp">acmi</journal-id><journal-id journal-id-type="publisher-id">acmi</journal-id><journal-title-group><journal-title>Access Microbiology</journal-title><abbrev-journal-title abbrev-type="pubmed">acmi</abbrev-journal-title></journal-title-group><issn pub-type="epub">2516-8290</issn><publisher><publisher-name>Microbiology Society</publisher-name></publisher></journal-meta><article-meta><article-id pub-id-type="publisher-id">acmi.cc2021.po0129</article-id><article-id pub-id-type="doi">265</article-id><article-categories><subj-group subj-group-type="heading"><subject>Oral Abstract</subject></subj-group><subj-group subj-group-type="heading"><subject>Abstracts from the Candida and Candidiasis Meeting 2021</subject></subj-group></article-categories><title-group><article-title>Spatial mapping of immunological epitopes in the Candida cell wall using C-type lectin probes</article-title><alt-title alt-title-type="recto-page-foot"><ext-link ext-link-type="uri" xlink:type="simple" xlink:href="http://jmmcr.microbiologyresearch.org">http://jmmcr.microbiologyresearch.org</ext-link></alt-title></title-group><contrib-group><contrib contrib-type="author"><name><surname>Vendele</surname><given-names>Ingrida</given-names></name></contrib><contrib contrib-type="author"><name><surname>Feizi</surname><given-names>Ten</given-names></name><xref ref-type="aff" rid="aff1"/></contrib><contrib contrib-type="author"><name><surname>Spyrou</surname><given-names>Maria</given-names></name><xref ref-type="aff" rid="aff1"/><xref ref-type="aff" rid="aff2"/></contrib><contrib contrib-type="author"><name><surname>Stappers</surname><given-names>Mark</given-names></name><xref ref-type="aff" rid="aff1"/><xref ref-type="aff" rid="aff2"/></contrib><contrib contrib-type="author"><name><surname>Brown</surname><given-names>Gordon</given-names></name><xref ref-type="aff" rid="aff1"/><xref ref-type="aff" rid="aff2"/></contrib><contrib contrib-type="author"><name><surname>Willment</surname><given-names>Janet</given-names></name><xref ref-type="aff" rid="aff1"/><xref ref-type="aff" rid="aff2"/></contrib><contrib contrib-type="author"><name><surname>Silva</surname><given-names>Lisete</given-names></name><xref ref-type="aff" rid="aff1"/></contrib><contrib contrib-type="author"><name><surname>Palma</surname><given-names>Angelina</given-names></name><xref ref-type="aff" rid="aff1"/></contrib><contrib contrib-type="author"><name><surname>Chaie</surname><given-names>Wengang</given-names></name><xref ref-type="aff" rid="aff1"/></contrib><contrib contrib-type="author"><name><surname>Liu</surname><given-names>Yan</given-names></name><xref ref-type="aff" rid="aff1"/></contrib><contrib contrib-type="author"><name><surname>Gow</surname><given-names>Neil</given-names></name><xref ref-type="aff" rid="aff1"/><xref ref-type="aff" rid="aff2"/></contrib><contrib contrib-type="author"><name><surname></surname><given-names></given-names></name></contrib><contrib contrib-type="author"><name><surname></surname><given-names></given-names></name></contrib><contrib contrib-type="author"><name><surname></surname><given-names></given-names></name></contrib><contrib contrib-type="author"><name><surname></surname><given-names></given-names></name></contrib><contrib contrib-type="author"><name><surname></surname><given-names></given-names></name></contrib><contrib contrib-type="author"><name><surname></surname><given-names></given-names></name></contrib><contrib contrib-type="author"><name><surname></surname><given-names></given-names></name></contrib><contrib contrib-type="author"><name><surname></surname><given-names></given-names></name></contrib><contrib contrib-type="author"><name><surname></surname><given-names></given-names></name></contrib><contrib contrib-type="author"><name><surname></surname><given-names></given-names></name></contrib><contrib contrib-type="author"><name><surname></surname><given-names></given-names></name></contrib><contrib contrib-type="author"><name><surname></surname><given-names></given-names></name></contrib><contrib contrib-type="author"><name><surname></surname><given-names></given-names></name></contrib><contrib contrib-type="author"><name><surname></surname><given-names></given-names></name></contrib><contrib contrib-type="author"><name><surname></surname><given-names></given-names></name></contrib><contrib contrib-type="author"><name><surname></surname><given-names></given-names></name></contrib><contrib contrib-type="author"><name><surname></surname><given-names></given-names></name></contrib><contrib contrib-type="author"><name><surname></surname><given-names></given-names></name></contrib><contrib contrib-type="author"><name><surname></surname><given-names></given-names></name></contrib><contrib contrib-type="author"><name><surname></surname><given-names></given-names></name></contrib><aff id="aff1"><institution>University of Aberdeen</institution>, <country> United Kingdom</country></aff><aff id="aff5"><institution>Imperial College London</institution>, <country> United Kingdom</country></aff><aff id="aff9"><institution>University of Exeter</institution>, <country> United Kingdom</country></aff><aff id="aff10"><institution>University of Aberdeen</institution>, <country> United Kingdom</country></aff><aff id="aff13"><institution>University of Exeter</institution>, <country> United Kingdom</country></aff><aff id="aff14"><institution>University of Aberdeen</institution>, <country> United Kingdom</country></aff><aff id="aff17"><institution>University of Exeter</institution>, <country> United Kingdom</country></aff><aff id="aff18"><institution>University of Aberdeen</institution>, <country> United Kingdom</country></aff><aff id="aff21"><institution>University of Exeter</institution>, <country> United Kingdom</country></aff><aff id="aff22"><institution>University of Aberdeen</institution>, <country> United Kingdom</country></aff><aff id="aff25"><institution>Imperial College London</institution>, <country> United Kingdom</country></aff><aff id="aff29"><institution>Imperial College London</institution>, <country> United Kingdom</country></aff><aff id="aff33"><institution>Imperial College London</institution>, <country> United Kingdom</country></aff><aff id="aff37"><institution>Imperial College London</institution>, <country> United Kingdom</country></aff><aff id="aff41"><institution>University of Exeter</institution>, <country> United Kingdom</country></aff><aff id="aff42"><institution>University of Aberdeen</institution>, <country> United Kingdom</country></aff></contrib-group><author-notes><corresp id="cor1">&#x002A;<bold>Correspondence:</bold>Neil Gow, <email xlink:href="n.gow@exeter.ac.uk" xlink:type="simple">n.gow@exeter.ac.uk</email></corresp></author-notes><pub-date pub-type="ppub"><month>7</month><year>2020</year></pub-date><pub-date pub-type="epub"><day>10</day><month>07</month><year>2020</year></pub-date><volume>2</volume><issue>7A</issue><elocation-id>2</elocation-id><permissions><copyright-statement>&#x00A9; 2021 The Authors</copyright-statement><copyright-year>2021</copyright-year><license license-type="open-access" xlink:href="http://creativecommons.org/licenses/by/4.0/"><license-p>This is an open-access article distributed under the terms of the Creative Commons Attribution License.</license-p></license></permissions><self-uri xlink:href="acmi.cc2021.po0129.pdf" content-type="pdf"/><abstract><p>The primary recognition event between a fungal pathogen and the immune system normally involves the engagement of a pattern recognition receptor with specific components of the cell wall. However, the cell wall is a complex three dimensional structure whose composition changes rapidly in accordance with environmental stimuli. Therefore it is important to know what is the precise nature of the primary recognition event, how many events occur to activate the immune response and how these recognition events are affected by changes in cell wall architecture, cellular morphogenesis and physiological adaptation of the pathogen to specific niches in the human body. We address this fundamental question using four soluble immune C-Type lectin receptor-probes which recognize specific mannans and β-1,3 glucan in the cell wall. We use these C-type lectin probes to demonstrate that mannan epitopes are differentially distributed in the inner and outer layers of fungal cell wall in a clustered or diffuse manner. Immune reactivity of fungal cell surfaces did not correlate with relatedness of different fungal species, and mannan-detecting receptor-probes discriminated between cell surface mannans generated by the same fungus growing under different conditions. These studies demonstrate that mannan-epitopes within fungal cell walls are differentially distributed and dynamically expressed as the fungus adapted to microenvironments that would be encountered in vivo.</p></abstract><custom-meta-group><custom-meta><meta-name>OpenAccessEmbargo</meta-name><meta-value>0</meta-value></custom-meta></custom-meta-group></article-meta></front></article>