<?xml version="1.0" encoding="UTF-8"?><!DOCTYPE article PUBLIC "-//NLM//DTD JATS (Z39.96) Journal Archiving and Interchange DTD v1.1 20151215//EN" "JATS-archivearticle1.dtd"><article xmlns:mml="http://www.w3.org/1998/Math/MathML" xmlns:xlink="http://www.w3.org/1999/xlink" article-type="meeting-report" dtd-version="1.1" xml:lang="EN"><front><journal-meta><journal-id journal-id-type="nlm-ta">Access Microbiology</journal-id><journal-id journal-id-type="hwp">acmi</journal-id><journal-id journal-id-type="publisher-id">acmi</journal-id><journal-title-group><journal-title>Access Microbiology</journal-title><abbrev-journal-title abbrev-type="pubmed">acmi</abbrev-journal-title></journal-title-group><issn pub-type="epub">2516-8290</issn><publisher><publisher-name>Microbiology Society</publisher-name></publisher></journal-meta><article-meta><article-id pub-id-type="publisher-id">acmi.cc2021.po0077</article-id><article-id pub-id-type="doi">175</article-id><article-categories><subj-group subj-group-type="heading"><subject>Oral Abstract</subject></subj-group><subj-group subj-group-type="heading"><subject>Abstracts from the Candida and Candidiasis Meeting 2021</subject></subj-group></article-categories><title-group><article-title>Identification of genome-wide alternative splicing events in sequential, isogenic clinical isolates of Candida albicans reveals a mechanism important for drug resistance and tolerance to cellular stress</article-title><alt-title alt-title-type="recto-page-foot"><ext-link ext-link-type="uri" xlink:type="simple" xlink:href="http://jmmcr.microbiologyresearch.org">http://jmmcr.microbiologyresearch.org</ext-link></alt-title></title-group><contrib-group><contrib contrib-type="author"><name><surname>Muzafar</surname><given-names>Suraya</given-names></name><xref ref-type="aff" rid="aff2"/><xref ref-type="corresp" rid="cor1">&#x002A;</xref></contrib><contrib contrib-type="author"><name><surname>Chauhan</surname><given-names>Neeraj</given-names></name><xref ref-type="aff" rid="aff1"/></contrib><contrib contrib-type="author"><name><surname>Datta</surname><given-names>Ravi</given-names></name><xref ref-type="aff" rid="aff1"/></contrib><contrib contrib-type="author"><name><surname>Prasad</surname><given-names>Rajendra</given-names></name><xref ref-type="aff" rid="aff1"/></contrib><contrib contrib-type="author"><name><surname></surname><given-names></given-names></name></contrib><contrib contrib-type="author"><name><surname></surname><given-names></given-names></name></contrib><contrib contrib-type="author"><name><surname></surname><given-names></given-names></name></contrib><contrib contrib-type="author"><name><surname></surname><given-names></given-names></name></contrib><contrib contrib-type="author"><name><surname></surname><given-names></given-names></name></contrib><contrib contrib-type="author"><name><surname></surname><given-names></given-names></name></contrib><contrib contrib-type="author"><name><surname></surname><given-names></given-names></name></contrib><contrib contrib-type="author"><name><surname></surname><given-names></given-names></name></contrib><contrib contrib-type="author"><name><surname></surname><given-names></given-names></name></contrib><contrib contrib-type="author"><name><surname></surname><given-names></given-names></name></contrib><contrib contrib-type="author"><name><surname></surname><given-names></given-names></name></contrib><contrib contrib-type="author"><name><surname></surname><given-names></given-names></name></contrib><contrib contrib-type="author"><name><surname></surname><given-names></given-names></name></contrib><contrib contrib-type="author"><name><surname></surname><given-names></given-names></name></contrib><contrib contrib-type="author"><name><surname></surname><given-names></given-names></name></contrib><contrib contrib-type="author"><name><surname></surname><given-names></given-names></name></contrib><contrib contrib-type="author"><name><surname></surname><given-names></given-names></name></contrib><contrib contrib-type="author"><name><surname></surname><given-names></given-names></name></contrib><contrib contrib-type="author"><name><surname></surname><given-names></given-names></name></contrib><contrib contrib-type="author"><name><surname></surname><given-names></given-names></name></contrib><contrib contrib-type="author"><name><surname></surname><given-names></given-names></name></contrib><contrib contrib-type="author"><name><surname></surname><given-names></given-names></name></contrib><contrib contrib-type="author"><name><surname></surname><given-names></given-names></name></contrib><contrib contrib-type="author"><name><surname></surname><given-names></given-names></name></contrib><contrib contrib-type="author"><name><surname></surname><given-names></given-names></name></contrib><contrib contrib-type="author"><name><surname></surname><given-names></given-names></name></contrib><contrib contrib-type="author"><name><surname></surname><given-names></given-names></name></contrib><aff id="aff1"><institution>Public Health Research Institute</institution>, <country> New Jersey Medical School</country></aff><aff id="aff2"><institution>Amity Institute of Integrative Sciences and Health</institution>, <country> Amity University Haryana</country></aff><aff id="aff5"><institution>Public Health Research Institute</institution>, <country> New Jersey Medical School</country></aff><aff id="aff9"><institution>Amity Institute of Integrative Sciences and Health</institution>, <country> Amity University Haryana</country></aff><aff id="aff13"><institution>Amity Institute of Integrative Sciences and Health</institution>, <country> Amity University Haryana</country></aff></contrib-group><author-notes><corresp id="cor1">&#x002A;<bold>Correspondence:</bold>Suraya Muzafar, <email xlink:href="iinain786@gmail.com" xlink:type="simple">iinain786@gmail.com</email></corresp></author-notes><pub-date pub-type="ppub"><month>7</month><year>2020</year></pub-date><pub-date pub-type="epub"><day>10</day><month>07</month><year>2020</year></pub-date><volume>2</volume><issue>7A</issue><elocation-id>2</elocation-id><permissions><copyright-statement>&#x00A9; 2021 The Authors</copyright-statement><copyright-year>2021</copyright-year><license license-type="open-access" xlink:href="http://creativecommons.org/licenses/by/4.0/"><license-p>This is an open-access article distributed under the terms of the Creative Commons Attribution License.</license-p></license></permissions><self-uri xlink:href="acmi.cc2021.po0077.pdf" content-type="pdf"/><abstract><p>Alternative gene splicing (AS) is a process by which a single gene can give rise to different protein isoforms, generating proteome diversity. Despite recent advances in our understanding of AS in basic cellular processes, the role of AS in drug resistance and fungal pathogenesis is poorly understood. In Candida albicans, approximately 6% of the genes contain introns. Considering this low and random distribution of introns, we focused our study on alternative splicing (AS) and its impact on the development of drug resistance, an area largely unexplored in this yeast. We performed comparative RNA sequencing of sequential isogenic azole sensitive and resistant isolates of C. albicans. The analysis revealed differential expression of splice junctions/isoforms in 14 genes, between the drug sensitive and resistant isolates. Furthermore, C. albicans WT cells exposed to antifungal drugs, heat stress or metal deficiency also showed differential expression of isoforms for the genes undergoing AS. In this study we present data on the effect of AS on the function of SOD3. The C. albicans SOD3 has a single intron and is important for the removal of superoxide radicals. The overexpression of the two isoforms of SOD3 in its null background highlighted importance of spliced isoform in complementing the susceptibility to menadione. However, the two isoforms did not differ in rescuing the susceptibility of sod3Δ/Δto Amphotericin B. Collectively, these data suggest that AS may be a novel mechanism in C. albicans for stress adaptation and overcoming drug resistance.</p></abstract><custom-meta-group><custom-meta><meta-name>OpenAccessEmbargo</meta-name><meta-value>0</meta-value></custom-meta></custom-meta-group></article-meta></front></article>