<?xml version="1.0" encoding="UTF-8"?><!DOCTYPE article PUBLIC "-//NLM//DTD JATS (Z39.96) Journal Archiving and Interchange DTD v1.1 20151215//EN" "JATS-archivearticle1.dtd"><article xmlns:mml="http://www.w3.org/1998/Math/MathML" xmlns:xlink="http://www.w3.org/1999/xlink" article-type="meeting-report" dtd-version="1.1" xml:lang="EN"><front><journal-meta><journal-id journal-id-type="nlm-ta">Access Microbiology</journal-id><journal-id journal-id-type="hwp">acmi</journal-id><journal-id journal-id-type="publisher-id">acmi</journal-id><journal-title-group><journal-title>Access Microbiology</journal-title><abbrev-journal-title abbrev-type="pubmed">acmi</abbrev-journal-title></journal-title-group><issn pub-type="epub">2516-8290</issn><publisher><publisher-name>Microbiology Society</publisher-name></publisher></journal-meta><article-meta><article-id pub-id-type="publisher-id">acmi.cc2021.po0133</article-id><article-id pub-id-type="doi">271</article-id><article-categories><subj-group subj-group-type="heading"><subject>Poster Presentation</subject></subj-group><subj-group subj-group-type="heading"><subject>Abstracts from the Candida and Candidiasis Meeting 2021</subject></subj-group></article-categories><title-group><article-title>Novel antifungal activity of Q-Griffithsin, a broad-spectrum antiviral lectin</article-title><alt-title alt-title-type="recto-page-foot"><ext-link ext-link-type="uri" xlink:type="simple" xlink:href="http://jmmcr.microbiologyresearch.org">http://jmmcr.microbiologyresearch.org</ext-link></alt-title></title-group><contrib-group><contrib contrib-type="author"><name><surname>Nabeta</surname><given-names>Henry</given-names></name></contrib><contrib contrib-type="author"><name><surname>C</surname><given-names>Joseph</given-names></name><xref ref-type="aff" rid="aff1"/></contrib><contrib contrib-type="author"><name><surname>Lasnik</surname><given-names>Amanda</given-names></name><xref ref-type="aff" rid="aff1"/></contrib><contrib contrib-type="author"><name><surname>Fuqua</surname><given-names>Joshua</given-names></name><xref ref-type="aff" rid="aff1"/></contrib><contrib contrib-type="author"><name><surname>E</surname><given-names>Kenneth</given-names></name><xref ref-type="aff" rid="aff1"/></contrib><contrib contrib-type="author"><name><surname></surname><given-names></given-names></name></contrib><contrib contrib-type="author"><name><surname></surname><given-names></given-names></name></contrib><contrib contrib-type="author"><name><surname></surname><given-names></given-names></name></contrib><contrib contrib-type="author"><name><surname></surname><given-names></given-names></name></contrib><contrib contrib-type="author"><name><surname></surname><given-names></given-names></name></contrib><contrib contrib-type="author"><name><surname></surname><given-names></given-names></name></contrib><contrib contrib-type="author"><name><surname></surname><given-names></given-names></name></contrib><contrib contrib-type="author"><name><surname></surname><given-names></given-names></name></contrib><contrib contrib-type="author"><name><surname></surname><given-names></given-names></name></contrib><contrib contrib-type="author"><name><surname></surname><given-names></given-names></name></contrib><contrib contrib-type="author"><name><surname></surname><given-names></given-names></name></contrib><contrib contrib-type="author"><name><surname></surname><given-names></given-names></name></contrib><contrib contrib-type="author"><name><surname></surname><given-names></given-names></name></contrib><contrib contrib-type="author"><name><surname></surname><given-names></given-names></name></contrib><contrib contrib-type="author"><name><surname></surname><given-names></given-names></name></contrib><contrib contrib-type="author"><name><surname></surname><given-names></given-names></name></contrib><contrib contrib-type="author"><name><surname></surname><given-names></given-names></name></contrib><contrib contrib-type="author"><name><surname></surname><given-names></given-names></name></contrib><contrib contrib-type="author"><name><surname></surname><given-names></given-names></name></contrib><contrib contrib-type="author"><name><surname></surname><given-names></given-names></name></contrib><contrib contrib-type="author"><name><surname></surname><given-names></given-names></name></contrib><contrib contrib-type="author"><name><surname></surname><given-names></given-names></name></contrib><contrib contrib-type="author"><name><surname></surname><given-names></given-names></name></contrib><contrib contrib-type="author"><name><surname></surname><given-names></given-names></name></contrib><contrib contrib-type="author"><name><surname></surname><given-names></given-names></name></contrib><contrib contrib-type="author"><name><surname></surname><given-names></given-names></name></contrib><aff id="aff1"><institution>University of Louisville</institution>, <country> USA</country></aff><aff id="aff5"><institution>University of Louisville</institution>, <country> USA</country></aff><aff id="aff9"><institution>University of Louisville</institution>, <country> USA</country></aff><aff id="aff13"><institution>University of Louisville</institution>, <country> USA</country></aff><aff id="aff17"><institution>University of Louisville</institution>, <country> USA</country></aff></contrib-group><author-notes><corresp id="cor1">&#x002A;<bold>Correspondence:</bold>Henry W Nabeta, <email xlink:href="hwnabeta@gmail.com" xlink:type="simple">hwnabeta@gmail.com</email></corresp></author-notes><pub-date pub-type="ppub"><month>7</month><year>2020</year></pub-date><pub-date pub-type="epub"><day>10</day><month>07</month><year>2020</year></pub-date><volume>2</volume><issue>7A</issue><elocation-id>2</elocation-id><permissions><copyright-statement>&#x00A9; 2021 The Authors</copyright-statement><copyright-year>2021</copyright-year><license license-type="open-access" xlink:href="http://creativecommons.org/licenses/by/4.0/"><license-p>This is an open-access article distributed under the terms of the Creative Commons Attribution License.</license-p></license></permissions><self-uri xlink:href="acmi.cc2021.po0133.pdf" content-type="pdf"/><abstract><p>Background</p><p>
There is a rising global trend in candida strains with high resistance to fluconazole and other antifungal drugs, hence the need for novel agents. Here, we investigated the anti-Candida activity of Q-Griffithsin (Q-GRFT), a lectin naturally produced by the red-sea algae, Griffithsia spp.

Methods

To assess in vitro growth inhibitory activity, C. albicans was incubated with Q-GRFT on agar plates and in broth media. We investigated GFP-bound Q-GRFT’s ability to adhere to C. albicans using fluorescence microscopy and fluorescence intensity assessments. To demonstrate in vivogrowth inhibitory activity, CBA/J mice were treated per vaginam with Q-GRFT followed by challenge with C. albicans,and fungal burden determined following vaginal lavage.

Results

Wild type fluorescently labeled Q-GRFT displayed higher fluorescence than the lectin-binding site deficient variant following incubation with C. albicans.Q-GRFT localized around the fungal cells and bound to α-mannan in the cell wall. Q-GRFT significantly inhibited C. albicans growth in broth and on agar plates, disrupted the integrity of the cell wall, and induced ROS formation. The lectin significantly inhibited the growth of C. glabrata, C. parapsilosis and C. krusei, with modest activity against C. auris CDC388 and C. auris CDC389 strains in vitro. Topical treatment resulted in a lower fungal burden compared to the vehicle control group in vaginal candidiasis.

Conclusion

Q-GRFT binds to and inhibits C. albicans growth both in vitro and in vivo. Further studies are needed to establish the mechanism of growth inhibition.</p></abstract><custom-meta-group><custom-meta><meta-name>OpenAccessEmbargo</meta-name><meta-value>0</meta-value></custom-meta></custom-meta-group></article-meta></front></article>