<?xml version="1.0" encoding="UTF-8"?><!DOCTYPE article PUBLIC "-//NLM//DTD JATS (Z39.96) Journal Archiving and Interchange DTD v1.1 20151215//EN" "JATS-archivearticle1.dtd"><article xmlns:mml="http://www.w3.org/1998/Math/MathML" xmlns:xlink="http://www.w3.org/1999/xlink" article-type="meeting-report" dtd-version="1.1" xml:lang="EN"><front><journal-meta><journal-id journal-id-type="nlm-ta">Access Microbiology</journal-id><journal-id journal-id-type="hwp">acmi</journal-id><journal-id journal-id-type="publisher-id">acmi</journal-id><journal-title-group><journal-title>Access Microbiology</journal-title><abbrev-journal-title abbrev-type="pubmed">acmi</abbrev-journal-title></journal-title-group><issn pub-type="epub">2516-8290</issn><publisher><publisher-name>Microbiology Society</publisher-name></publisher></journal-meta><article-meta><article-id pub-id-type="publisher-id">acmi.cc2021.po0080</article-id><article-id pub-id-type="doi">178</article-id><article-categories><subj-group subj-group-type="heading"><subject>Poster Presentation</subject></subj-group><subj-group subj-group-type="heading"><subject>Abstracts from the Candida and Candidiasis Meeting 2021</subject></subj-group></article-categories><title-group><article-title>A systemic analysis of amino acid transporters identifies Gnp2 as the main proline permease in Candida albicans</article-title><alt-title alt-title-type="recto-page-foot"><ext-link ext-link-type="uri" xlink:type="simple" xlink:href="http://jmmcr.microbiologyresearch.org">http://jmmcr.microbiologyresearch.org</ext-link></alt-title></title-group><contrib-group><contrib contrib-type="author"><name><surname>Garbe</surname><given-names>Enrico</given-names></name><xref ref-type="corresp" rid="cor1">&#x002A;</xref></contrib><contrib contrib-type="author"><name><surname>Miramon</surname><given-names>Pedro</given-names></name><xref ref-type="aff" rid="aff1"/></contrib><contrib contrib-type="author"><name><surname>Gerwien</surname><given-names>Franziska</given-names></name><xref ref-type="aff" rid="aff1"/></contrib><contrib contrib-type="author"><name><surname>Lorenz</surname><given-names>Michael</given-names></name><xref ref-type="aff" rid="aff1"/></contrib><contrib contrib-type="author"><name><surname>Vylkova</surname><given-names>Slavena</given-names></name><xref ref-type="aff" rid="aff1"/></contrib><contrib contrib-type="author"><name><surname></surname><given-names></given-names></name></contrib><contrib contrib-type="author"><name><surname></surname><given-names></given-names></name></contrib><contrib contrib-type="author"><name><surname></surname><given-names></given-names></name></contrib><contrib contrib-type="author"><name><surname></surname><given-names></given-names></name></contrib><contrib contrib-type="author"><name><surname></surname><given-names></given-names></name></contrib><contrib contrib-type="author"><name><surname></surname><given-names></given-names></name></contrib><contrib contrib-type="author"><name><surname></surname><given-names></given-names></name></contrib><contrib contrib-type="author"><name><surname></surname><given-names></given-names></name></contrib><contrib contrib-type="author"><name><surname></surname><given-names></given-names></name></contrib><contrib contrib-type="author"><name><surname></surname><given-names></given-names></name></contrib><contrib contrib-type="author"><name><surname></surname><given-names></given-names></name></contrib><contrib contrib-type="author"><name><surname></surname><given-names></given-names></name></contrib><contrib contrib-type="author"><name><surname></surname><given-names></given-names></name></contrib><contrib contrib-type="author"><name><surname></surname><given-names></given-names></name></contrib><contrib contrib-type="author"><name><surname></surname><given-names></given-names></name></contrib><contrib contrib-type="author"><name><surname></surname><given-names></given-names></name></contrib><contrib contrib-type="author"><name><surname></surname><given-names></given-names></name></contrib><contrib contrib-type="author"><name><surname></surname><given-names></given-names></name></contrib><contrib contrib-type="author"><name><surname></surname><given-names></given-names></name></contrib><contrib contrib-type="author"><name><surname></surname><given-names></given-names></name></contrib><contrib contrib-type="author"><name><surname></surname><given-names></given-names></name></contrib><contrib contrib-type="author"><name><surname></surname><given-names></given-names></name></contrib><contrib contrib-type="author"><name><surname></surname><given-names></given-names></name></contrib><contrib contrib-type="author"><name><surname></surname><given-names></given-names></name></contrib><contrib contrib-type="author"><name><surname></surname><given-names></given-names></name></contrib><contrib contrib-type="author"><name><surname></surname><given-names></given-names></name></contrib><aff id="aff1"><institution>Septomics Research Center</institution>, <country> Friedrich Schiller University and Leibniz Institute for Natural Product Research and Infection Biology - Hans Knöll Institute</country></aff><aff id="aff5"><institution>Department of Microbiology and Molecular Genetics</institution>, <country> McGovern Medical School</country></aff><aff id="aff9"><institution>Septomics Research Center</institution>, <country> Friedrich Schiller University and Leibniz Institute for Natural Product Research and Infection Biology - Hans Knöll Institute</country></aff><aff id="aff13"><institution>Department of Microbiology and Molecular Genetics</institution>, <country> McGovern Medical School</country></aff><aff id="aff17"><institution>Septomics Research Center</institution>, <country> Friedrich Schiller University and Leibniz Institute for Natural Product Research and Infection Biology - Hans Knöll Institute</country></aff></contrib-group><author-notes><corresp id="cor1">&#x002A;<bold>Correspondence:</bold>Enrico Garbe, <email xlink:href="enrico.garbe@leibniz-hki.de" xlink:type="simple">enrico.garbe@leibniz-hki.de</email></corresp></author-notes><pub-date pub-type="ppub"><month>7</month><year>2020</year></pub-date><pub-date pub-type="epub"><day>10</day><month>07</month><year>2020</year></pub-date><volume>2</volume><issue>7A</issue><elocation-id>2</elocation-id><permissions><copyright-statement>&#x00A9; 2021 The Authors</copyright-statement><copyright-year>2021</copyright-year><license license-type="open-access" xlink:href="http://creativecommons.org/licenses/by/4.0/"><license-p>This is an open-access article distributed under the terms of the Creative Commons Attribution License.</license-p></license></permissions><self-uri xlink:href="acmi.cc2021.po0080.pdf" content-type="pdf"/><abstract><p>The tight association of Candida albicans with the human host has driven the evolution of mechanisms that permit metabolic flexibility. Amino acids, present in free form or peptide bound, are an abundant carbon and nitrogen source in many host niches. Further,the capacity to sense and utilize certain amino acids, like proline, is directly linked to virulence. The C. albicansgenome encodes for at least 24 amino acid permeases (AAPs), highlighting the importance of flexible amino acid uptake for fungal growth and virulence. Although the substrate specificity and role of certain AAPs has been investigated, a comprehensive characterization was missing. Therefore, we assembled a library of AAP deletion strains, whichwas tested for resistance to toxic amino acid analogs. Most striking was the specific resistance of gnp2Δ tothe proline analog 3,4‑dehydroproline.Subsequent tests validated that Gnp2 is a specific proline permease in C. albicans, which is contrary to the model yeastSaccharomyces cerevisiae where proline transport is mediated by four permeases. Furthermore, the induction of GNP2appears to be independent of the SPS (Ssy1-Ptr3-Ssy5) regulatory pathway that controls proline utilization in the model yeast, pointing towards rewired proline uptake in C. albicans. Additionally, strains lacking GNP2were unable to respond to proline‑induced filamentation, displayed decreased cytotoxicity to macrophages and showed increased sensitivity to oxidative stress, underlining the importance of proline uptake for fungal virulence. Taken together, the role of Gnp2-mediated proline uptake illustrates the importance of metabolism-driven virulence in C. albicans.</p></abstract><custom-meta-group><custom-meta><meta-name>OpenAccessEmbargo</meta-name><meta-value>0</meta-value></custom-meta></custom-meta-group></article-meta></front></article>