<?xml version="1.0" encoding="UTF-8"?><!DOCTYPE article PUBLIC "-//NLM//DTD JATS (Z39.96) Journal Archiving and Interchange DTD v1.1 20151215//EN" "JATS-archivearticle1.dtd"><article xmlns:mml="http://www.w3.org/1998/Math/MathML" xmlns:xlink="http://www.w3.org/1999/xlink" article-type="meeting-report" dtd-version="1.1" xml:lang="EN"><front><journal-meta><journal-id journal-id-type="nlm-ta">Access Microbiology</journal-id><journal-id journal-id-type="hwp">acmi</journal-id><journal-id journal-id-type="publisher-id">acmi</journal-id><journal-title-group><journal-title>Access Microbiology</journal-title><abbrev-journal-title abbrev-type="pubmed">acmi</abbrev-journal-title></journal-title-group><issn pub-type="epub">2516-8290</issn><publisher><publisher-name>Microbiology Society</publisher-name></publisher></journal-meta><article-meta><article-id pub-id-type="publisher-id">acmi.cc2021.po0097</article-id><article-id pub-id-type="doi">201</article-id><article-categories><subj-group subj-group-type="heading"><subject>Poster Presentation</subject></subj-group><subj-group subj-group-type="heading"><subject>Abstracts from the Candida and Candidiasis Meeting 2021</subject></subj-group></article-categories><title-group><article-title>The Microbial Ecology of Candida albicans Strains CHN1 and SC5314 in Mice</article-title><alt-title alt-title-type="recto-page-foot"><ext-link ext-link-type="uri" xlink:type="simple" xlink:href="http://jmmcr.microbiologyresearch.org">http://jmmcr.microbiologyresearch.org</ext-link></alt-title></title-group><contrib-group><contrib contrib-type="author"><name><surname>Bazzi</surname><given-names>Malak</given-names></name><xref ref-type="corresp" rid="cor1">&#x002A;</xref></contrib><contrib contrib-type="author"><name><surname>Nawrocki</surname><given-names>Katie</given-names></name><xref ref-type="aff" rid="aff1"/></contrib><contrib contrib-type="author"><name><surname>Brown</surname><given-names>Christopher</given-names></name><xref ref-type="aff" rid="aff1"/></contrib><contrib contrib-type="author"><name><surname>Falkowski</surname><given-names>Nicole</given-names></name><xref ref-type="aff" rid="aff1"/></contrib><contrib contrib-type="author"><name><surname>Stark</surname><given-names>Kelsey</given-names></name><xref ref-type="aff" rid="aff1"/></contrib><contrib contrib-type="author"><name><surname>Huffnagle</surname><given-names>Gary</given-names></name><xref ref-type="aff" rid="aff1"/></contrib><contrib contrib-type="author"><name><surname></surname><given-names></given-names></name></contrib><contrib contrib-type="author"><name><surname></surname><given-names></given-names></name></contrib><contrib contrib-type="author"><name><surname></surname><given-names></given-names></name></contrib><contrib contrib-type="author"><name><surname></surname><given-names></given-names></name></contrib><contrib contrib-type="author"><name><surname></surname><given-names></given-names></name></contrib><contrib contrib-type="author"><name><surname></surname><given-names></given-names></name></contrib><contrib contrib-type="author"><name><surname></surname><given-names></given-names></name></contrib><contrib contrib-type="author"><name><surname></surname><given-names></given-names></name></contrib><contrib contrib-type="author"><name><surname></surname><given-names></given-names></name></contrib><contrib contrib-type="author"><name><surname></surname><given-names></given-names></name></contrib><contrib contrib-type="author"><name><surname></surname><given-names></given-names></name></contrib><contrib contrib-type="author"><name><surname></surname><given-names></given-names></name></contrib><contrib contrib-type="author"><name><surname></surname><given-names></given-names></name></contrib><contrib contrib-type="author"><name><surname></surname><given-names></given-names></name></contrib><contrib contrib-type="author"><name><surname></surname><given-names></given-names></name></contrib><contrib contrib-type="author"><name><surname></surname><given-names></given-names></name></contrib><contrib contrib-type="author"><name><surname></surname><given-names></given-names></name></contrib><contrib contrib-type="author"><name><surname></surname><given-names></given-names></name></contrib><contrib contrib-type="author"><name><surname></surname><given-names></given-names></name></contrib><contrib contrib-type="author"><name><surname></surname><given-names></given-names></name></contrib><contrib contrib-type="author"><name><surname></surname><given-names></given-names></name></contrib><contrib contrib-type="author"><name><surname></surname><given-names></given-names></name></contrib><contrib contrib-type="author"><name><surname></surname><given-names></given-names></name></contrib><contrib contrib-type="author"><name><surname></surname><given-names></given-names></name></contrib><contrib contrib-type="author"><name><surname></surname><given-names></given-names></name></contrib><aff id="aff1"><institution>University of Michigan</institution>, <country> USA</country></aff><aff id="aff5"><institution>University of Michigan</institution>, <country> USA</country></aff><aff id="aff9"><institution>University of Michigan</institution>, <country> USA</country></aff><aff id="aff13"><institution>University of Michigan</institution>, <country> USA</country></aff><aff id="aff17"><institution>University of Michigan</institution>, <country> USA</country></aff><aff id="aff21"><institution>University of Michigan</institution>, <country> USA</country></aff></contrib-group><author-notes><corresp id="cor1">&#x002A;<bold>Correspondence:</bold>Malak Bazzi, <email xlink:href="bazzimh@umich.edu" xlink:type="simple">bazzimh@umich.edu</email></corresp></author-notes><pub-date pub-type="ppub"><month>7</month><year>2020</year></pub-date><pub-date pub-type="epub"><day>10</day><month>07</month><year>2020</year></pub-date><volume>2</volume><issue>7A</issue><elocation-id>2</elocation-id><permissions><copyright-statement>&#x00A9; 2021 The Authors</copyright-statement><copyright-year>2021</copyright-year><license license-type="open-access" xlink:href="http://creativecommons.org/licenses/by/4.0/"><license-p>This is an open-access article distributed under the terms of the Creative Commons Attribution License.</license-p></license></permissions><self-uri xlink:href="acmi.cc2021.po0097.pdf" content-type="pdf"/><abstract><p>Strain SC5314 is the most widely studied strain of Candida albicans. Despite C. albicans being the most commonly isolated yeast from the human gastrointestinal (GI) microbiome, strain SC5314 does not stably colonize the mouse GI tract long term, even after antibiotic disruption. In contrast, strain CHN1 will stably colonize the mouse GI tract long term. Comparative genomic analysis of strain CHN1 indicates that it belongs to a different evolutionary clade of C. albicans than strain SC5314. Previous studies from our laboratory have shown that colonization by strain CHN1 causes a change in the GI bacterial microbiome of mice and predisposes them to more robust Th2 immune responses. Despite this, little is known about the GI microbial ecology of SC5314 vs. CHN1 and subsequent host responses. Using a short-term antibiotic disruption model in C57BL/6 mice, we have been able to observe significantly different colonization kinetics between these two C. albicans strains, with CHN1 establishing stable long-term colonization. In contrast, colonization by SC5314 was lower, highly variable and cage-dependent.C. albicans colonization kinetics impacted the composition of the bacterial microbiome with a marked effect on the levels of Lactobacillus and Enterococcus. qPCR analysis of 46 host immune response genes did not detect significant differences in host gene expression between SC5134 and CHN1 colonized mice, except for chitinase expression. Thus, these studies suggest that yeast-bacteria interactions in the microbiome may be far more important in determining long-term colonization potential of C. albicansand secondary immunomodulatory effects.</p></abstract><custom-meta-group><custom-meta><meta-name>OpenAccessEmbargo</meta-name><meta-value>0</meta-value></custom-meta></custom-meta-group></article-meta></front></article>