<?xml version="1.0" encoding="UTF-8"?><!DOCTYPE article PUBLIC "-//NLM//DTD JATS (Z39.96) Journal Archiving and Interchange DTD v1.1 20151215//EN" "JATS-archivearticle1.dtd"><article xmlns:mml="http://www.w3.org/1998/Math/MathML" xmlns:xlink="http://www.w3.org/1999/xlink" article-type="meeting-report" dtd-version="1.1" xml:lang="EN"><front><journal-meta><journal-id journal-id-type="nlm-ta">Access Microbiology</journal-id><journal-id journal-id-type="hwp">acmi</journal-id><journal-id journal-id-type="publisher-id">acmi</journal-id><journal-title-group><journal-title>Access Microbiology</journal-title><abbrev-journal-title abbrev-type="pubmed">acmi</abbrev-journal-title></journal-title-group><issn pub-type="epub">2516-8290</issn><publisher><publisher-name>Microbiology Society</publisher-name></publisher></journal-meta><article-meta><article-id pub-id-type="publisher-id">acmi.cc2021.po0154</article-id><article-id pub-id-type="doi">335</article-id><article-categories><subj-group subj-group-type="heading"><subject>Poster Presentation</subject></subj-group><subj-group subj-group-type="heading"><subject>Abstracts from the Candida and Candidiasis Meeting 2021</subject></subj-group></article-categories><title-group><article-title>Short peptides derived from EntV inhibit virulence and biofilm formation in Candida albicans</article-title><alt-title alt-title-type="recto-page-foot"><ext-link ext-link-type="uri" xlink:type="simple" xlink:href="http://jmmcr.microbiologyresearch.org">http://jmmcr.microbiologyresearch.org</ext-link></alt-title></title-group><contrib-group><contrib contrib-type="author"><name><surname>Cristy</surname><given-names>Shane</given-names></name><xref ref-type="corresp" rid="cor1">&#x002A;</xref></contrib><contrib contrib-type="author"><name><surname>Garsin</surname><given-names>Danielle</given-names></name><xref ref-type="aff" rid="aff1"/></contrib><contrib contrib-type="author"><name><surname>Lorenz</surname><given-names>Michael</given-names></name><xref ref-type="aff" rid="aff1"/></contrib><contrib contrib-type="author"><name><surname></surname><given-names></given-names></name></contrib><contrib contrib-type="author"><name><surname></surname><given-names></given-names></name></contrib><contrib contrib-type="author"><name><surname></surname><given-names></given-names></name></contrib><contrib contrib-type="author"><name><surname></surname><given-names></given-names></name></contrib><contrib contrib-type="author"><name><surname></surname><given-names></given-names></name></contrib><contrib contrib-type="author"><name><surname></surname><given-names></given-names></name></contrib><contrib contrib-type="author"><name><surname></surname><given-names></given-names></name></contrib><contrib contrib-type="author"><name><surname></surname><given-names></given-names></name></contrib><contrib contrib-type="author"><name><surname></surname><given-names></given-names></name></contrib><contrib contrib-type="author"><name><surname></surname><given-names></given-names></name></contrib><contrib contrib-type="author"><name><surname></surname><given-names></given-names></name></contrib><contrib contrib-type="author"><name><surname></surname><given-names></given-names></name></contrib><contrib contrib-type="author"><name><surname></surname><given-names></given-names></name></contrib><contrib contrib-type="author"><name><surname></surname><given-names></given-names></name></contrib><contrib contrib-type="author"><name><surname></surname><given-names></given-names></name></contrib><contrib contrib-type="author"><name><surname></surname><given-names></given-names></name></contrib><contrib contrib-type="author"><name><surname></surname><given-names></given-names></name></contrib><contrib contrib-type="author"><name><surname></surname><given-names></given-names></name></contrib><contrib contrib-type="author"><name><surname></surname><given-names></given-names></name></contrib><contrib contrib-type="author"><name><surname></surname><given-names></given-names></name></contrib><contrib contrib-type="author"><name><surname></surname><given-names></given-names></name></contrib><contrib contrib-type="author"><name><surname></surname><given-names></given-names></name></contrib><contrib contrib-type="author"><name><surname></surname><given-names></given-names></name></contrib><contrib contrib-type="author"><name><surname></surname><given-names></given-names></name></contrib><contrib contrib-type="author"><name><surname></surname><given-names></given-names></name></contrib><contrib contrib-type="author"><name><surname></surname><given-names></given-names></name></contrib><contrib contrib-type="author"><name><surname></surname><given-names></given-names></name></contrib><contrib contrib-type="author"><name><surname></surname><given-names></given-names></name></contrib><aff id="aff1"><institution>UTHealth Science Center</institution>, <country> USA</country></aff><aff id="aff5"><institution>McGovern Medical School</institution>, <country> USA</country></aff><aff id="aff9"><institution>McGovern Medical School</institution>, <country> USA</country></aff></contrib-group><author-notes><corresp id="cor1">&#x002A;<bold>Correspondence:</bold>Shane Cristy, <email xlink:href="shane.cristy@uth.tmc.edu" xlink:type="simple">shane.cristy@uth.tmc.edu</email></corresp></author-notes><pub-date pub-type="ppub"><month>7</month><year>2020</year></pub-date><pub-date pub-type="epub"><day>10</day><month>07</month><year>2020</year></pub-date><volume>2</volume><issue>7A</issue><elocation-id>2</elocation-id><permissions><copyright-statement>&#x00A9; 2021 The Authors</copyright-statement><copyright-year>2021</copyright-year><license license-type="open-access" xlink:href="http://creativecommons.org/licenses/by/4.0/"><license-p>This is an open-access article distributed under the terms of the Creative Commons Attribution License.</license-p></license></permissions><self-uri xlink:href="acmi.cc2021.po0154.pdf" content-type="pdf"/><abstract><p>Candida albicansexists as a member of the commensal flora of the skin and gut where many complex polymicrobial interactions occur with genera such asPseudomonas, Staphylococcus,andStreptococcus.Some of these interactions potentiate or inhibit virulence. The bacterial gastrointestinal commensal speciesEnterococcus faecalisproduces a small peptide, EntV, that modulatesC. albicansvirulence. The active 68 amino acid EntV peptide inhibits biofilm formationin vitro; biofilm-related infections are difficult to treat with current therapeutics. EntV also attenuates fungal virulence in aCaenorhabditis elegansinfection model and a murine oral candidiasis model. We sought to identify the regions of EntV responsible for the anti-fungal activity, and based on structural information, we hypothesized that it could be localized to a single helix of the mature peptide. In this study, we report that smaller peptides derived from this helix ranging from 12 to 16 amino acids have equal to improved efficacy in inhibitingC. albicansvirulence andbiofilm formation. These smaller peptides attenuate virulence in theC. elegansinfection model, inhibit initial adhesion to abiotic surfaces, and reduce the size of mature biofilms measured by confocal microscopy. Further trimming of these peptides to fewer than 11 amino acids reduces and eventually eliminates activity. These data indicate that EntV-derived peptides warrant further investigation as potential non-fungicidal additives to medical devices and antifungal therapeutics.</p></abstract><custom-meta-group><custom-meta><meta-name>OpenAccessEmbargo</meta-name><meta-value>0</meta-value></custom-meta></custom-meta-group></article-meta></front></article>