<?xml version="1.0" encoding="UTF-8"?><!DOCTYPE article PUBLIC "-//NLM//DTD JATS (Z39.96) Journal Archiving and Interchange DTD v1.1 20151215//EN" "JATS-archivearticle1.dtd"><article xmlns:mml="http://www.w3.org/1998/Math/MathML" xmlns:xlink="http://www.w3.org/1999/xlink" article-type="meeting-report" dtd-version="1.1" xml:lang="EN"><front><journal-meta><journal-id journal-id-type="nlm-ta">Access Microbiology</journal-id><journal-id journal-id-type="hwp">acmi</journal-id><journal-id journal-id-type="publisher-id">acmi</journal-id><journal-title-group><journal-title>Access Microbiology</journal-title><abbrev-journal-title abbrev-type="pubmed">acmi</abbrev-journal-title></journal-title-group><issn pub-type="epub">2516-8290</issn><publisher><publisher-name>Microbiology Society</publisher-name></publisher></journal-meta><article-meta><article-id pub-id-type="publisher-id">acmi.cc2021.po0130</article-id><article-id pub-id-type="doi">266</article-id><article-categories><subj-group subj-group-type="heading"><subject>Poster Presentation</subject></subj-group><subj-group subj-group-type="heading"><subject>Abstracts from the Candida and Candidiasis Meeting 2021</subject></subj-group></article-categories><title-group><article-title>EVALUATION OF ANTIFUNGAL ACTIVITY OF TERMINALIA SUBSPATHULATA BARK AND FRUIT EXTRACTS AGAINST AZOLE-RESISTANT CANDIDA ISOLATES</article-title><alt-title alt-title-type="recto-page-foot"><ext-link ext-link-type="uri" xlink:type="simple" xlink:href="http://jmmcr.microbiologyresearch.org">http://jmmcr.microbiologyresearch.org</ext-link></alt-title></title-group><contrib-group><contrib contrib-type="author"><name><surname>Yahaya</surname><given-names>Hassan</given-names></name><xref ref-type="aff" rid="aff2"/><xref ref-type="corresp" rid="cor1">&#x002A;</xref></contrib><contrib contrib-type="author"><name><surname>Alhassan</surname><given-names>Sharif</given-names></name><xref ref-type="aff" rid="aff1"/><xref ref-type="aff" rid="aff2"/></contrib><contrib contrib-type="author"><name><surname>Yakubu</surname><given-names>Yahaya</given-names></name><xref ref-type="aff" rid="aff1"/><xref ref-type="aff" rid="aff2"/></contrib><contrib contrib-type="author"><name><surname></surname><given-names></given-names></name></contrib><contrib contrib-type="author"><name><surname></surname><given-names></given-names></name></contrib><contrib contrib-type="author"><name><surname></surname><given-names></given-names></name></contrib><contrib contrib-type="author"><name><surname></surname><given-names></given-names></name></contrib><contrib contrib-type="author"><name><surname></surname><given-names></given-names></name></contrib><contrib contrib-type="author"><name><surname></surname><given-names></given-names></name></contrib><contrib contrib-type="author"><name><surname></surname><given-names></given-names></name></contrib><contrib contrib-type="author"><name><surname></surname><given-names></given-names></name></contrib><contrib contrib-type="author"><name><surname></surname><given-names></given-names></name></contrib><contrib contrib-type="author"><name><surname></surname><given-names></given-names></name></contrib><contrib contrib-type="author"><name><surname></surname><given-names></given-names></name></contrib><contrib contrib-type="author"><name><surname></surname><given-names></given-names></name></contrib><contrib contrib-type="author"><name><surname></surname><given-names></given-names></name></contrib><contrib contrib-type="author"><name><surname></surname><given-names></given-names></name></contrib><contrib contrib-type="author"><name><surname></surname><given-names></given-names></name></contrib><contrib contrib-type="author"><name><surname></surname><given-names></given-names></name></contrib><contrib contrib-type="author"><name><surname></surname><given-names></given-names></name></contrib><contrib contrib-type="author"><name><surname></surname><given-names></given-names></name></contrib><contrib contrib-type="author"><name><surname></surname><given-names></given-names></name></contrib><contrib contrib-type="author"><name><surname></surname><given-names></given-names></name></contrib><contrib contrib-type="author"><name><surname></surname><given-names></given-names></name></contrib><contrib contrib-type="author"><name><surname></surname><given-names></given-names></name></contrib><contrib contrib-type="author"><name><surname></surname><given-names></given-names></name></contrib><contrib contrib-type="author"><name><surname></surname><given-names></given-names></name></contrib><contrib contrib-type="author"><name><surname></surname><given-names></given-names></name></contrib><contrib contrib-type="author"><name><surname></surname><given-names></given-names></name></contrib><contrib contrib-type="author"><name><surname></surname><given-names></given-names></name></contrib><contrib contrib-type="author"><name><surname></surname><given-names></given-names></name></contrib><aff id="aff1"><institution>Bayero University Kano</institution>, <country> Nigeria</country></aff><aff id="aff2"><institution>Universiti Putra Malaysia</institution>, <country> Malaysia</country></aff><aff id="aff5"><institution>Bayero University Kano</institution>, <country> Nigeria</country></aff><aff id="aff6"><institution>Universiti Putra Malaysia</institution>, <country> Malaysia</country></aff><aff id="aff9"><institution>Kaduna State University</institution>, <country> Nigeria</country></aff><aff id="aff10"><institution>Universiti Putra Malaysia</institution>, <country> Malaysia</country></aff></contrib-group><author-notes><corresp id="cor1">&#x002A;<bold>Correspondence:</bold>Hassan Yahaya, <email xlink:href="hyahaya.mls@buk.edu.ng" xlink:type="simple">hyahaya.mls@buk.edu.ng</email></corresp></author-notes><pub-date pub-type="ppub"><month>7</month><year>2020</year></pub-date><pub-date pub-type="epub"><day>10</day><month>07</month><year>2020</year></pub-date><volume>2</volume><issue>7A</issue><elocation-id>2</elocation-id><permissions><copyright-statement>&#x00A9; 2021 The Authors</copyright-statement><copyright-year>2021</copyright-year><license license-type="open-access" xlink:href="http://creativecommons.org/licenses/by/4.0/"><license-p>This is an open-access article distributed under the terms of the Creative Commons Attribution License.</license-p></license></permissions><self-uri xlink:href="acmi.cc2021.po0130.pdf" content-type="pdf"/><abstract><p>Background: Emerging resistant Candida species become a severe problem for public health. The study aims to examine the efficacy of Terminalia subspathulata bark and fruit extracts as an alternative source of antifungals for resistant strains of Candidaspecies.</p><p>
Methodology:Candida albicans was isolated between 4–5th interdigital foot space and C. parapsilosis were isolated from the left-hand third finger of male patients. Morphological and molecular methods identified the isolates. Antifungal susceptibility testing (AFST) was determined using azole derivatives, amphotericin B (AmpB) and echinocandins based on E-test and broth microdilution (BMD) methods. The AFST activity of the 10 µL methanolic extracts with concentrations between 1.25–10 mg/mL was assessed by disk diffusion method according to CLSI guidelines.

Results:The AFST results showed total resistance to all azoles (FLU, MIC ≥ 256 μg/ml and VOR, ITR and POS each with MIC ≥ 32 μg/ml). The BMD method agreed with E-test MICs. The T. subspathulata bark extract tested indicated activity on the C. albicans lawn with the zone of inhibition between 9–13 mm. The fruit extract indicated zone between 8–10 mm. Candida parapsilosis indicated susceptibility to bark extract with the zone of inhibition between 10–15 mm, while the fruit extract showed zone between 8–13 mm.

Conclusion:Despite azole resistance, the extracts showed good activity against the isolates. Findings showed alternatives to AmpB and echinocandins because of toxicity and parenteral administration, respectively. Based on our findings, our study first reports the medicinal value of T. subspathulata.</p></abstract><custom-meta-group><custom-meta><meta-name>OpenAccessEmbargo</meta-name><meta-value>0</meta-value></custom-meta></custom-meta-group></article-meta></front></article>