<?xml version="1.0" encoding="UTF-8"?><!DOCTYPE article PUBLIC "-//NLM//DTD JATS (Z39.96) Journal Archiving and Interchange DTD v1.1 20151215//EN" "JATS-archivearticle1.dtd"><article xmlns:mml="http://www.w3.org/1998/Math/MathML" xmlns:xlink="http://www.w3.org/1999/xlink" article-type="meeting-report" dtd-version="1.1" xml:lang="EN"><front><journal-meta><journal-id journal-id-type="nlm-ta">Access Microbiology</journal-id><journal-id journal-id-type="hwp">acmi</journal-id><journal-id journal-id-type="publisher-id">acmi</journal-id><journal-title-group><journal-title>Access Microbiology</journal-title><abbrev-journal-title abbrev-type="pubmed">acmi</abbrev-journal-title></journal-title-group><issn pub-type="epub">2516-8290</issn><publisher><publisher-name>Microbiology Society</publisher-name></publisher></journal-meta><article-meta><article-id pub-id-type="publisher-id">acmi.cc2021.po0124</article-id><article-id pub-id-type="doi">243</article-id><article-categories><subj-group subj-group-type="heading"><subject>Poster Presentation</subject></subj-group><subj-group subj-group-type="heading"><subject>Abstracts from the Candida and Candidiasis Meeting 2021</subject></subj-group></article-categories><title-group><article-title>Preliminary study into the effects of tobacco smoke on Candida albicans.</article-title><alt-title alt-title-type="recto-page-foot"><ext-link ext-link-type="uri" xlink:type="simple" xlink:href="http://jmmcr.microbiologyresearch.org">http://jmmcr.microbiologyresearch.org</ext-link></alt-title></title-group><contrib-group><contrib contrib-type="author"><name><surname>Williams</surname><given-names>Megan</given-names></name><xref ref-type="corresp" rid="cor1">&#x002A;</xref></contrib><contrib contrib-type="author"><name><surname>Edwards</surname><given-names>Siôn</given-names></name><xref ref-type="aff" rid="aff1"/></contrib><contrib contrib-type="author"><name><surname>Fallis</surname><given-names>Ian</given-names></name><xref ref-type="aff" rid="aff1"/></contrib><contrib contrib-type="author"><name><surname>Wilson</surname><given-names>Melanie</given-names></name><xref ref-type="aff" rid="aff1"/></contrib><contrib contrib-type="author"><name><surname>Bradshaw</surname><given-names>David</given-names></name><xref ref-type="aff" rid="aff1"/></contrib><contrib contrib-type="author"><name><surname>W</surname><given-names>David</given-names></name><xref ref-type="aff" rid="aff1"/></contrib><contrib contrib-type="author"><name><surname></surname><given-names></given-names></name></contrib><contrib contrib-type="author"><name><surname></surname><given-names></given-names></name></contrib><contrib contrib-type="author"><name><surname></surname><given-names></given-names></name></contrib><contrib contrib-type="author"><name><surname></surname><given-names></given-names></name></contrib><contrib contrib-type="author"><name><surname></surname><given-names></given-names></name></contrib><contrib contrib-type="author"><name><surname></surname><given-names></given-names></name></contrib><contrib contrib-type="author"><name><surname></surname><given-names></given-names></name></contrib><contrib contrib-type="author"><name><surname></surname><given-names></given-names></name></contrib><contrib contrib-type="author"><name><surname></surname><given-names></given-names></name></contrib><contrib contrib-type="author"><name><surname></surname><given-names></given-names></name></contrib><contrib contrib-type="author"><name><surname></surname><given-names></given-names></name></contrib><contrib contrib-type="author"><name><surname></surname><given-names></given-names></name></contrib><contrib contrib-type="author"><name><surname></surname><given-names></given-names></name></contrib><contrib contrib-type="author"><name><surname></surname><given-names></given-names></name></contrib><contrib contrib-type="author"><name><surname></surname><given-names></given-names></name></contrib><contrib contrib-type="author"><name><surname></surname><given-names></given-names></name></contrib><contrib contrib-type="author"><name><surname></surname><given-names></given-names></name></contrib><contrib contrib-type="author"><name><surname></surname><given-names></given-names></name></contrib><contrib contrib-type="author"><name><surname></surname><given-names></given-names></name></contrib><contrib contrib-type="author"><name><surname></surname><given-names></given-names></name></contrib><contrib contrib-type="author"><name><surname></surname><given-names></given-names></name></contrib><contrib contrib-type="author"><name><surname></surname><given-names></given-names></name></contrib><contrib contrib-type="author"><name><surname></surname><given-names></given-names></name></contrib><contrib contrib-type="author"><name><surname></surname><given-names></given-names></name></contrib><contrib contrib-type="author"><name><surname></surname><given-names></given-names></name></contrib><aff id="aff1"><institution>Cardiff University</institution>, <country> United Kingdom</country></aff><aff id="aff5"><institution>Cardiff University</institution>, <country> United Kingdom</country></aff><aff id="aff9"><institution>Cardiff University</institution>, <country> United Kingdom</country></aff><aff id="aff13"><institution>Cardiff University</institution>, <country> United Kingdom</country></aff><aff id="aff17"><institution>GlaxoSmithKline Consumer Healthcare</institution>, <country> United Kingdom</country></aff><aff id="aff21"><institution>Cardiff University</institution>, <country> United Kingdom</country></aff></contrib-group><author-notes><corresp id="cor1">&#x002A;<bold>Correspondence:</bold>Megan Williams, <email xlink:href="williamsmr7@cardiff.ac.uk" xlink:type="simple">williamsmr7@cardiff.ac.uk</email></corresp></author-notes><pub-date pub-type="ppub"><month>7</month><year>2020</year></pub-date><pub-date pub-type="epub"><day>10</day><month>07</month><year>2020</year></pub-date><volume>2</volume><issue>7A</issue><elocation-id>2</elocation-id><permissions><copyright-statement>&#x00A9; 2021 The Authors</copyright-statement><copyright-year>2021</copyright-year><license license-type="open-access" xlink:href="http://creativecommons.org/licenses/by/4.0/"><license-p>This is an open-access article distributed under the terms of the Creative Commons Attribution License.</license-p></license></permissions><self-uri xlink:href="acmi.cc2021.po0124.pdf" content-type="pdf"/><abstract><p>Background:Denture-stomatitis (DS) is the most common form of oral candidosis with increased prevalence in cigarette smokers(Akram et al. 2018). Interestingly, tobacco condensate (TC) increases Candida albicans adhesion, growth, biofilm-formation, virulence gene expression(Semlali et al. 2014)and hyphal production(Awad and Karuppayil 2018). We hypothesised that TC-treated denture acrylic would therefore affectC. albicanswithin acrylic biofilms.</p><p>


Methods:Acrylic discs (pre-conditioned with TC, artificial saliva (AS) or water) were incubated at 37°C with C. albicans (n=6) for 90 min or 24 h. Adherent Candida were stained with calcofluor white and confocal laser scanning microscopy (CLSM) used to assess levels of adherence, biofilm and hyphal numbers. Expressed virulence genes (n=7) were measured by qPCR.



Results:CLSM showed that effects of TC-treatment were strain dependent. Adherence of C. albicans PTR/94 to TC-treated surfaces was significantly (P<0.002) lower than on the untreated control. Biofilm levels of PTR/94 after 24 h were found to be significantly higher on AS-treated acrylic than the TC-treated and untreated control. Five strains had significantly fewer filamentous forms after 90 min on TC-treated surfaces. TC-treatment promoted hyphal levels for strain 705/93 after 24h.



Conclusion:TC pre-conditioning altered adherence and biofilm coverage of C. albicansto acrylic surfaces and influenced hyphal development. Work is ongoing to ascertain the significance of these effects on C. albicanspathogenicity.



Akram et al. (2018). Journal of Oral Science 60(1):115–120.

Awad and Karuppayil (2018). American Journal of Clinical Microbiology and Antimicrobials1(3):1–6.

Semlali et al. (2014). BMC Microbiology. 14:61</p></abstract><custom-meta-group><custom-meta><meta-name>OpenAccessEmbargo</meta-name><meta-value>0</meta-value></custom-meta></custom-meta-group></article-meta></front></article>