<?xml version="1.0" encoding="UTF-8"?><!DOCTYPE article PUBLIC "-//NLM//DTD JATS (Z39.96) Journal Archiving and Interchange DTD v1.1 20151215//EN" "JATS-archivearticle1.dtd"><article xmlns:mml="http://www.w3.org/1998/Math/MathML" xmlns:xlink="http://www.w3.org/1999/xlink" article-type="meeting-report" dtd-version="1.1" xml:lang="EN"><front><journal-meta><journal-id journal-id-type="nlm-ta">Access Microbiology</journal-id><journal-id journal-id-type="hwp">acmi</journal-id><journal-id journal-id-type="publisher-id">acmi</journal-id><journal-title-group><journal-title>Access Microbiology</journal-title><abbrev-journal-title abbrev-type="pubmed">acmi</abbrev-journal-title></journal-title-group><issn pub-type="epub">2516-8290</issn><publisher><publisher-name>Microbiology Society</publisher-name></publisher></journal-meta><article-meta><article-id pub-id-type="publisher-id">acmi.cc2021.po0022</article-id><article-id pub-id-type="doi">45</article-id><article-categories><subj-group subj-group-type="heading"><subject>Oral Abstract</subject></subj-group><subj-group subj-group-type="heading"><subject>Abstracts from the Candida and Candidiasis Meeting 2021</subject></subj-group></article-categories><title-group><article-title>Quorum sensing plays a key role in controlling beta-glucan exposure in response to environmental pH</article-title><alt-title alt-title-type="recto-page-foot"><ext-link ext-link-type="uri" xlink:type="simple" xlink:href="http://jmmcr.microbiologyresearch.org">http://jmmcr.microbiologyresearch.org</ext-link></alt-title></title-group><contrib-group><contrib contrib-type="author"><name><surname>Cottier</surname><given-names>Fabien</given-names></name></contrib><contrib contrib-type="author"><name><surname>Sherrington</surname><given-names>Sarah</given-names></name><xref ref-type="aff" rid="aff1"/></contrib><contrib contrib-type="author"><name><surname>Cockerill</surname><given-names>Sarah</given-names></name><xref ref-type="aff" rid="aff1"/></contrib><contrib contrib-type="author"><name><surname>del</surname><given-names>Valentina</given-names></name><xref ref-type="aff" rid="aff1"/></contrib><contrib contrib-type="author"><name><surname>Kissane</surname><given-names>Stephen</given-names></name><xref ref-type="aff" rid="aff1"/></contrib><contrib contrib-type="author"><name><surname>Tournu</surname><given-names>Helene</given-names></name><xref ref-type="aff" rid="aff1"/></contrib><contrib contrib-type="author"><name><surname>Orsini</surname><given-names>Luisa</given-names></name><xref ref-type="aff" rid="aff1"/></contrib><contrib contrib-type="author"><name><surname>Palmer</surname><given-names>Glen</given-names></name><xref ref-type="aff" rid="aff1"/></contrib><contrib contrib-type="author"><name><surname>Christian</surname><given-names>J.</given-names></name><xref ref-type="aff" rid="aff1"/></contrib><contrib contrib-type="author"><name><surname>Hall</surname><given-names>Rebecca</given-names></name><xref ref-type="aff" rid="aff1"/><xref ref-type="aff" rid="aff2"/></contrib><contrib contrib-type="author"><name><surname></surname><given-names></given-names></name></contrib><contrib contrib-type="author"><name><surname></surname><given-names></given-names></name></contrib><contrib contrib-type="author"><name><surname></surname><given-names></given-names></name></contrib><contrib contrib-type="author"><name><surname></surname><given-names></given-names></name></contrib><contrib contrib-type="author"><name><surname></surname><given-names></given-names></name></contrib><contrib contrib-type="author"><name><surname></surname><given-names></given-names></name></contrib><contrib contrib-type="author"><name><surname></surname><given-names></given-names></name></contrib><contrib contrib-type="author"><name><surname></surname><given-names></given-names></name></contrib><contrib contrib-type="author"><name><surname></surname><given-names></given-names></name></contrib><contrib contrib-type="author"><name><surname></surname><given-names></given-names></name></contrib><contrib contrib-type="author"><name><surname></surname><given-names></given-names></name></contrib><contrib contrib-type="author"><name><surname></surname><given-names></given-names></name></contrib><contrib contrib-type="author"><name><surname></surname><given-names></given-names></name></contrib><contrib contrib-type="author"><name><surname></surname><given-names></given-names></name></contrib><contrib contrib-type="author"><name><surname></surname><given-names></given-names></name></contrib><contrib contrib-type="author"><name><surname></surname><given-names></given-names></name></contrib><contrib contrib-type="author"><name><surname></surname><given-names></given-names></name></contrib><contrib contrib-type="author"><name><surname></surname><given-names></given-names></name></contrib><contrib contrib-type="author"><name><surname></surname><given-names></given-names></name></contrib><contrib contrib-type="author"><name><surname></surname><given-names></given-names></name></contrib><contrib contrib-type="author"><name><surname></surname><given-names></given-names></name></contrib><aff id="aff1"><institution>University of Birmingham</institution>, <country> United Kingdom</country></aff><aff id="aff5"><institution>University of Birmingham</institution>, <country> United Kingdom</country></aff><aff id="aff9"><institution>University of Birmingham</institution>, <country> United Kingdom</country></aff><aff id="aff13"><institution>University Hospital Wurzburg</institution>, <country> Germany</country></aff><aff id="aff17"><institution>University of Birmingham</institution>, <country> United Kingdom</country></aff><aff id="aff21"><institution>University of Tennessee Health Sciences Center</institution>, <country> USA</country></aff><aff id="aff25"><institution>University of Birmingham</institution>, <country> United Kingdom</country></aff><aff id="aff29"><institution>University of Tennessee Health Sciences Center</institution>, <country> USA</country></aff><aff id="aff33"><institution>University Hospital Wurzburg</institution>, <country> Germany</country></aff><aff id="aff37"><institution>University of Birmingham</institution>, <country> United Kingdom</country></aff><aff id="aff38"><institution>University of Kent</institution>, <country> United Kingdom</country></aff></contrib-group><author-notes><corresp id="cor1">&#x002A;<bold>Correspondence:</bold>Rebecca Hall, <email xlink:href="r.a.hall@bham.ac.uk" xlink:type="simple">r.a.hall@bham.ac.uk</email></corresp></author-notes><pub-date pub-type="ppub"><month>7</month><year>2020</year></pub-date><pub-date pub-type="epub"><day>10</day><month>07</month><year>2020</year></pub-date><volume>2</volume><issue>7A</issue><elocation-id>2</elocation-id><permissions><copyright-statement>&#x00A9; 2021 The Authors</copyright-statement><copyright-year>2021</copyright-year><license license-type="open-access" xlink:href="http://creativecommons.org/licenses/by/4.0/"><license-p>This is an open-access article distributed under the terms of the Creative Commons Attribution License.</license-p></license></permissions><self-uri xlink:href="acmi.cc2021.po0022.pdf" content-type="pdf"/><abstract><p>Candida albicansis a commensal yeast of the human gut, which is tolerated by the immune system, but has the potential to become an opportunistic pathogen. One way in which C. albicans achieves this duality is through concealing, or exposing cell wall pathogen-associated molecular patterns (PAMPs) in response to host derived environment cues (pH, hypoxia, lactate). This cell wall remodelling allows C. albicans to evade or hyperactivate the host’s innate immune responses leading to disease. Previously, we identified that adaptation of C. albicans to acidic environments, conditions encountered during colonisation of the female reproductive tract, induce significant cell wall remodelling resulting in the exposure of two key fungal PAMPs (glucan and chitin). Here we report that this pH-dependent cell wall remodelling is time dependent with the initial change in pH driving cell wall unmasking, which is then remasked at later time points. Remasking ofglucan was mediated via the cell density dependent fungal quorum sensing molecule farnesol, while chitin remasking was mediated via a small, heat-stable, non-proteinaceous secreted molecule(s). Transcript profiling identified a core set of 42 genes significantly regulated by pH over time, and identified the transcription factor Efg1 as a regulator of chitin exposure through regulation of CHT2. This dynamic cell wall remodelling influenced innate immune recognition of C. albicans, suggesting that during infection C. albicans can manipulate the host innate immune responses.</p></abstract><custom-meta-group><custom-meta><meta-name>OpenAccessEmbargo</meta-name><meta-value>0</meta-value></custom-meta></custom-meta-group></article-meta></front></article>