<?xml version="1.0" encoding="UTF-8"?><!DOCTYPE article PUBLIC "-//NLM//DTD JATS (Z39.96) Journal Archiving and Interchange DTD v1.1 20151215//EN" "JATS-archivearticle1.dtd"><article xmlns:mml="http://www.w3.org/1998/Math/MathML" xmlns:xlink="http://www.w3.org/1999/xlink" article-type="meeting-report" dtd-version="1.1" xml:lang="EN"><front><journal-meta><journal-id journal-id-type="nlm-ta">Access Microbiology</journal-id><journal-id journal-id-type="hwp">acmi</journal-id><journal-id journal-id-type="publisher-id">acmi</journal-id><journal-title-group><journal-title>Access Microbiology</journal-title><abbrev-journal-title abbrev-type="pubmed">acmi</abbrev-journal-title></journal-title-group><issn pub-type="epub">2516-8290</issn><publisher><publisher-name>Microbiology Society</publisher-name></publisher></journal-meta><article-meta><article-id pub-id-type="publisher-id">acmi.cc2021.po0180</article-id><article-id pub-id-type="doi">368</article-id><article-categories><subj-group subj-group-type="heading"><subject>Poster Presentation</subject></subj-group><subj-group subj-group-type="heading"><subject>Abstracts from the Candida and Candidiasis Meeting 2021</subject></subj-group></article-categories><title-group><article-title>Liposomes functionalized with fungi-targeting peptide demonstrate increased interaction with Candida albicans</article-title><alt-title alt-title-type="recto-page-foot"><ext-link ext-link-type="uri" xlink:type="simple" xlink:href="http://jmmcr.microbiologyresearch.org">http://jmmcr.microbiologyresearch.org</ext-link></alt-title></title-group><contrib-group><contrib contrib-type="author"><name><surname>LaMastro</surname><given-names>Ronnie</given-names></name><xref ref-type="corresp" rid="cor1">&#x002A;</xref></contrib><contrib contrib-type="author"><name><surname>Vera-Gonzalez</surname><given-names>Noel</given-names></name><xref ref-type="aff" rid="aff1"/></contrib><contrib contrib-type="author"><name><surname>Campbell</surname><given-names>Kayla</given-names></name><xref ref-type="aff" rid="aff1"/></contrib><contrib contrib-type="author"><name><surname>Shukla</surname><given-names>Anita</given-names></name><xref ref-type="aff" rid="aff1"/></contrib><contrib contrib-type="author"><name><surname></surname><given-names></given-names></name></contrib><contrib contrib-type="author"><name><surname></surname><given-names></given-names></name></contrib><contrib contrib-type="author"><name><surname></surname><given-names></given-names></name></contrib><contrib contrib-type="author"><name><surname></surname><given-names></given-names></name></contrib><contrib contrib-type="author"><name><surname></surname><given-names></given-names></name></contrib><contrib contrib-type="author"><name><surname></surname><given-names></given-names></name></contrib><contrib contrib-type="author"><name><surname></surname><given-names></given-names></name></contrib><contrib contrib-type="author"><name><surname></surname><given-names></given-names></name></contrib><contrib contrib-type="author"><name><surname></surname><given-names></given-names></name></contrib><contrib contrib-type="author"><name><surname></surname><given-names></given-names></name></contrib><contrib contrib-type="author"><name><surname></surname><given-names></given-names></name></contrib><contrib contrib-type="author"><name><surname></surname><given-names></given-names></name></contrib><contrib contrib-type="author"><name><surname></surname><given-names></given-names></name></contrib><contrib contrib-type="author"><name><surname></surname><given-names></given-names></name></contrib><contrib contrib-type="author"><name><surname></surname><given-names></given-names></name></contrib><contrib contrib-type="author"><name><surname></surname><given-names></given-names></name></contrib><contrib contrib-type="author"><name><surname></surname><given-names></given-names></name></contrib><contrib contrib-type="author"><name><surname></surname><given-names></given-names></name></contrib><contrib contrib-type="author"><name><surname></surname><given-names></given-names></name></contrib><contrib contrib-type="author"><name><surname></surname><given-names></given-names></name></contrib><contrib contrib-type="author"><name><surname></surname><given-names></given-names></name></contrib><contrib contrib-type="author"><name><surname></surname><given-names></given-names></name></contrib><contrib contrib-type="author"><name><surname></surname><given-names></given-names></name></contrib><contrib contrib-type="author"><name><surname></surname><given-names></given-names></name></contrib><contrib contrib-type="author"><name><surname></surname><given-names></given-names></name></contrib><contrib contrib-type="author"><name><surname></surname><given-names></given-names></name></contrib><contrib contrib-type="author"><name><surname></surname><given-names></given-names></name></contrib><aff id="aff1"><institution>Brown University</institution>, <country> USA</country></aff><aff id="aff5"><institution>Brown University</institution>, <country> USA</country></aff><aff id="aff9"><institution>Brown University</institution>, <country> USA</country></aff><aff id="aff13"><institution>Brown University</institution>, <country> USA</country></aff></contrib-group><author-notes><corresp id="cor1">&#x002A;<bold>Correspondence:</bold>Ronnie LaMastro, <email xlink:href="veronica_lamastro@brown.edu" xlink:type="simple">veronica_lamastro@brown.edu</email></corresp></author-notes><pub-date pub-type="ppub"><month>7</month><year>2020</year></pub-date><pub-date pub-type="epub"><day>10</day><month>07</month><year>2020</year></pub-date><volume>2</volume><issue>7A</issue><elocation-id>2</elocation-id><permissions><copyright-statement>&#x00A9; 2021 The Authors</copyright-statement><copyright-year>2021</copyright-year><license license-type="open-access" xlink:href="http://creativecommons.org/licenses/by/4.0/"><license-p>This is an open-access article distributed under the terms of the Creative Commons Attribution License.</license-p></license></permissions><self-uri xlink:href="acmi.cc2021.po0180.pdf" content-type="pdf"/><abstract><p>Candida albicansinfections can be challenging to treat, as current antifungal drugs exhibit poor water solubility and host toxicity. To overcome these issues, new methods of drug delivery are needed. Liposomes have been shown to be an effective method for administrating antifungals and can increase bioavailability and solubility while decreasing toxicity. However, existing antifungal liposomal formulations lack infection specificity. For example, AmBisome, a liposomal formulation of amphotericin B, relies on passive accumulation to infection sites. We have developed antifungal liposomes that display fungi-targeting moieties to promote interaction with Candida;we predict that these formulations can increase fungal eradication and decrease off-site toxicity. Here, the C. albicans-targeting peptide P-113Q2.10 (AQRHHGYKRQFH), a derivative of the antifungal peptide histatin 5, was incorporated into liposomes via conjugation to palmitic acid (PA). PA-P-113Q2.10 conjugates were synthesized using solid phase peptide synthesis, confirmed by liquid-chromatography-mass spectrometry. Liposomes composed of 1-palmitoyl-2-oleoyl-glycero-3-phosphocholine and cholesterol with 1% w/w PA-P-113Q2.10 were formed via thin film-hydration and extrusion, yielding ~100 nm liposomes with a polydispersity index of ~0.1. Flow cytometry demonstrated that interaction with C. albicans SC5314 was enhanced for P-113Q2.10 liposomes, increasing from ~60% in cells incubated with liposomes lacking peptide to ~79%. These liposomes preferentially interact with C. albicanscompared to NIH 3T3 murine fibroblasts; on average, only ~15% of fibroblasts incubated with liposomes (with and without peptide) showed positive liposome interaction. This liposome formulation has the potential to serve as an antifungal delivery platform that selectively targets C. albicanscells for increased efficacy in treatment of fungal infections.</p></abstract><custom-meta-group><custom-meta><meta-name>OpenAccessEmbargo</meta-name><meta-value>0</meta-value></custom-meta></custom-meta-group></article-meta></front></article>