<?xml version="1.0" encoding="UTF-8"?><!DOCTYPE article PUBLIC "-//NLM//DTD JATS (Z39.96) Journal Archiving and Interchange DTD v1.1 20151215//EN" "JATS-archivearticle1.dtd"><article xmlns:mml="http://www.w3.org/1998/Math/MathML" xmlns:xlink="http://www.w3.org/1999/xlink" article-type="meeting-report" dtd-version="1.1" xml:lang="EN"><front><journal-meta><journal-id journal-id-type="nlm-ta">Access Microbiology</journal-id><journal-id journal-id-type="hwp">acmi</journal-id><journal-id journal-id-type="publisher-id">acmi</journal-id><journal-title-group><journal-title>Access Microbiology</journal-title><abbrev-journal-title abbrev-type="pubmed">acmi</abbrev-journal-title></journal-title-group><issn pub-type="epub">2516-8290</issn><publisher><publisher-name>Microbiology Society</publisher-name></publisher></journal-meta><article-meta><article-id pub-id-type="publisher-id">acmi.cc2021.po0174</article-id><article-id pub-id-type="doi">359</article-id><article-categories><subj-group subj-group-type="heading"><subject>Poster Presentation</subject></subj-group><subj-group subj-group-type="heading"><subject>Abstracts from the Candida and Candidiasis Meeting 2021</subject></subj-group></article-categories><title-group><article-title>Investigation of the interaction of keratinocytes and Candida species</article-title><alt-title alt-title-type="recto-page-foot"><ext-link ext-link-type="uri" xlink:type="simple" xlink:href="http://jmmcr.microbiologyresearch.org">http://jmmcr.microbiologyresearch.org</ext-link></alt-title></title-group><contrib-group><contrib contrib-type="author"><name><surname>Ádám</surname><given-names>Novák</given-names></name><xref ref-type="corresp" rid="cor1">&#x002A;</xref></contrib><contrib contrib-type="author"><name><surname>Erik</surname><given-names>Zajta</given-names></name><xref ref-type="aff" rid="aff1"/></contrib><contrib contrib-type="author"><name><surname>Máté</surname><given-names>Csikós</given-names></name><xref ref-type="aff" rid="aff1"/></contrib><contrib contrib-type="author"><name><surname>Csaba</surname><given-names>Vágvölgyi</given-names></name><xref ref-type="aff" rid="aff1"/></contrib><contrib contrib-type="author"><name><surname>Attila</surname><given-names>Gácser</given-names></name><xref ref-type="aff" rid="aff1"/><xref ref-type="aff" rid="aff2"/></contrib><contrib contrib-type="author"><name><surname></surname><given-names></given-names></name></contrib><contrib contrib-type="author"><name><surname></surname><given-names></given-names></name></contrib><contrib contrib-type="author"><name><surname></surname><given-names></given-names></name></contrib><contrib contrib-type="author"><name><surname></surname><given-names></given-names></name></contrib><contrib contrib-type="author"><name><surname></surname><given-names></given-names></name></contrib><contrib contrib-type="author"><name><surname></surname><given-names></given-names></name></contrib><contrib contrib-type="author"><name><surname></surname><given-names></given-names></name></contrib><contrib contrib-type="author"><name><surname></surname><given-names></given-names></name></contrib><contrib contrib-type="author"><name><surname></surname><given-names></given-names></name></contrib><contrib contrib-type="author"><name><surname></surname><given-names></given-names></name></contrib><contrib contrib-type="author"><name><surname></surname><given-names></given-names></name></contrib><contrib contrib-type="author"><name><surname></surname><given-names></given-names></name></contrib><contrib contrib-type="author"><name><surname></surname><given-names></given-names></name></contrib><contrib contrib-type="author"><name><surname></surname><given-names></given-names></name></contrib><contrib contrib-type="author"><name><surname></surname><given-names></given-names></name></contrib><contrib contrib-type="author"><name><surname></surname><given-names></given-names></name></contrib><contrib contrib-type="author"><name><surname></surname><given-names></given-names></name></contrib><contrib contrib-type="author"><name><surname></surname><given-names></given-names></name></contrib><contrib contrib-type="author"><name><surname></surname><given-names></given-names></name></contrib><contrib contrib-type="author"><name><surname></surname><given-names></given-names></name></contrib><contrib contrib-type="author"><name><surname></surname><given-names></given-names></name></contrib><contrib contrib-type="author"><name><surname></surname><given-names></given-names></name></contrib><contrib contrib-type="author"><name><surname></surname><given-names></given-names></name></contrib><contrib contrib-type="author"><name><surname></surname><given-names></given-names></name></contrib><contrib contrib-type="author"><name><surname></surname><given-names></given-names></name></contrib><contrib contrib-type="author"><name><surname></surname><given-names></given-names></name></contrib><aff id="aff1"><institution>Department of Microbiology</institution>, <country> Interdisciplinary Excellence Centre</country></aff><aff id="aff5"><institution>Department of Microbiology</institution>, <country> Interdisciplinary Excellence Centre</country></aff><aff id="aff9"><institution>Department of Microbiology</institution>, <country> Interdisciplinary Excellence Centre</country></aff><aff id="aff13"><institution>Department of Microbiology</institution>, <country> Interdisciplinary Excellence Centre</country></aff><aff id="aff17"><institution>Department of Microbiology</institution>, <country> Interdisciplinary Excellence Centre</country></aff><aff id="aff18"><institution>MTA-SZTE “Lendület” “Mycobiome” Research Group</institution>, <country> University of Szeged</country></aff></contrib-group><author-notes><corresp id="cor1">&#x002A;<bold>Correspondence:</bold>Novák Ádám, <email xlink:href="n0v4k4d4m@gmail.com" xlink:type="simple">n0v4k4d4m@gmail.com</email></corresp></author-notes><pub-date pub-type="ppub"><month>7</month><year>2020</year></pub-date><pub-date pub-type="epub"><day>10</day><month>07</month><year>2020</year></pub-date><volume>2</volume><issue>7A</issue><elocation-id>2</elocation-id><permissions><copyright-statement>&#x00A9; 2021 The Authors</copyright-statement><copyright-year>2021</copyright-year><license license-type="open-access" xlink:href="http://creativecommons.org/licenses/by/4.0/"><license-p>This is an open-access article distributed under the terms of the Creative Commons Attribution License.</license-p></license></permissions><self-uri xlink:href="acmi.cc2021.po0174.pdf" content-type="pdf"/><abstract><p>Our skin provides immunological protection against several pathogens. Skin epithelial cells respond to microbial stimuli in various ways, such as through the production of antimicrobial peptides or secretion of cytokines, although phagocytosis of potentially evading microbes was also reported.</p><p>
Relatively little is known about how skin keratinocytes differentiate between the presence of pathogenic and commensal fungi. In this project, we aimed toinvestigatehowhumankeratinocytes interact withdifferent Candida species, ascommon colonizers of the skin.While C. albicans is a common cause of cutaneous candidiasis, C. parapsilosisis rarely associated with this disease.For the experimentshuman skin keratinocyte cell lines (HaCaT, HPV-KER)were applied andchallengedwith C. albicans (SC5314 and WO1 strains) and C. parapsilosis(GA1 and CLIB214 strains)strains.We aimedto determine the extent to which C. albicans and C. parapsilosis damage human keratinocytes, their attachment to host cells, the keratinocytes’ ability to internalize these fungi and to examinecytokine production in response to stimuli.

Our results suggest that C. albicans causes significantly more damage to human keratinocytes than C. parapsilosisand the HPV-KER cell line was more susceptibleto the infection. In both HaCaT and HPV-KER cells, the production of IL-6, IL-8, and CCL5 increased primarilyafter C. albicans infection. Based on the adhesion studies, there was a low degree of association in case of C. parapsilosis GA1 and CLIB214 compared to C. albicans SC5314 and WO1.</p></abstract><custom-meta-group><custom-meta><meta-name>OpenAccessEmbargo</meta-name><meta-value>0</meta-value></custom-meta></custom-meta-group></article-meta></front></article>