<?xml version="1.0" encoding="UTF-8"?><!DOCTYPE article PUBLIC "-//NLM//DTD JATS (Z39.96) Journal Archiving and Interchange DTD v1.1 20151215//EN" "JATS-archivearticle1.dtd"><article xmlns:mml="http://www.w3.org/1998/Math/MathML" xmlns:xlink="http://www.w3.org/1999/xlink" article-type="meeting-report" dtd-version="1.1" xml:lang="EN"><front><journal-meta><journal-id journal-id-type="nlm-ta">Access Microbiology</journal-id><journal-id journal-id-type="hwp">acmi</journal-id><journal-id journal-id-type="publisher-id">acmi</journal-id><journal-title-group><journal-title>Access Microbiology</journal-title><abbrev-journal-title abbrev-type="pubmed">acmi</abbrev-journal-title></journal-title-group><issn pub-type="epub">2516-8290</issn><publisher><publisher-name>Microbiology Society</publisher-name></publisher></journal-meta><article-meta><article-id pub-id-type="publisher-id">acmi.cc2021.po0058</article-id><article-id pub-id-type="doi">132</article-id><article-categories><subj-group subj-group-type="heading"><subject>Poster Presentation</subject></subj-group><subj-group subj-group-type="heading"><subject>Abstracts from the Candida and Candidiasis Meeting 2021</subject></subj-group></article-categories><title-group><article-title>Exploration of anti EFG1 locked nucleic acid gapmers to control Candida albicans filamentation</article-title><alt-title alt-title-type="recto-page-foot"><ext-link ext-link-type="uri" xlink:type="simple" xlink:href="http://jmmcr.microbiologyresearch.org">http://jmmcr.microbiologyresearch.org</ext-link></alt-title></title-group><contrib-group><contrib contrib-type="author"><name><surname>Araújo</surname><given-names>Daniela</given-names></name><xref ref-type="corresp" rid="cor1">&#x002A;</xref></contrib><contrib contrib-type="author"><name><surname>Mil-Homens</surname><given-names>Dalila</given-names></name><xref ref-type="aff" rid="aff1"/></contrib><contrib contrib-type="author"><name><surname>Trolle</surname><given-names>Per</given-names></name><xref ref-type="aff" rid="aff1"/></contrib><contrib contrib-type="author"><name><surname>M.</surname><given-names>Arsénio</given-names></name><xref ref-type="aff" rid="aff1"/></contrib><contrib contrib-type="author"><name><surname>Wengel</surname><given-names>Jesper</given-names></name><xref ref-type="aff" rid="aff1"/></contrib><contrib contrib-type="author"><name><surname>Henriques</surname><given-names>Mariana</given-names></name><xref ref-type="aff" rid="aff1"/></contrib><contrib contrib-type="author"><name><surname>Silva</surname><given-names>Sónia</given-names></name><xref ref-type="aff" rid="aff1"/></contrib><contrib contrib-type="author"><name><surname></surname><given-names></given-names></name></contrib><contrib contrib-type="author"><name><surname></surname><given-names></given-names></name></contrib><contrib contrib-type="author"><name><surname></surname><given-names></given-names></name></contrib><contrib contrib-type="author"><name><surname></surname><given-names></given-names></name></contrib><contrib contrib-type="author"><name><surname></surname><given-names></given-names></name></contrib><contrib contrib-type="author"><name><surname></surname><given-names></given-names></name></contrib><contrib contrib-type="author"><name><surname></surname><given-names></given-names></name></contrib><contrib contrib-type="author"><name><surname></surname><given-names></given-names></name></contrib><contrib contrib-type="author"><name><surname></surname><given-names></given-names></name></contrib><contrib contrib-type="author"><name><surname></surname><given-names></given-names></name></contrib><contrib contrib-type="author"><name><surname></surname><given-names></given-names></name></contrib><contrib contrib-type="author"><name><surname></surname><given-names></given-names></name></contrib><contrib contrib-type="author"><name><surname></surname><given-names></given-names></name></contrib><contrib contrib-type="author"><name><surname></surname><given-names></given-names></name></contrib><contrib contrib-type="author"><name><surname></surname><given-names></given-names></name></contrib><contrib contrib-type="author"><name><surname></surname><given-names></given-names></name></contrib><contrib contrib-type="author"><name><surname></surname><given-names></given-names></name></contrib><contrib contrib-type="author"><name><surname></surname><given-names></given-names></name></contrib><contrib contrib-type="author"><name><surname></surname><given-names></given-names></name></contrib><contrib contrib-type="author"><name><surname></surname><given-names></given-names></name></contrib><contrib contrib-type="author"><name><surname></surname><given-names></given-names></name></contrib><contrib contrib-type="author"><name><surname></surname><given-names></given-names></name></contrib><contrib contrib-type="author"><name><surname></surname><given-names></given-names></name></contrib><contrib contrib-type="author"><name><surname></surname><given-names></given-names></name></contrib><aff id="aff1"><institution>Centre of Biological Engineering</institution>, <country> University of Minho</country></aff><aff id="aff5"><institution>iBB-Institute of Bioengineering and Biosciences</institution>, <country> Instituto Superior Técnico</country></aff><aff id="aff9"><institution>Department of Physics</institution>, <country> Chemistry and Pharmacy</country></aff><aff id="aff13"><institution>iBB-Institute of Bioengineering and Biosciences</institution>, <country> Instituto Superior Técnico</country></aff><aff id="aff17"><institution>Department of Physics</institution>, <country> Chemistry and Pharmacy</country></aff><aff id="aff21"><institution>Centre of Biological Engineering</institution>, <country> University of Minho</country></aff><aff id="aff25"><institution>Centre of Biological Engineering</institution>, <country> University of Minho</country></aff></contrib-group><author-notes><corresp id="cor1">&#x002A;<bold>Correspondence:</bold>Daniela Araújo, <email xlink:href="daniela.araujo@ceb.uminho.pt" xlink:type="simple">daniela.araujo@ceb.uminho.pt</email></corresp></author-notes><pub-date pub-type="ppub"><month>7</month><year>2020</year></pub-date><pub-date pub-type="epub"><day>10</day><month>07</month><year>2020</year></pub-date><volume>2</volume><issue>7A</issue><elocation-id>2</elocation-id><permissions><copyright-statement>&#x00A9; 2021 The Authors</copyright-statement><copyright-year>2021</copyright-year><license license-type="open-access" xlink:href="http://creativecommons.org/licenses/by/4.0/"><license-p>This is an open-access article distributed under the terms of the Creative Commons Attribution License.</license-p></license></permissions><self-uri xlink:href="acmi.cc2021.po0058.pdf" content-type="pdf"/><abstract><p>Introduction:Antisenseoligonucleotides(ASOs) have been successfully utilized to silence gene expression for the treatment of many genetic human diseases, and particularly the locked nucleic acid (LNA) chemical modification is extensively used with this propose. However, LNA-modified ASOs have never been exploited for controlling virulence genes of Candida.</p><p>
EFG1is an important determinant of virulence that is involved in the switch from yeast to filamentous forms in C. albicans.Thus, our main goal was to explore LNA antisense gapmers for controlling EFG1 gene expression and to block C. albicans filamentation.

Methods:A set of five LNA-modified gapmers were designed withdifferent chemical modifications (phosphorothioate backbone (PS) and/or palmitoyl-2’-amino-LNA) and ASO length. The in vitroperformance of the different ASOs was evaluatedon their ability to control EFG1gene expression, by qRT-PCR, and to reduce C. albicans’filamentation, through filaments’ enumeration by microscopy. The in vivo therapeutic potential of ASOs was assessed using a G. mellonella model of infection, through a survival assay.

Results:In vitroresults showed that all ASOs were able to reduce the levels of EFG1gene expression, consequently reducing the levels of C. albicans filamentation around 50%. Interestingly, in vivotests showed that the LNA-modified gapmer with PS backbone and palmitoyl-2’-amino-LNA was more effective at preventing G. mellonella infections.

Conclusions:Undeniably, this work promotes the development of a novel approach for the treatment of Candidainfections based on the delivery of ASOs coupled with LNA chemical modification.</p></abstract><custom-meta-group><custom-meta><meta-name>OpenAccessEmbargo</meta-name><meta-value>0</meta-value></custom-meta></custom-meta-group></article-meta></front></article>