<?xml version="1.0" encoding="UTF-8"?><!DOCTYPE article PUBLIC "-//NLM//DTD JATS (Z39.96) Journal Archiving and Interchange DTD v1.1 20151215//EN" "JATS-archivearticle1.dtd"><article xmlns:mml="http://www.w3.org/1998/Math/MathML" xmlns:xlink="http://www.w3.org/1999/xlink" article-type="meeting-report" dtd-version="1.1" xml:lang="EN"><front><journal-meta><journal-id journal-id-type="nlm-ta">Access Microbiology</journal-id><journal-id journal-id-type="hwp">acmi</journal-id><journal-id journal-id-type="publisher-id">acmi</journal-id><journal-title-group><journal-title>Access Microbiology</journal-title><abbrev-journal-title abbrev-type="pubmed">acmi</abbrev-journal-title></journal-title-group><issn pub-type="epub">2516-8290</issn><publisher><publisher-name>Microbiology Society</publisher-name></publisher></journal-meta><article-meta><article-id pub-id-type="publisher-id">acmi.cc2021.po0187</article-id><article-id pub-id-type="doi">379</article-id><article-categories><subj-group subj-group-type="heading"><subject>Poster Presentation</subject></subj-group><subj-group subj-group-type="heading"><subject>Abstracts from the Candida and Candidiasis Meeting 2021</subject></subj-group></article-categories><title-group><article-title>Ambisome Shows Potent Anti-Candida aurisIn vitroand In vivoActivity</article-title><alt-title alt-title-type="recto-page-foot"><ext-link ext-link-type="uri" xlink:type="simple" xlink:href="http://jmmcr.microbiologyresearch.org">http://jmmcr.microbiologyresearch.org</ext-link></alt-title></title-group><contrib-group><contrib contrib-type="author"><name><surname>Ghannoum</surname><given-names>Mahmoud</given-names></name><xref ref-type="aff" rid="aff2"/></contrib><contrib contrib-type="author"><name><surname>Herrada</surname><given-names>Janet</given-names></name><xref ref-type="aff" rid="aff1"/></contrib><contrib contrib-type="author"><name><surname>Gamal</surname><given-names>Ahmed</given-names></name><xref ref-type="aff" rid="aff1"/></contrib><contrib contrib-type="author"><name><surname>Long</surname><given-names>Lisa</given-names></name><xref ref-type="aff" rid="aff1"/></contrib><contrib contrib-type="author"><name><surname>McCormick</surname><given-names>Thomas</given-names></name><xref ref-type="aff" rid="aff1"/></contrib><contrib contrib-type="author"><name><surname></surname><given-names></given-names></name></contrib><contrib contrib-type="author"><name><surname></surname><given-names></given-names></name></contrib><contrib contrib-type="author"><name><surname></surname><given-names></given-names></name></contrib><contrib contrib-type="author"><name><surname></surname><given-names></given-names></name></contrib><contrib contrib-type="author"><name><surname></surname><given-names></given-names></name></contrib><contrib contrib-type="author"><name><surname></surname><given-names></given-names></name></contrib><contrib contrib-type="author"><name><surname></surname><given-names></given-names></name></contrib><contrib contrib-type="author"><name><surname></surname><given-names></given-names></name></contrib><contrib contrib-type="author"><name><surname></surname><given-names></given-names></name></contrib><contrib contrib-type="author"><name><surname></surname><given-names></given-names></name></contrib><contrib contrib-type="author"><name><surname></surname><given-names></given-names></name></contrib><contrib contrib-type="author"><name><surname></surname><given-names></given-names></name></contrib><contrib contrib-type="author"><name><surname></surname><given-names></given-names></name></contrib><contrib contrib-type="author"><name><surname></surname><given-names></given-names></name></contrib><contrib contrib-type="author"><name><surname></surname><given-names></given-names></name></contrib><contrib contrib-type="author"><name><surname></surname><given-names></given-names></name></contrib><contrib contrib-type="author"><name><surname></surname><given-names></given-names></name></contrib><contrib contrib-type="author"><name><surname></surname><given-names></given-names></name></contrib><contrib contrib-type="author"><name><surname></surname><given-names></given-names></name></contrib><contrib contrib-type="author"><name><surname></surname><given-names></given-names></name></contrib><contrib contrib-type="author"><name><surname></surname><given-names></given-names></name></contrib><contrib contrib-type="author"><name><surname></surname><given-names></given-names></name></contrib><contrib contrib-type="author"><name><surname></surname><given-names></given-names></name></contrib><contrib contrib-type="author"><name><surname></surname><given-names></given-names></name></contrib><contrib contrib-type="author"><name><surname></surname><given-names></given-names></name></contrib><contrib contrib-type="author"><name><surname></surname><given-names></given-names></name></contrib><aff id="aff1"><institution>Case Western Reserve University</institution>, <country> USA</country></aff><aff id="aff2"><institution>University Hospitals Cleveland Medical Center</institution>, <country> USA</country></aff><aff id="aff5"><institution>Case Western Reserve University</institution>, <country> USA</country></aff><aff id="aff9"><institution>Case Western Reserve University</institution>, <country> USA</country></aff><aff id="aff13"><institution>Case Western Reserve University</institution>, <country> USA</country></aff><aff id="aff17"><institution>Case Western Reserve University</institution>, <country> USA</country></aff></contrib-group><author-notes><corresp id="cor1">&#x002A;<bold>Correspondence:</bold>Ahmed Gamal, <email xlink:href="axg1117@case.edu" xlink:type="simple">axg1117@case.edu</email></corresp></author-notes><pub-date pub-type="ppub"><month>7</month><year>2020</year></pub-date><pub-date pub-type="epub"><day>10</day><month>07</month><year>2020</year></pub-date><volume>2</volume><issue>7A</issue><elocation-id>2</elocation-id><permissions><copyright-statement>&#x00A9; 2021 The Authors</copyright-statement><copyright-year>2021</copyright-year><license license-type="open-access" xlink:href="http://creativecommons.org/licenses/by/4.0/"><license-p>This is an open-access article distributed under the terms of the Creative Commons Attribution License.</license-p></license></permissions><self-uri xlink:href="acmi.cc2021.po0187.pdf" content-type="pdf"/><abstract><p>Candida auris is an emerging multidrug resistant Candidaspecies that has been reported in many parts of the world for causing severe illness in hospitalized patients especially bloodstream infections. The challenge with this type of yeast is its resistance to commonly used antifungal drugs, thus identifying antifungals that are effective against this species is critical.</p><p>
In this study, we determined the in vitro activity of Ambisome against 35 clinical isolates of C. auris using minimum inhibitory concentration (MIC) assay as well as the efficacy of Ambisome compared to Amphotericin B and fluconazole using a C. auris murine disseminated model.

Antifungal activity of C. auris against Ambisome and comparators was assessed using amicrodilution method performed according to the Clinical and Laboratory Standard Institute (CLSI) M27-A4 methodology. Mice were immunocompromised and challenged with 3 x 10⁷ C. aurisblastopores in 0.1 ml of normal saline (via the tail vein). Treatment efficacy was assessed by determining reductions in mortality as well as decrease in tissue fungal burden (CFUs).

Ambisome showed lower MIC50 and MIC90 values (1 and 2 µg/mL, respectively) than the comparators tested. Significant efficacy was observed in the Ambisome 7.5 mg/kg -treated group (100% and 90% survival by day 7- and 14-days post inoculation, respectively). Additionally, Ambisome and fluconazole treated groups showed significant reduction in CFUs in the kidneys (P- values of 0.028 and 0.022, respectively) compared to the untreated group.

Our data shows that Ambisome shows significant antifungal activity against C. auris in vitro as well as in vivo.</p></abstract><custom-meta-group><custom-meta><meta-name>OpenAccessEmbargo</meta-name><meta-value>0</meta-value></custom-meta></custom-meta-group></article-meta></front></article>