<?xml version="1.0" encoding="UTF-8"?><!DOCTYPE article PUBLIC "-//NLM//DTD JATS (Z39.96) Journal Archiving and Interchange DTD v1.1 20151215//EN" "JATS-archivearticle1.dtd"><article xmlns:mml="http://www.w3.org/1998/Math/MathML" xmlns:xlink="http://www.w3.org/1999/xlink" article-type="meeting-report" dtd-version="1.1" xml:lang="EN"><front><journal-meta><journal-id journal-id-type="nlm-ta">Access Microbiology</journal-id><journal-id journal-id-type="hwp">acmi</journal-id><journal-id journal-id-type="publisher-id">acmi</journal-id><journal-title-group><journal-title>Access Microbiology</journal-title><abbrev-journal-title abbrev-type="pubmed">acmi</abbrev-journal-title></journal-title-group><issn pub-type="epub">2516-8290</issn><publisher><publisher-name>Microbiology Society</publisher-name></publisher></journal-meta><article-meta><article-id pub-id-type="publisher-id">acmi.cc2021.po0042</article-id><article-id pub-id-type="doi">96</article-id><article-categories><subj-group subj-group-type="heading"><subject>Poster Presentation</subject></subj-group><subj-group subj-group-type="heading"><subject>Abstracts from the Candida and Candidiasis Meeting 2021</subject></subj-group></article-categories><title-group><article-title>Complex sphingolipids: Vital determinants of Drug susceptibility, membrane integrity and pathogenesis of Candida glabrata</article-title><alt-title alt-title-type="recto-page-foot"><ext-link ext-link-type="uri" xlink:type="simple" xlink:href="http://jmmcr.microbiologyresearch.org">http://jmmcr.microbiologyresearch.org</ext-link></alt-title></title-group><contrib-group><contrib contrib-type="author"><name><surname>Shahi</surname><given-names>Garima</given-names></name></contrib><contrib contrib-type="author"><name><surname>Kumar</surname><given-names>Mohit</given-names></name><xref ref-type="aff" rid="aff1"/><xref ref-type="aff" rid="aff2"/></contrib><contrib contrib-type="author"><name><surname>Kumar</surname><given-names>Nitesh</given-names></name><xref ref-type="aff" rid="aff1"/><xref ref-type="aff" rid="aff2"/></contrib><contrib contrib-type="author"><name><surname>Sarkar</surname><given-names>Parijat</given-names></name><xref ref-type="aff" rid="aff1"/></contrib><contrib contrib-type="author"><name><surname>Kumari</surname><given-names>Sonam</given-names></name><xref ref-type="aff" rid="aff1"/><xref ref-type="aff" rid="aff2"/></contrib><contrib contrib-type="author"><name><surname>Chauhan</surname><given-names>Neeraj</given-names></name><xref ref-type="aff" rid="aff1"/></contrib><contrib contrib-type="author"><name><surname>Chattopadhyay</surname><given-names>Amitabha</given-names></name><xref ref-type="aff" rid="aff1"/></contrib><contrib contrib-type="author"><name><surname>A.</surname><given-names>Naseem</given-names></name><xref ref-type="aff" rid="aff1"/></contrib><contrib contrib-type="author"><name><surname>Prasad</surname><given-names>Rajendra</given-names></name><xref ref-type="aff" rid="aff1"/></contrib><contrib contrib-type="author"><name><surname></surname><given-names></given-names></name></contrib><contrib contrib-type="author"><name><surname></surname><given-names></given-names></name></contrib><contrib contrib-type="author"><name><surname></surname><given-names></given-names></name></contrib><contrib contrib-type="author"><name><surname></surname><given-names></given-names></name></contrib><contrib contrib-type="author"><name><surname></surname><given-names></given-names></name></contrib><contrib contrib-type="author"><name><surname></surname><given-names></given-names></name></contrib><contrib contrib-type="author"><name><surname></surname><given-names></given-names></name></contrib><contrib contrib-type="author"><name><surname></surname><given-names></given-names></name></contrib><contrib contrib-type="author"><name><surname></surname><given-names></given-names></name></contrib><contrib contrib-type="author"><name><surname></surname><given-names></given-names></name></contrib><contrib contrib-type="author"><name><surname></surname><given-names></given-names></name></contrib><contrib contrib-type="author"><name><surname></surname><given-names></given-names></name></contrib><contrib contrib-type="author"><name><surname></surname><given-names></given-names></name></contrib><contrib contrib-type="author"><name><surname></surname><given-names></given-names></name></contrib><contrib contrib-type="author"><name><surname></surname><given-names></given-names></name></contrib><contrib contrib-type="author"><name><surname></surname><given-names></given-names></name></contrib><contrib contrib-type="author"><name><surname></surname><given-names></given-names></name></contrib><contrib contrib-type="author"><name><surname></surname><given-names></given-names></name></contrib><contrib contrib-type="author"><name><surname></surname><given-names></given-names></name></contrib><contrib contrib-type="author"><name><surname></surname><given-names></given-names></name></contrib><contrib contrib-type="author"><name><surname></surname><given-names></given-names></name></contrib><contrib contrib-type="author"><name><surname></surname><given-names></given-names></name></contrib><aff id="aff1"><institution>Amity Institute of Integrative Sciences and Health</institution>, <country> Amity University</country></aff><aff id="aff5"><institution>Amity Institute of Integrative Sciences and Health</institution>, <country> Amity University</country></aff><aff id="aff6"><institution>International centre for genetic engineering and biotechnology</institution>, <country> India</country></aff><aff id="aff9"><institution>Amity Institute of Integrative Sciences and Health</institution>, <country> Amity University</country></aff><aff id="aff10"><institution>Biological Sciences West Rm 351</institution>, <country> University of Arizona</country></aff><aff id="aff13"><institution>CSIR-Centre for Cellular and Molecular Biology</institution>, <country> Uppal Road</country></aff><aff id="aff17"><institution>Amity Institute of Integrative Sciences and Health</institution>, <country> Amity University</country></aff><aff id="aff18"><institution>International centre for genetic engineering and biotechnology</institution>, <country> India</country></aff><aff id="aff21"><institution>Department of Microbiology</institution>, <country> Biochemistry and Molecular Genetics</country></aff><aff id="aff25"><institution>CSIR-Centre for Cellular and Molecular Biology</institution>, <country> Uppal Road</country></aff><aff id="aff29"><institution>International centre for genetic engineering and biotechnology</institution>, <country> India</country></aff><aff id="aff33"><institution>Amity Institute of Integrative Sciences and Health</institution>, <country> Amity University</country></aff></contrib-group><author-notes><corresp id="cor1">&#x002A;<bold>Correspondence:</bold>GARIMA SHAHI, <email xlink:href="garimashahi47@yahoo.com" xlink:type="simple">garimashahi47@yahoo.com</email></corresp></author-notes><pub-date pub-type="ppub"><month>7</month><year>2020</year></pub-date><pub-date pub-type="epub"><day>10</day><month>07</month><year>2020</year></pub-date><volume>2</volume><issue>7A</issue><elocation-id>2</elocation-id><permissions><copyright-statement>&#x00A9; 2021 The Authors</copyright-statement><copyright-year>2021</copyright-year><license license-type="open-access" xlink:href="http://creativecommons.org/licenses/by/4.0/"><license-p>This is an open-access article distributed under the terms of the Creative Commons Attribution License.</license-p></license></permissions><self-uri xlink:href="acmi.cc2021.po0042.pdf" content-type="pdf"/><abstract><p>Complex Sphingolipids (SLs) are unique to fungi, which apart from being novel drug targets, also appear to act as molecular signals, in diverse biological processes.In this study, we have specifically blocked the key synthesis step of SLs metabolism by disruption of theuncharacterized CgIPT1 gene, which based on homology with other Candida spp., predicted to mediate the conversion of MIPC to M(IP)2C. We followed fusion based PCRhomologous recombinationmethod forIPT1deletionby using dominant markerNAT1. The knockout was selected on a nourseothricin drug plate and confirmed by gene specific PCR and by checking M(IP)2C levels.We observed that the specific accumulation of MIPC or lack of M(IP)2C in C. glabratadisplayed increased susceptibility to both imidazole’s (ketoconazole, miconazole and clotrimazole) and triazoles (fluconazole, itraconazole and posaconazole). RNA Sequencing of Cgipt1Δcells revealed no major impact on of expression levels of common MDR determinants albeit a distinct imbalances in expression of lipid homeostasis genes was evident.The Fluorescence Recovery after Photobleaching (FRAP) experiments confirmed that plasma membrane in Cgipt1Δ cells display a reduction in micro-viscosity leading to increase in drug diffusion and susceptibility of Cgipt1Δcells. Interestingly, the Cgipt1Δ also exhibit attenuated virulence in a murine model. Together, our data confirms the relevance of M(IP)2C in governing drug susceptibility and virulence inC.glabrata.</p></abstract><custom-meta-group><custom-meta><meta-name>OpenAccessEmbargo</meta-name><meta-value>0</meta-value></custom-meta></custom-meta-group></article-meta></front></article>