<?xml version="1.0" encoding="UTF-8"?><!DOCTYPE article PUBLIC "-//NLM//DTD JATS (Z39.96) Journal Archiving and Interchange DTD v1.1 20151215//EN" "JATS-archivearticle1.dtd"><article xmlns:mml="http://www.w3.org/1998/Math/MathML" xmlns:xlink="http://www.w3.org/1999/xlink" article-type="meeting-report" dtd-version="1.1" xml:lang="EN"><front><journal-meta><journal-id journal-id-type="nlm-ta">Access Microbiology</journal-id><journal-id journal-id-type="hwp">acmi</journal-id><journal-id journal-id-type="publisher-id">acmi</journal-id><journal-title-group><journal-title>Access Microbiology</journal-title><abbrev-journal-title abbrev-type="pubmed">acmi</abbrev-journal-title></journal-title-group><issn pub-type="epub">2516-8290</issn><publisher><publisher-name>Microbiology Society</publisher-name></publisher></journal-meta><article-meta><article-id pub-id-type="publisher-id">acmi.cc2021.po0009</article-id><article-id pub-id-type="doi">22</article-id><article-categories><subj-group subj-group-type="heading"><subject>Poster Presentation</subject></subj-group><subj-group subj-group-type="heading"><subject>Abstracts from the Candida and Candidiasis Meeting 2021</subject></subj-group></article-categories><title-group><article-title>Candida albicans cell wall mannosidases, Dfg5 and Dcw1, regulate chitin synthesis</article-title><alt-title alt-title-type="recto-page-foot"><ext-link ext-link-type="uri" xlink:type="simple" xlink:href="http://jmmcr.microbiologyresearch.org">http://jmmcr.microbiologyresearch.org</ext-link></alt-title></title-group><contrib-group><contrib contrib-type="author"><name><surname>Maddi</surname><given-names>Abhiram</given-names></name><xref ref-type="corresp" rid="cor1">&#x002A;</xref></contrib><contrib contrib-type="author"><name><surname>Kim</surname><given-names>Jaewon</given-names></name><xref ref-type="aff" rid="aff1"/></contrib><contrib contrib-type="author"><name><surname>Sohi</surname><given-names>Harleen</given-names></name><xref ref-type="aff" rid="aff1"/></contrib><contrib contrib-type="author"><name><surname>Busarajan</surname><given-names>Sujay</given-names></name><xref ref-type="aff" rid="aff1"/></contrib><contrib contrib-type="author"><name><surname>Glagovyak</surname><given-names>Olga</given-names></name><xref ref-type="aff" rid="aff1"/></contrib><contrib contrib-type="author"><name><surname>Knapp</surname><given-names>Madlin</given-names></name><xref ref-type="aff" rid="aff1"/></contrib><contrib contrib-type="author"><name><surname>Chinnici</surname><given-names>Jennifer</given-names></name><xref ref-type="aff" rid="aff1"/></contrib><contrib contrib-type="author"><name><surname></surname><given-names></given-names></name></contrib><contrib contrib-type="author"><name><surname></surname><given-names></given-names></name></contrib><contrib contrib-type="author"><name><surname></surname><given-names></given-names></name></contrib><contrib contrib-type="author"><name><surname></surname><given-names></given-names></name></contrib><contrib contrib-type="author"><name><surname></surname><given-names></given-names></name></contrib><contrib contrib-type="author"><name><surname></surname><given-names></given-names></name></contrib><contrib contrib-type="author"><name><surname></surname><given-names></given-names></name></contrib><contrib contrib-type="author"><name><surname></surname><given-names></given-names></name></contrib><contrib contrib-type="author"><name><surname></surname><given-names></given-names></name></contrib><contrib contrib-type="author"><name><surname></surname><given-names></given-names></name></contrib><contrib contrib-type="author"><name><surname></surname><given-names></given-names></name></contrib><contrib contrib-type="author"><name><surname></surname><given-names></given-names></name></contrib><contrib contrib-type="author"><name><surname></surname><given-names></given-names></name></contrib><contrib contrib-type="author"><name><surname></surname><given-names></given-names></name></contrib><contrib contrib-type="author"><name><surname></surname><given-names></given-names></name></contrib><contrib contrib-type="author"><name><surname></surname><given-names></given-names></name></contrib><contrib contrib-type="author"><name><surname></surname><given-names></given-names></name></contrib><contrib contrib-type="author"><name><surname></surname><given-names></given-names></name></contrib><contrib contrib-type="author"><name><surname></surname><given-names></given-names></name></contrib><contrib contrib-type="author"><name><surname></surname><given-names></given-names></name></contrib><contrib contrib-type="author"><name><surname></surname><given-names></given-names></name></contrib><contrib contrib-type="author"><name><surname></surname><given-names></given-names></name></contrib><contrib contrib-type="author"><name><surname></surname><given-names></given-names></name></contrib><contrib contrib-type="author"><name><surname></surname><given-names></given-names></name></contrib><aff id="aff1"><institution>School of Dental Medicine</institution>, <country> University at Buffalo</country></aff><aff id="aff5"><institution>School of Dental Medicine</institution>, <country> University at Buffalo</country></aff><aff id="aff9"><institution>School of Dental Medicine</institution>, <country> University at Buffalo</country></aff><aff id="aff13"><institution>School of Dental Medicine</institution>, <country> University at Buffalo</country></aff><aff id="aff17"><institution>School of Dental Medicine</institution>, <country> University at Buffalo</country></aff><aff id="aff21"><institution>School of Dental Medicine</institution>, <country> University at Buffalo</country></aff><aff id="aff25"><institution>School of Dental Medicine</institution>, <country> University at Buffalo</country></aff></contrib-group><author-notes><corresp id="cor1">&#x002A;<bold>Correspondence:</bold>Abhiram Maddi, <email xlink:href="amaddi79@gmail.com" xlink:type="simple">amaddi79@gmail.com</email></corresp></author-notes><pub-date pub-type="ppub"><month>7</month><year>2020</year></pub-date><pub-date pub-type="epub"><day>10</day><month>07</month><year>2020</year></pub-date><volume>2</volume><issue>7A</issue><elocation-id>2</elocation-id><permissions><copyright-statement>&#x00A9; 2021 The Authors</copyright-statement><copyright-year>2021</copyright-year><license license-type="open-access" xlink:href="http://creativecommons.org/licenses/by/4.0/"><license-p>This is an open-access article distributed under the terms of the Creative Commons Attribution License.</license-p></license></permissions><self-uri xlink:href="acmi.cc2021.po0009.pdf" content-type="pdf"/><abstract><p>InCandida albicans chitin synthesis is important for cell wall integrity and may also have a role in emergence of drug-resistance. Our past studies showed that cell wall mannosidases, Dfg5 and Dcw1, regulate HOG MAPK signaling. In this study, we investigated how Dfg5 and Dcw1 regulate chitin synthesis by affecting HOG, PKC and Calcium-Calcineurin signaling pathways. DFG5 and DCW1 heterologous mutants (ES1 & ES195) and a conditional mutant (ES195+methionine/cysteine) were utilized. WT SC5314 served as negative control and Hog1 knock-out mutant as positive control. Fluorescence microscopy of calcofluor white (CFW) stained mutant and control strains was performed to observe chitin accumulation. Quantitative PCR analysis was performed to measure the relative expression of chitin synthases CHS1, CHS2, CHS3 and CHS8. Incubation with chitinase was done to determine cell separation using light microscopy and scanning electron microscopy (SEM) analysis. Fluorescence microscopy showed significantly increased chitin accumulation in the mutants as compared to wild type. Chitin accumulation was observed mainly at the budding sites indicating a cause for defective cell separation phenotype. Incubation with chitinase led to cell separation in the mutants. CHS2, CHS3 and CHS8 expression was observed to be significantly upregulated in the conditional mutant and HOG1 mutant as compared to the wild type. This upregulation was also observed when the cell wall integrity PKC pathway was activated. However, activation of the Calcium-calcineurin pathway downregulated chitin synthase expression in the mutants. Our data indicates that Dfg5 and Dcw1 regulate expression of chitin synthases via HOG MAPK, PKC and Calcium-calcineurin signaling pathways.</p></abstract><custom-meta-group><custom-meta><meta-name>OpenAccessEmbargo</meta-name><meta-value>0</meta-value></custom-meta></custom-meta-group></article-meta></front></article>