<?xml version="1.0" encoding="UTF-8"?><!DOCTYPE article PUBLIC "-//NLM//DTD JATS (Z39.96) Journal Archiving and Interchange DTD v1.1 20151215//EN" "JATS-archivearticle1.dtd"><article xmlns:mml="http://www.w3.org/1998/Math/MathML" xmlns:xlink="http://www.w3.org/1999/xlink" article-type="meeting-report" dtd-version="1.1" xml:lang="EN"><front><journal-meta><journal-id journal-id-type="nlm-ta">Access Microbiology</journal-id><journal-id journal-id-type="hwp">acmi</journal-id><journal-id journal-id-type="publisher-id">acmi</journal-id><journal-title-group><journal-title>Access Microbiology</journal-title><abbrev-journal-title abbrev-type="pubmed">acmi</abbrev-journal-title></journal-title-group><issn pub-type="epub">2516-8290</issn><publisher><publisher-name>Microbiology Society</publisher-name></publisher></journal-meta><article-meta><article-id pub-id-type="publisher-id">acmi.cc2021.po0037</article-id><article-id pub-id-type="doi">86</article-id><article-categories><subj-group subj-group-type="heading"><subject>Poster Presentation</subject></subj-group><subj-group subj-group-type="heading"><subject>Abstracts from the Candida and Candidiasis Meeting 2021</subject></subj-group></article-categories><title-group><article-title>Investigation of the MFS drug transporter family in Candida parapsilosis using CRISPR-Cas9</article-title><alt-title alt-title-type="recto-page-foot"><ext-link ext-link-type="uri" xlink:type="simple" xlink:href="http://jmmcr.microbiologyresearch.org">http://jmmcr.microbiologyresearch.org</ext-link></alt-title></title-group><contrib-group><contrib contrib-type="author"><name><surname>Zhao</surname><given-names>Fang</given-names></name><xref ref-type="corresp" rid="cor1">&#x002A;</xref></contrib><contrib contrib-type="author"><name><surname>Butler</surname><given-names>Geraldine</given-names></name><xref ref-type="aff" rid="aff1"/></contrib><contrib contrib-type="author"><name><surname></surname><given-names></given-names></name></contrib><contrib contrib-type="author"><name><surname></surname><given-names></given-names></name></contrib><contrib contrib-type="author"><name><surname></surname><given-names></given-names></name></contrib><contrib contrib-type="author"><name><surname></surname><given-names></given-names></name></contrib><contrib contrib-type="author"><name><surname></surname><given-names></given-names></name></contrib><contrib contrib-type="author"><name><surname></surname><given-names></given-names></name></contrib><contrib contrib-type="author"><name><surname></surname><given-names></given-names></name></contrib><contrib contrib-type="author"><name><surname></surname><given-names></given-names></name></contrib><contrib contrib-type="author"><name><surname></surname><given-names></given-names></name></contrib><contrib contrib-type="author"><name><surname></surname><given-names></given-names></name></contrib><contrib contrib-type="author"><name><surname></surname><given-names></given-names></name></contrib><contrib contrib-type="author"><name><surname></surname><given-names></given-names></name></contrib><contrib contrib-type="author"><name><surname></surname><given-names></given-names></name></contrib><contrib contrib-type="author"><name><surname></surname><given-names></given-names></name></contrib><contrib contrib-type="author"><name><surname></surname><given-names></given-names></name></contrib><contrib contrib-type="author"><name><surname></surname><given-names></given-names></name></contrib><contrib contrib-type="author"><name><surname></surname><given-names></given-names></name></contrib><contrib contrib-type="author"><name><surname></surname><given-names></given-names></name></contrib><contrib contrib-type="author"><name><surname></surname><given-names></given-names></name></contrib><contrib contrib-type="author"><name><surname></surname><given-names></given-names></name></contrib><contrib contrib-type="author"><name><surname></surname><given-names></given-names></name></contrib><contrib contrib-type="author"><name><surname></surname><given-names></given-names></name></contrib><contrib contrib-type="author"><name><surname></surname><given-names></given-names></name></contrib><contrib contrib-type="author"><name><surname></surname><given-names></given-names></name></contrib><contrib contrib-type="author"><name><surname></surname><given-names></given-names></name></contrib><contrib contrib-type="author"><name><surname></surname><given-names></given-names></name></contrib><contrib contrib-type="author"><name><surname></surname><given-names></given-names></name></contrib><contrib contrib-type="author"><name><surname></surname><given-names></given-names></name></contrib><contrib contrib-type="author"><name><surname></surname><given-names></given-names></name></contrib><aff id="aff1"><institution>Conway Institute</institution>, <country> School of Biomolecular and Biomedical Science</country></aff><aff id="aff5"><institution>Conway Institute</institution>, <country> School of Biomolecular and Biomedical Science</country></aff></contrib-group><author-notes><corresp id="cor1">&#x002A;<bold>Correspondence:</bold>Fang Zhao, <email xlink:href="fangzhao1109@gmail.com" xlink:type="simple">fangzhao1109@gmail.com</email></corresp></author-notes><pub-date pub-type="ppub"><month>7</month><year>2020</year></pub-date><pub-date pub-type="epub"><day>10</day><month>07</month><year>2020</year></pub-date><volume>2</volume><issue>7A</issue><elocation-id>2</elocation-id><permissions><copyright-statement>&#x00A9; 2021 The Authors</copyright-statement><copyright-year>2021</copyright-year><license license-type="open-access" xlink:href="http://creativecommons.org/licenses/by/4.0/"><license-p>This is an open-access article distributed under the terms of the Creative Commons Attribution License.</license-p></license></permissions><self-uri xlink:href="acmi.cc2021.po0037.pdf" content-type="pdf"/><abstract><p>The function of specific transporters is a key feature underlying drug resistance in Candida species. Drug transporters fall into two main classes – ATP-binding cassette (ABC) transporters, and the major facilitator superfamily (MFS) transporters. Some members of the drug/H (+) antiporter (DHA1) of the MFS superfamily have been shown to function as multidrug transporters. We targeted 16 genes belonging to five families that compose one branch of the DHA1 transporter group. These include MDR1/FLR1, associated with multidrug resistance in C. albicans (3 members); TPO4, associated with polyamine transport (1 member); NAG3/4, associated with transport of N-acetyl glucosamine (2 members); TPO2/3, associated with polyamine transport (1 member); and TPO1/FLU1, possibly associated with fluconazole resistance (9 members). We used CRISPR-Ca9 based gene editing to explore the function of of the five families in C. parapsilosis. </p><p>
All 16 members were individually disrupted by introducing stop codons in the first third of the open reading frames (editing), or by deleting the whole gene. In addition, members of each family were disrupted together, including all 9 members of the TPO1/FLU1 family. CPAR2_603010, CPAR2_207540, and CPAR2_301760 all belonged to the MDR1 family. Editing CPAR2_603010 conferred sensitivity to fluconazole and voriconazole, though disrupting the other two genes had no effect. The azole sensitivity of the CPAR2_603010 edited strain was reverted by introducing the wild type sequence. Disrupting CPAR2_603010 or CPAR2_301760 individually did not affect sensitivity to 4-nitroquinoline 1-oxide. However, the double disruptant was sensitive. Disrupting CPAR2_300760, a member of the TPO1/FLU1 family, resulted in sensitivity to mycophenolic acid. Whole genome sequencing analysis of a strain in which all nine TPO1 genes were disrupted revealed that few off-target effects introduced by the CRISPR-Cas9 system, as few unexpected changes were found after eight rounds of transformation.</p></abstract><custom-meta-group><custom-meta><meta-name>OpenAccessEmbargo</meta-name><meta-value>0</meta-value></custom-meta></custom-meta-group></article-meta></front></article>