<?xml version="1.0" encoding="UTF-8"?><!DOCTYPE article PUBLIC "-//NLM//DTD JATS (Z39.96) Journal Archiving and Interchange DTD v1.1 20151215//EN" "JATS-archivearticle1.dtd"><article xmlns:mml="http://www.w3.org/1998/Math/MathML" xmlns:xlink="http://www.w3.org/1999/xlink" article-type="meeting-report" dtd-version="1.1" xml:lang="EN"><front><journal-meta><journal-id journal-id-type="nlm-ta">Access Microbiology</journal-id><journal-id journal-id-type="hwp">acmi</journal-id><journal-id journal-id-type="publisher-id">acmi</journal-id><journal-title-group><journal-title>Access Microbiology</journal-title><abbrev-journal-title abbrev-type="pubmed">acmi</abbrev-journal-title></journal-title-group><issn pub-type="epub">2516-8290</issn><publisher><publisher-name>Microbiology Society</publisher-name></publisher></journal-meta><article-meta><article-id pub-id-type="publisher-id">acmi.cc2021.po0016</article-id><article-id pub-id-type="doi">32</article-id><article-categories><subj-group subj-group-type="heading"><subject>Poster Presentation</subject></subj-group><subj-group subj-group-type="heading"><subject>Abstracts from the Candida and Candidiasis Meeting 2021</subject></subj-group></article-categories><title-group><article-title>CRISPR-Cas9 mutagenesis and single gene reintegration suggests functional diversity within the Candida albicans TLO gene family</article-title><alt-title alt-title-type="recto-page-foot"><ext-link ext-link-type="uri" xlink:type="simple" xlink:href="http://jmmcr.microbiologyresearch.org">http://jmmcr.microbiologyresearch.org</ext-link></alt-title></title-group><contrib-group><contrib contrib-type="author"><name><surname>Fletcher</surname><given-names>Jessica</given-names></name><xref ref-type="aff" rid="aff2"/><xref ref-type="corresp" rid="cor1">&#x002A;</xref></contrib><contrib contrib-type="author"><name><surname>Moran</surname><given-names>Gary</given-names></name><xref ref-type="aff" rid="aff1"/><xref ref-type="aff" rid="aff2"/></contrib><contrib contrib-type="author"><name><surname>Sullivan</surname><given-names>Derek</given-names></name><xref ref-type="aff" rid="aff1"/><xref ref-type="aff" rid="aff2"/></contrib><contrib contrib-type="author"><name><surname></surname><given-names></given-names></name></contrib><contrib contrib-type="author"><name><surname></surname><given-names></given-names></name></contrib><contrib contrib-type="author"><name><surname></surname><given-names></given-names></name></contrib><contrib contrib-type="author"><name><surname></surname><given-names></given-names></name></contrib><contrib contrib-type="author"><name><surname></surname><given-names></given-names></name></contrib><contrib contrib-type="author"><name><surname></surname><given-names></given-names></name></contrib><contrib contrib-type="author"><name><surname></surname><given-names></given-names></name></contrib><contrib contrib-type="author"><name><surname></surname><given-names></given-names></name></contrib><contrib contrib-type="author"><name><surname></surname><given-names></given-names></name></contrib><contrib contrib-type="author"><name><surname></surname><given-names></given-names></name></contrib><contrib contrib-type="author"><name><surname></surname><given-names></given-names></name></contrib><contrib contrib-type="author"><name><surname></surname><given-names></given-names></name></contrib><contrib contrib-type="author"><name><surname></surname><given-names></given-names></name></contrib><contrib contrib-type="author"><name><surname></surname><given-names></given-names></name></contrib><contrib contrib-type="author"><name><surname></surname><given-names></given-names></name></contrib><contrib contrib-type="author"><name><surname></surname><given-names></given-names></name></contrib><contrib contrib-type="author"><name><surname></surname><given-names></given-names></name></contrib><contrib contrib-type="author"><name><surname></surname><given-names></given-names></name></contrib><contrib contrib-type="author"><name><surname></surname><given-names></given-names></name></contrib><contrib contrib-type="author"><name><surname></surname><given-names></given-names></name></contrib><contrib contrib-type="author"><name><surname></surname><given-names></given-names></name></contrib><contrib contrib-type="author"><name><surname></surname><given-names></given-names></name></contrib><contrib contrib-type="author"><name><surname></surname><given-names></given-names></name></contrib><contrib contrib-type="author"><name><surname></surname><given-names></given-names></name></contrib><contrib contrib-type="author"><name><surname></surname><given-names></given-names></name></contrib><contrib contrib-type="author"><name><surname></surname><given-names></given-names></name></contrib><contrib contrib-type="author"><name><surname></surname><given-names></given-names></name></contrib><contrib contrib-type="author"><name><surname></surname><given-names></given-names></name></contrib><aff id="aff1"><institution>Dublin Dental University Hospital</institution>, <country> Ireland</country></aff><aff id="aff2"><institution>Trinity College Dublin</institution>, <country> Ireland</country></aff><aff id="aff5"><institution>Dublin Dental University Hospital</institution>, <country> Ireland</country></aff><aff id="aff6"><institution>Trinity College Dublin</institution>, <country> Ireland</country></aff><aff id="aff9"><institution>Dublin Dental University Hospital</institution>, <country> Ireland</country></aff><aff id="aff10"><institution>Trinity College Dublin</institution>, <country> Ireland</country></aff></contrib-group><author-notes><corresp id="cor1">&#x002A;<bold>Correspondence:</bold>Jessica Fletcher, <email xlink:href="jfletche@tcd.ie" xlink:type="simple">jfletche@tcd.ie</email></corresp></author-notes><pub-date pub-type="ppub"><month>7</month><year>2020</year></pub-date><pub-date pub-type="epub"><day>10</day><month>07</month><year>2020</year></pub-date><volume>2</volume><issue>7A</issue><elocation-id>2</elocation-id><permissions><copyright-statement>&#x00A9; 2021 The Authors</copyright-statement><copyright-year>2021</copyright-year><license license-type="open-access" xlink:href="http://creativecommons.org/licenses/by/4.0/"><license-p>This is an open-access article distributed under the terms of the Creative Commons Attribution License.</license-p></license></permissions><self-uri xlink:href="acmi.cc2021.po0016.pdf" content-type="pdf"/><abstract><p>Candida albicanshas between 10-15 Telomere-associated ORF family(TLO)genes, whereas its closest relative, Candida dubliniensis, has two. The Tlo proteins are components of the Mediator complex which plays an important role in transcriptional regulation. CRISPR-Cas9 mutagenesis was used to generate a TLOnull mutant of C. albicans.Phenotypic analysis of the mutant showed significantly reduced fitness, with major defects in growth rate, morphogenesis, stress resistance and virulence in a Galleria mellonellamodel. Clade representative TLOα1, TLOβ2 and TLOγ11constructs were reintroduced into the null mutant background to determine if members of the TLO gene family exhibit functional differences. The genes were reintroduced under the control of the TET1and ENO1promoters. TLOα1and TLOβ2expression restored stress tolerance and growth rate, in some cases to the level of the WT. TLOβ2expression also showed a dramatic effect on morphology resulting in constitutive true hyphal growth. Moderate expression of TLOγ11 had no detectable effect on many of the phenotypes tested, however overexpression increased biofilm formation in Spider medium, and also conferred increased resistance to cell wall stressors. These data suggest that individual TLO genes have distinct functions and that the diversity within the TLO family may contribute to the relative success of C. albicans as a coloniser and pathogen of humans.</p></abstract><custom-meta-group><custom-meta><meta-name>OpenAccessEmbargo</meta-name><meta-value>0</meta-value></custom-meta></custom-meta-group></article-meta></front></article>