<?xml version="1.0" encoding="UTF-8"?><!DOCTYPE article PUBLIC "-//NLM//DTD JATS (Z39.96) Journal Archiving and Interchange DTD v1.1 20151215//EN" "JATS-archivearticle1.dtd"><article xmlns:mml="http://www.w3.org/1998/Math/MathML" xmlns:xlink="http://www.w3.org/1999/xlink" article-type="meeting-report" dtd-version="1.1" xml:lang="EN"><front><journal-meta><journal-id journal-id-type="nlm-ta">Access Microbiology</journal-id><journal-id journal-id-type="hwp">acmi</journal-id><journal-id journal-id-type="publisher-id">acmi</journal-id><journal-title-group><journal-title>Access Microbiology</journal-title><abbrev-journal-title abbrev-type="pubmed">acmi</abbrev-journal-title></journal-title-group><issn pub-type="epub">2516-8290</issn><publisher><publisher-name>Microbiology Society</publisher-name></publisher></journal-meta><article-meta><article-id pub-id-type="publisher-id">acmi.cc2021.po0157</article-id><article-id pub-id-type="doi">339</article-id><article-categories><subj-group subj-group-type="heading"><subject>Poster Presentation</subject></subj-group><subj-group subj-group-type="heading"><subject>Abstracts from the Candida and Candidiasis Meeting 2021</subject></subj-group></article-categories><title-group><article-title>“A novel CRISPRi platform to study the role of essential genes in antifungal drug-resistant Candida albicans isolates”</article-title><alt-title alt-title-type="recto-page-foot"><ext-link ext-link-type="uri" xlink:type="simple" xlink:href="http://jmmcr.microbiologyresearch.org">http://jmmcr.microbiologyresearch.org</ext-link></alt-title></title-group><contrib-group><contrib contrib-type="author"><name><surname>Wensing</surname><given-names>Lauren</given-names></name><xref ref-type="corresp" rid="cor1">&#x002A;</xref></contrib><contrib contrib-type="author"><name><surname>Shapiro</surname><given-names>Rebecca</given-names></name><xref ref-type="aff" rid="aff1"/></contrib><contrib contrib-type="author"><name><surname>Uthayakumar</surname><given-names>Deeva</given-names></name><xref ref-type="aff" rid="aff1"/></contrib><contrib contrib-type="author"><name><surname>Halder</surname><given-names>Viola</given-names></name><xref ref-type="aff" rid="aff1"/></contrib><contrib contrib-type="author"><name><surname>Sharma</surname><given-names>Jehoshua</given-names></name><xref ref-type="aff" rid="aff1"/></contrib><contrib contrib-type="author"><name><surname>Proteau</surname><given-names>Yannic</given-names></name><xref ref-type="aff" rid="aff1"/></contrib><contrib contrib-type="author"><name><surname>Chavez</surname><given-names>Alejandro</given-names></name><xref ref-type="aff" rid="aff1"/></contrib><contrib contrib-type="author"><name><surname></surname><given-names></given-names></name></contrib><contrib contrib-type="author"><name><surname></surname><given-names></given-names></name></contrib><contrib contrib-type="author"><name><surname></surname><given-names></given-names></name></contrib><contrib contrib-type="author"><name><surname></surname><given-names></given-names></name></contrib><contrib contrib-type="author"><name><surname></surname><given-names></given-names></name></contrib><contrib contrib-type="author"><name><surname></surname><given-names></given-names></name></contrib><contrib contrib-type="author"><name><surname></surname><given-names></given-names></name></contrib><contrib contrib-type="author"><name><surname></surname><given-names></given-names></name></contrib><contrib contrib-type="author"><name><surname></surname><given-names></given-names></name></contrib><contrib contrib-type="author"><name><surname></surname><given-names></given-names></name></contrib><contrib contrib-type="author"><name><surname></surname><given-names></given-names></name></contrib><contrib contrib-type="author"><name><surname></surname><given-names></given-names></name></contrib><contrib contrib-type="author"><name><surname></surname><given-names></given-names></name></contrib><contrib contrib-type="author"><name><surname></surname><given-names></given-names></name></contrib><contrib contrib-type="author"><name><surname></surname><given-names></given-names></name></contrib><contrib contrib-type="author"><name><surname></surname><given-names></given-names></name></contrib><contrib contrib-type="author"><name><surname></surname><given-names></given-names></name></contrib><contrib contrib-type="author"><name><surname></surname><given-names></given-names></name></contrib><contrib contrib-type="author"><name><surname></surname><given-names></given-names></name></contrib><contrib contrib-type="author"><name><surname></surname><given-names></given-names></name></contrib><contrib contrib-type="author"><name><surname></surname><given-names></given-names></name></contrib><contrib contrib-type="author"><name><surname></surname><given-names></given-names></name></contrib><contrib contrib-type="author"><name><surname></surname><given-names></given-names></name></contrib><contrib contrib-type="author"><name><surname></surname><given-names></given-names></name></contrib><aff id="aff1"><institution>University of Guelph Department of Molecular and Cellular Biology</institution>, <country> Canada</country></aff><aff id="aff5"><institution>University of Guelph Department of Molecular and Cellular Biology</institution>, <country> Canada</country></aff><aff id="aff9"><institution>University of Guelph Department of Molecular and Cellular Biology</institution>, <country> Canada</country></aff><aff id="aff13"><institution>University of Guelph Department of Molecular and Cellular Biology</institution>, <country> Canada</country></aff><aff id="aff17"><institution>University of Guelph Department of Molecular and Cellular Biology</institution>, <country> Canada</country></aff><aff id="aff21"><institution>University of Guelph Department of Molecular and Cellular Biology</institution>, <country> Canada</country></aff><aff id="aff25"><institution>Columbia University College of Physicians and Surgeons</institution>, <country> USA</country></aff></contrib-group><author-notes><corresp id="cor1">&#x002A;<bold>Correspondence:</bold>Lauren Wensing, <email xlink:href="lwensing@uoguelph.ca" xlink:type="simple">lwensing@uoguelph.ca</email></corresp></author-notes><pub-date pub-type="ppub"><month>7</month><year>2020</year></pub-date><pub-date pub-type="epub"><day>10</day><month>07</month><year>2020</year></pub-date><volume>2</volume><issue>7A</issue><elocation-id>2</elocation-id><permissions><copyright-statement>&#x00A9; 2021 The Authors</copyright-statement><copyright-year>2021</copyright-year><license license-type="open-access" xlink:href="http://creativecommons.org/licenses/by/4.0/"><license-p>This is an open-access article distributed under the terms of the Creative Commons Attribution License.</license-p></license></permissions><self-uri xlink:href="acmi.cc2021.po0157.pdf" content-type="pdf"/><abstract><p>With the emergence of antifungal resistantCandida albicansstrains, the need for new antifungal drugs is critical in combating this fungal pathogen. Investigating essential genes inC. albicansis a vital step in characterizing putative antifungal drug targets. As some of these essential genes are conserved between fungal organisms, developed therapies targeting these genes have the potential to be broad range antifungals. In order to study these essential genes, classical genetic knockout or CRISPR-based approaches cannot be used as disrupting essential genes leads to lethality in the organism. Fortunately, a variation of the CRISPR system (CRISPR interference or CRISPRi) exists that enables precise transcriptional repression of the gene of interest without introducing genetic mutations. CRISPRi utilizes an endonuclease dead Cas9 protein that can be targeted to a precise location but lacks the ability to create a double-stranded break. The binding of the dCas9 protein to DNA prevents the binding of RNA polymerase to the promoter through steric hindrance thereby reducing expression. We recently published the novel use of this technology inC. albicansand are currently working on expanding this technology to large scale repression of essential genes. Through the construction of an essential gene CRISPRi-sgRNA library, we can begin to study the function of essential genes under different conditions and identify genes that are involved in critical processes such as drug tolerance in antifungal resistant background strains. These genes can ultimately be characterized as putative targets for novel antifungal drug development, or targeted as a means to sensitize drug-resistant strains to antifungal treatment.</p></abstract><custom-meta-group><custom-meta><meta-name>OpenAccessEmbargo</meta-name><meta-value>0</meta-value></custom-meta></custom-meta-group></article-meta></front></article>