Article,Article Type,Stage Name,Times at Stage,Stage Owner,Start Date,Due Date,Completed Date,Task Status,Delay,Times at Support,Days in Support,Times at Hold,Days in Hold
eLife37925, Research article, Author Review,1,  Author, 2018-11-02, 2018-11-07, 2018-11-02, completed, -
eLife37925, Research article, Author Review,2,  Author, 2018-11-02, 2018-11-07, 2018-11-06, completed, -
eLife37925, Research article, Author Review,3,  Author, 2018-11-08, 2018-11-12, 2018-11-08, completed, -
eLife37925, Research article, Copyediting,1,  Copyeditor, 2018-10-24, 2018-10-25, 2018-10-25, completed, -
eLife37925, Research article, Final Deliverables,1,  eLife, 2018-11-12, 2018-11-13, 2021-04-09, completed,878
eLife37925, Research article, Official correction,1,  eLife, 2021-04-09, 2021-04-12, 2021-04-09, completed, -
eLife37925, Research article, Post Author Validation,1,  Exeter, 2018-11-06, 2018-11-07, 2018-11-07, completed, -
eLife37925, Research article, Post Author Validation,2,  Exeter, 2018-11-07, 2018-11-08, 2018-11-08, completed, -
eLife37925, Research article, Post Author Validation,3,  Exeter, 2018-11-08, 2018-11-09, 2018-11-08, completed, -
eLife37925, Research article, Post Author Validation,4,  Exeter, 2018-11-09, 2018-11-12, 2018-11-12, completed, -
eLife37925, Research article, Post Author Validation,5,  Balakrishnan, 2021-04-09, 2021-04-12, 2021-04-12, completed, -
eLife37925, Research article, Post Author Validation,6,  Balakrishnan, 2021-04-12, 2021-04-13, -, in-progress,254
eLife37925, Research article, Pre-editing,1,  Sandhiya, 2018-10-23, 2018-10-24, 2018-10-24, completed, -
eLife37925, Research article, Publisher Check,1,  Molly, 2018-10-25, 2018-10-29, 2018-10-29, completed, -
eLife37925, Research article, Publisher Review,1,  Becky, 2018-11-07, 2018-11-09, 2018-11-07, completed, -
eLife37925, Research article, Publisher Review,2,  Becky, 2018-11-08, 2018-11-12, 2018-11-08, completed, -
eLife37925, Research article, Publisher Review,3,  Becky, 2018-11-08, 2018-11-12, 2018-11-08, completed, -
eLife37925, Research article, Publisher Review,4,  James, 2018-11-08, 2018-11-12, 2018-11-09, completed, -
eLife37925, Research article, Publisher Review,5,  James, 2018-11-12, 2018-11-14, 2018-11-12, completed, -
eLife37925, Research article, Publisher Review,6,  Publisher, 2021-04-09, 2021-04-13, 2021-04-09, completed, -
eLife37925, Research article, Publisher Review,7,  Claudia, 2021-04-12, 2021-04-14, 2021-04-12, completed, -
eLife37925, Research article, Waiting for Assets,1,  eLife, 2018-10-29, 2018-10-31, 2018-11-02, completed,2
eLife53174,Research Article,Archive,1,elife pub,2021-09-23,2021-09-24,2021-09-24,completed,,,0,,0
eLife53174,Research Article,Author Review,1,Maxime J Derisbourg,2021-09-03,2021-09-07,2021-09-04,completed,,,0,,0
eLife53174,Research Article,Copyediting,1,Sudha,2021-09-01,2021-09-02,2021-09-02,completed,,,0,,0
eLife53174,Research Article,Final Deliverables,1,James Gilbert,2021-09-23,2021-09-24,2021-09-23,completed,,,0,,0
eLife53174,Research Article,Final Deliverables,2,elife pub,2021-12-16,2021-12-17,,in-progress,,,0,,0
eLife53174,Research Article,Pre-editing,1,Vijayakumar Murugan,2021-08-27,2021-08-30,2021-09-01,completed,2,4,0,,0
eLife53174,Research Article,Publisher Review,1,Claudia Griffiths,2021-09-07,2021-09-08,2021-09-07,completed,,,0,,0
eLife53174,Research Article,Publisher Review,2,James Gilbert,2021-09-22,2021-09-23,2021-09-23,completed,,,0,,0
eLife53174,Research Article,Publisher Review,3,elife pub,2021-12-16,2021-12-17,2021-12-16,completed,,,0,,0
eLife53174,Research Article,Typesetter Check,1,Balakrishnan Esakimuthu,2021-09-02,2021-09-03,2021-09-03,completed,,1,0,,0
eLife53174,Research Article,Typesetter Review,1,Sanchana Elumalai,2021-09-06,2021-09-07,2021-09-07,completed,,1,0,,0
eLife53174,Research Article,Typesetter Review,3,Priyanka Balan,2021-09-07,2021-09-08,2021-09-22,completed,10,3,13,,0
eLife59811, Research article, Author Review,1,  Author, 2021-09-16, 2021-09-20, 2021-09-22, completed,2
eLife59811, Research article, Copyediting,1,  Copyeditor, 2021-09-15, 2021-09-16, 2021-09-16, completed, -
eLife59811, Research article, Final Deliverables,1,  eLife, 2021-09-27, 2021-09-28, 2021-09-27, completed, -
eLife59811, Research article, Final Deliverables,2,  eLife, 2021-12-22, 2021-12-23, 2021-12-22, completed, -
eLife59811, Research article, New version,1,  eLife, 2021-12-22, 2021-12-22,2021-12-22,completed, 1
eLife59811, Research article, Post Author Validation,1,  Sandhiya, 2021-09-22, 2021-09-23, 2021-09-23, completed, -
eLife59811, Research article, Post Author Validation,2,  Shanmugapriya, 2021-09-24, 2021-09-27, 2021-09-27, completed, -
eLife59811, Research article, Pre-editing,1,  chandru, 2021-09-10, 2021-09-13, 2021-09-15, completed,2
eLife59811, Research article, Publisher Review,1,  Naushin, 2021-09-23, 2021-09-27, 2021-09-24, completed, -
eLife59811, Research article, Publisher Review,2,  James, 2021-09-27, 2021-09-29, 2021-09-27, completed, -
eLife59811, Research article, Publisher Review,3,  Naushin, 2021-12-22, 2021-12-24, 2021-12-22, completed, -
eLife60360,Research Article,Copyediting,1,Bharathi,2021-12-21,2021-12-22,2021-12-22,completed,,,0,,0
eLife60360,Research Article,Pre-editing,1,Shanmugapriya Janarthanam,2021-12-15,2021-12-16,2021-12-21,completed,3,1,0,,0
eLife60360,Research Article,Typesetter Check,1,Shanmugapriya Janarthanam,2021-12-22,2021-12-23,2021-12-22,completed,,,0,,0
eLife60360,Research Article,Waiting for Assets,1,Exeter,2021-12-22,2022-01-20,,in-progress,,,0,,0
eLife62084, Research article, Author Review,1,  Author, 2021-05-20, 2021-05-24, 2021-05-20, completed, -
eLife62084, Research article, Author Review,2,  Author, 2021-05-20, 2021-05-24, -, in-progress,213
eLife62084, Research article, Copyediting,1,  Copyeditor, 2021-05-17, 2021-05-18, 2021-05-20, completed,2
eLife62084, Research article, Deliver digest,1,  eLife, 2021-05-20, 2021-05-24, 2021-05-20, completed, -
eLife62084, Research article, Pre-editing,1,  Augustus, 2021-05-13, 2021-05-14, 2021-05-17, completed,3
eLife62932,Research Article,Author Review,1,Andrea Giometto,2021-12-14,2021-12-16,2021-12-23,completed,5,,0,,0
eLife62932,Research Article,Copyediting,1,Priya,2021-12-08,2021-12-09,2021-12-10,completed,1,,0,,0
eLife62932,Research Article,Pre-editing,1,Sanchana Elumalai,2021-12-06,2021-12-07,2021-12-08,completed,1,,0,,0
eLife62932,Research Article,Typesetter Check,1,Sandhiya Raghuraman,2021-12-10,2021-12-13,2021-12-14,completed,1,2,0,,0
eLife62932,Research Article,Typesetter Review,1,Sandhiya Raghuraman,2021-12-23,2021-12-24,,in-progress,,,0,,0
eLife63129,Tools and Resources,Author Review,1,Timo Strünker,2021-12-10,2021-12-14,2021-12-15,completed,1,,0,,0
eLife63129,Tools and Resources,Author Review,2,Author,2021-12-21,2021-12-23,2021-12-21,completed,,,0,,0
eLife63129,Tools and Resources,Copyediting,1,Imraan,2021-12-07,2021-12-08,2021-12-09,completed,1,,0,,0
eLife63129,Tools and Resources,Final Deliverables,1,Kriya Access,2021-12-22,2021-12-23,,in-progress,,,0,,0
eLife63129,Tools and Resources,Pre-editing,1,Shanmugapriya Janarthanam,2021-12-03,2021-12-06,2021-12-07,completed,1,2,0,,0
eLife63129,Tools and Resources,Publisher Review,1,Kriya Access,2021-12-16,2021-12-17,2021-12-17,completed,,,0,,0
eLife63129,Tools and Resources,Publisher Review,2,Kriya Access,2021-12-20,2021-12-21,2021-12-20,completed,,,0,,0
eLife63129,Tools and Resources,Publisher Review,3,Kriya Access,2021-12-20,2021-12-21,2021-12-21,completed,,,0,,0
eLife63129,Tools and Resources,Publisher Review,4,Kriya Access,2021-12-21,2021-12-22,2021-12-21,completed,,,0,,0
eLife63129,Tools and Resources,Publisher Review,5,Kriya Access,2021-12-22,2021-12-23,2021-12-22,completed,,,0,,0
eLife63129,Tools and Resources,Typesetter Check,1,Sanchana Elumalai,2021-12-09,2021-12-10,2021-12-10,completed,,1,0,,0
eLife63129,Tools and Resources,Typesetter Review,1,Gowtham Ram R,2021-12-15,2021-12-16,2021-12-16,completed,,1,0,,0
eLife63129,Tools and Resources,Typesetter Review,3,Gowtham Ram R,2021-12-17,2021-12-20,2021-12-18,completed,,,0,,0
eLife63129,Tools and Resources,Typesetter Review,4,Gowtham Ram R,2021-12-20,2021-12-21,2021-12-20,completed,,1,0,,0
eLife63129,Tools and Resources,Typesetter Review,6,Gowtham Ram R,2021-12-21,2021-12-22,2021-12-22,completed,,,0,,0
eLife63816,Tools and Resources,Archive,1,James Gilbert,2021-12-15,2021-12-16,2021-12-16,completed,,,0,,0
eLife63816,Tools and Resources,Author Review,1,SP Arun,2021-12-01,2021-12-03,2021-12-06,completed,1,,0,,0
eLife63816,Tools and Resources,Copyediting,1,Deepa,2021-11-29,2021-11-30,2021-11-30,completed,,,0,,0
eLife63816,Tools and Resources,Final Deliverables,1,James Gilbert,2021-12-10,2021-12-13,2021-12-13,completed,,,0,,0
eLife63816,Tools and Resources,Final Deliverables,2,James Gilbert,2021-12-15,2021-12-16,2021-12-15,completed,,,0,,0
eLife63816,Tools and Resources,Pre-editing,1,Shanmugapriya Janarthanam,2021-11-25,2021-11-26,2021-11-29,completed,1,2,2,,0
eLife63816,Tools and Resources,Publisher Review,1,James Gilbert,2021-12-08,2021-12-09,2021-12-08,completed,,,0,,0
eLife63816,Tools and Resources,Publisher Review,2,James Gilbert,2021-12-10,2021-12-13,2021-12-10,completed,,,0,,0
eLife63816,Tools and Resources,Publisher Review,3,James Gilbert,2021-12-13,2021-12-14,2021-12-15,completed,1,,0,2,1
eLife63816,Tools and Resources,Publisher Review,6,James Gilbert,2021-12-17,2021-12-20,2021-12-17,completed,,,0,,0
eLife63816,Tools and Resources,Publisher Review,7,James Gilbert,2021-12-20,2021-12-21,2021-12-20,completed,,,0,,0
eLife63816,Tools and Resources,Publisher Review,8,Priyanka Balan,2021-12-22,2021-12-23,,in-progress,,,0,,0
eLife63816,Tools and Resources,Typesetter Check,1,Sandhiya Raghuraman,2021-11-30,2021-12-01,2021-12-01,completed,,,0,,0
eLife63816,Tools and Resources,Typesetter Review,1,Priyanka Balan,2021-12-06,2021-12-07,2021-12-08,completed,1,,0,,0
eLife63816,Tools and Resources,Typesetter Review,2,Priyanka Balan,2021-12-08,2021-12-09,2021-12-10,completed,1,1,0,,0
eLife63816,Tools and Resources,Typesetter Review,4,Priyanka Balan,2021-12-17,2021-12-20,2021-12-20,completed,,1,2,,0
eLife63816,Tools and Resources,Typesetter Review,6,Priyanka Balan,2021-12-20,2021-12-21,2021-12-22,completed,1,1,1,,0
eLife64498,Tools and Resources,Pre-editing,1,Chandru S,2021-12-22,2021-12-23,,in-progress,,,0,,0
eLife64734,Research Article,Copyediting,1,Bharathi,2021-12-22,2021-12-23,,in-progress,,,0,,0
eLife64734,Research Article,Pre-editing,1,Sandhiya Raghuraman,2021-12-20,2021-12-21,2021-12-22,completed,1,1,0,,0
eLife64829,Research Article,Author Review,1,Barbara C Klump,2021-12-03,2021-12-07,2021-12-11,completed,4,,0,,0
eLife64829,Research Article,Author Review,2,Author,2021-12-17,2021-12-21,2021-12-20,completed,,,0,,0
eLife64829,Research Article,Copyediting,1,Imraan,2021-11-30,2021-12-01,2021-12-02,completed,1,,0,,0
eLife64829,Research Article,Final Deliverables,1,Frederick Atherden,2021-12-20,2021-12-21,2021-12-21,completed,,,0,,0
eLife64829,Research Article,Pre-editing,1,Sharmila Gunasekaran,2021-11-25,2021-11-26,2021-11-30,completed,2,11,1,,0
eLife64829,Research Article,Publisher Review,1,Naushin Thomson,2021-12-15,2021-12-16,2021-12-15,completed,,,0,,0
eLife64829,Research Article,Publisher Review,2,James Gilbert,2021-12-16,2021-12-17,2021-12-16,completed,,,0,,0
eLife64829,Research Article,Publisher Review,3,James Gilbert,2021-12-17,2021-12-20,2021-12-17,completed,,,0,,0
eLife64829,Research Article,Publisher Review,4,James Gilbert,2021-12-20,2021-12-21,2021-12-20,completed,,,0,,0
eLife64829,Research Article,Publisher Review,5,Frederick Atherden,2021-12-21,2021-12-22,2021-12-21,completed,,,0,,0
eLife64829,Research Article,Typesetter Check,1,Sandhiya Raghuraman,2021-12-02,2021-12-03,2021-12-03,completed,,1,0,,0
eLife64829,Research Article,Typesetter Review,1,Priyanka Balan,2021-12-11,2021-12-14,2021-12-15,completed,1,1,1,,0
eLife64829,Research Article,Typesetter Review,3,Gowtham Ram R,2021-12-15,2021-12-16,2021-12-16,completed,,,0,,0
eLife64829,Research Article,Typesetter Review,4,Gowtham Ram R,2021-12-16,2021-12-17,2021-12-17,completed,,1,0,,0
eLife64876,Research Article,Author Review,1,Matteo Toscani,2021-12-16,2021-12-20,,in-progress,,,0,,0
eLife64876,Research Article,Copyediting,1,Imraan,2021-12-13,2021-12-14,2021-12-15,completed,1,,0,,0
eLife64876,Research Article,Pre-editing,1,Sanchana Elumalai,2021-12-10,2021-12-13,2021-12-13,completed,,,0,,0
eLife64876,Research Article,Typesetter Check,1,Sanchana Elumalai,2021-12-15,2021-12-16,2021-12-16,completed,,,0,,0
eLife65092,Research Article,Author Review,1,Author,2021-12-20,2021-12-22,2021-12-22,completed,,,0,,0
eLife65092,Research Article,Copyediting,1,Sanjay,2021-11-29,2021-11-30,2021-12-01,completed,1,,0,,0
eLife65092,Research Article,Pre-editing,1,Sharmila Gunasekaran,2021-11-24,2021-11-25,2021-11-29,completed,2,3,0,,0
eLife65092,Research Article,Typesetter Check,1,Sandhiya Raghuraman,2021-12-01,2021-12-02,2021-12-01,completed,,2,0,,0
eLife65092,Research Article,Typesetter Review,1,Priyanka Balan,2021-12-22,2021-12-23,,in-progress,,,0,,0
eLife65092,Research Article,Waiting for Assets,1,Exeter,2021-12-01,2021-12-30,2021-12-20,completed,,,0,,0
eLife65437,Research Article,Copyediting,1,Bharathi,2021-12-21,2021-12-22,,in-progress,,,0,,0
eLife65437,Research Article,Pre-editing,1,Sharmila Gunasekaran,2021-12-16,2021-12-17,2021-12-21,completed,2,2,0,,0
eLife66039,Research Article,Pre-editing,1,Kameshwaran Deivasigamani,2021-09-22,2021-09-23,2021-09-28,completed,3,5,2,1,0
eLife66039,Research Article,Publisher Review,9,Frederick Atherden,2021-10-02,2021-10-03,2021-11-03,completed,22,,0,,0
eLife66039,Research Article,Typesetter Check,0,Sabarianand Sridhar,2021-10-06,2021-10-07,2021-11-02,completed,18,8,19,,0
eLife66039,Research Article,Typesetter Review,1,Muthukumar Balachandran,2021-10-02,2021-10-03,2021-11-15,completed,30,3,2,,0
eLife66512,Research Article,Author Review,1,Author,2021-12-15,2021-12-17,2021-12-19,completed,1,,0,,0
eLife66512,Research Article,Copyediting,1,Priya,2021-11-22,2021-11-23,2021-11-22,completed,,,0,,0
eLife66512,Research Article,Pre-editing,1,Shanmugapriya Janarthanam,2021-11-17,2021-11-18,2021-11-20,completed,2,1,0,,0
eLife66512,Research Article,Publisher Review,1,Claudia Griffiths,2021-12-21,2021-12-22,2021-12-21,completed,,,0,,0
eLife66512,Research Article,Typesetter Check,1,Shanmugapriya Janarthanam,2021-11-22,2021-11-23,2021-11-23,completed,,,0,,0
eLife66512,Research Article,Typesetter Review,1,Gowtham Ram R,2021-12-20,2021-12-21,2021-12-21,completed,,1,0,,0
eLife66512,Research Article,Typesetter Review,3,Gowtham Ram R,2021-12-21,2021-12-22,2021-12-22,completed,,,0,,0
eLife66512,Research Article,Waiting for Assets,1,Exeter,2021-11-23,2021-12-22,2021-12-15,completed,,,0,,0
eLife66946,Short Report,Copyediting,1,Bharathi,2021-12-08,2021-12-09,2021-12-09,completed,,,0,,0
eLife66946,Short Report,Pre-editing,1,Sandhiya Raghuraman,2021-12-07,2021-12-08,2021-12-08,completed,,1,0,,0
eLife66946,Short Report,Typesetter Check,1,Sandhiya Raghuraman,2021-12-09,2021-12-10,2021-12-09,completed,,,0,,0
eLife66946,Short Report,Waiting for Assets,1,Exeter,2021-12-09,2022-01-07,,in-progress,,,0,,0
eLife66955,Research Article,Pre-editing,1,Augustus S,2021-12-15,2021-12-16,,in-progress,,2,1,,0
eLife67007,Research Article,Copyediting,1,Sanjay,2021-12-21,2021-12-22,,in-progress,,,0,,0
eLife67007,Research Article,Pre-editing,1,Sanchana Elumalai,2021-12-14,2021-12-15,2021-12-21,completed,4,1,0,,0
eLife67301,Research Article,Author Review,1,Lisanne de Vor,2021-12-21,2021-12-23,,in-progress,,,0,,0
eLife67301,Research Article,Copyediting,1,Imraan,2021-12-14,2021-12-15,2021-12-17,completed,2,,0,,0
eLife67301,Research Article,Pre-editing,1,Shanmugapriya Janarthanam,2021-12-07,2021-12-08,2021-12-14,completed,4,4,5,,0
eLife67301,Research Article,Typesetter Check,1,Sandhiya Raghuraman,2021-12-17,2021-12-20,2021-12-21,completed,1,2,3,,0
eLife67527, Feature Article, Author Review,1,  Author, 2021-09-03, 2021-09-08, 2021-09-07, completed, -
eLife67527, Feature Article, Pre-editing,1,  Sandhiya, 2021-08-30, 2021-08-31, 2021-09-01, completed,1
eLife67527, Feature Article, Publisher Check,1,  Naushin, 2021-09-01, 2021-09-03, 2021-09-03, completed, -
eLife67527, Feature Article, Typesetter QA,1,  Shanmugapriya, 2021-09-03, 2021-09-06, 2021-09-03, completed, -
eLife67663,Research Article,Copyediting,1,Bharathi,2021-12-21,2021-12-22,2021-12-22,completed,,,0,,0
eLife67663,Research Article,Pre-editing,1,Shanmugapriya Janarthanam,2021-11-17,2021-11-18,2021-12-21,completed,23,5,22,,0
eLife67778,Research Article,Author Review,1,Lorenz Deserno,2021-12-17,2021-12-21,2021-12-21,completed,,,0,,0
eLife67778,Research Article,Copyediting,1,Priya,2021-12-13,2021-12-14,2021-12-15,completed,1,,0,,0
eLife67778,Research Article,Pre-editing,1,Sandhiya Raghuraman,2021-12-10,2021-12-13,2021-12-13,completed,,,0,,0
eLife67778,Research Article,Publisher Review,1,Shanmugapriya Janarthanam,2021-12-23,2021-12-24,,in-progress,,,0,,0
eLife67778,Research Article,Typesetter Check,1,Sandhiya Raghuraman,2021-12-15,2021-12-16,2021-12-17,completed,1,2,1,,0
eLife67778,Research Article,Typesetter Review,1,Shanmugapriya Janarthanam,2021-12-21,2021-12-22,2021-12-23,completed,1,,0,,0
eLife67844,Research Article,Author Review,1,Simon G Sprecher,2021-12-17,2021-12-21,2021-12-20,completed,,,0,,0
eLife67844,Research Article,Copyediting,1,Sanjay,2021-12-13,2021-12-14,2021-12-16,completed,2,,0,,0
eLife67844,Research Article,Pre-editing,1,Shanmugapriya Janarthanam,2021-12-03,2021-12-06,2021-12-13,completed,5,3,3,,0
eLife67844,Research Article,Typesetter Check,1,Shanmugapriya Janarthanam,2021-12-16,2021-12-17,2021-12-17,completed,,,0,,0
eLife67844,Research Article,Typesetter Review,1,Gowtham Ram R,2021-12-20,2021-12-21,,in-progress,,,0,,0
eLife68000,Research Article,Author Review,1,Sebastian Jessberger,2021-10-18,2021-10-20,2021-10-21,completed,1,,0,,0
eLife68000,Research Article,Copyediting,1,Sanjay,2021-10-14,2021-10-15,2021-10-16,completed,1,,0,,0
eLife68000,Research Article,Pre-editing,1,Shanmugapriya Janarthanam,2021-10-13,2021-10-14,2021-10-14,completed,,,0,,0
eLife68000,Research Article,Typesetter Check,1,Shanmugapriya Janarthanam,2021-10-18,2021-10-19,2021-10-18,completed,,,0,,0
eLife68000,Research Article,Typesetter Review,1,Priyanka Balan,2021-10-21,2021-10-22,2021-10-21,completed,,,0,,0
eLife68013,Research Article,Copyediting,1,Deepa,2021-12-21,2021-12-22,2021-12-22,completed,,,0,,0
eLife68013,Research Article,Pre-editing,1,Sanchana Elumalai,2021-12-20,2021-12-21,2021-12-21,completed,,,0,,0
eLife68013,Research Article,Typesetter Check,1,Sanchana Elumalai,2021-12-22,2021-12-23,,in-progress,,,0,,0
eLife68213,Research Article,Copyediting,1,Sanjay,2021-12-21,2021-12-22,,in-progress,,,0,,0
eLife68213,Research Article,Pre-editing,1,Sanchana Elumalai,2021-12-17,2021-12-20,2021-12-21,completed,1,,0,,0
eLife68224,Tools and Resources,Copyediting,1,Priya,2021-12-15,2021-12-16,2021-12-16,completed,,,0,,0
eLife68224,Tools and Resources,Pre-editing,1,Sanchana Elumalai,2021-12-09,2021-12-10,2021-12-15,completed,3,3,5,,0
eLife68224,Tools and Resources,Typesetter Check,1,Priyanka Balan,2021-12-16,2021-12-17,2021-12-20,completed,1,1,2,,0
eLife68224,Tools and Resources,Waiting for Assets,1,Exeter,2021-12-20,2022-01-18,,in-progress,,,0,,0
eLife68344, Research article, Author Review,1,  Author, 2021-08-17, 2021-08-20, 2021-11-16, completed,88
eLife68344, Research article, Author Review,2,  Author, 2021-11-24, 2021-11-29, 2021-12-02, completed,3
eLife68344, Research article, Copyediting,1,  Copyeditor, 2021-08-16, 2021-08-17, 2021-08-17, completed, -
eLife68344, Research article, Post Author Validation,1,  Sandhiya, 2021-11-16, 2021-11-17, 2021-11-24, completed,7
eLife68344, Research article, Post Author Validation,2,  Shanmugapriya, 2021-12-02, 2021-12-03, 2021-12-03, completed, -
eLife68344, Research article, Post Author Validation,3,  Sandhiya, 2021-12-06, 2021-12-07, 2021-12-08, completed,1
eLife68344, Research article, Post Author Validation,4,  Sandhiya, 2021-12-08, 2021-12-09, 2021-12-15, completed,6
eLife68344, Research article, Post Author Validation,5,  Sandhiya, 2021-12-15, 2021-12-16, 2021-12-16, completed, -
eLife68344, Research article, Post Author Validation,6,  Sandhiya, 2021-12-16, 2021-12-17, -, in-progress,6
eLife68344, Research article, Pre-editing,1,  chandru, 2021-08-12, 2021-08-13, 2021-08-16, completed,3
eLife68344, Research article, Publisher Review,1,  Naushin, 2021-11-24, 2021-11-26, 2021-11-24, completed, -
eLife68344, Research article, Publisher Review,2,  Naushin, 2021-12-02, 2021-12-06, 2021-12-02, completed, -
eLife68344, Research article, Publisher Review,3,  Naushin, 2021-12-03, 2021-12-07, 2021-12-06, completed, -
eLife68344, Research article, Publisher Review,4,  Naushin, 2021-12-08, 2021-12-10, 2021-12-08, completed, -
eLife68344, Research article, Publisher Review,5,  Naushin, 2021-12-15, 2021-12-17, 2021-12-15, completed, -
eLife68344, Research article, Publisher Review,6,  Claudia, 2021-12-16, 2021-12-20, 2021-12-16, completed, -
eLife68344, Research article, Typesetter QA,1,  Exeter, 2021-08-17, 2021-08-18, 2021-08-17, completed, -
eLife68401,Research Article,Author Review,1,Kareem A Zaghloul,2021-12-09,2021-12-13,2021-12-11,completed,,,0,,0
eLife68401,Research Article,Copyediting,1,Deepa,2021-11-29,2021-11-30,2021-11-30,completed,,,0,,0
eLife68401,Research Article,Pre-editing,1,Chandru S,2021-11-15,2021-11-16,2021-11-27,completed,9,3,4,,0
eLife68401,Research Article,Publisher Review,1,Kriya Access,2021-12-14,2021-12-15,2021-12-16,completed,1,,0,1,1
eLife68401,Research Article,Typesetter Check,1,Sanchana Elumalai,2021-11-30,2021-12-01,2021-12-09,completed,6,2,5,,0
eLife68401,Research Article,Typesetter Review,1,Priyanka Balan,2021-12-11,2021-12-14,2021-12-14,completed,,,0,,0
eLife68401,Research Article,Typesetter Review,2,Jincy Joyen,2021-12-16,2021-12-17,,in-progress,,1,1,,0
eLife68422,Research Article,Author Review,1,David Dahmen,2021-12-10,2021-12-14,2021-12-16,completed,2,,0,,0
eLife68422,Research Article,Copyediting,1,Deepa,2021-12-07,2021-12-08,2021-12-09,completed,1,,0,,0
eLife68422,Research Article,Pre-editing,1,Sanchana Elumalai,2021-11-18,2021-11-19,2021-12-07,completed,12,8,11,,0
eLife68422,Research Article,Typesetter Check,1,Sandhiya Raghuraman,2021-12-09,2021-12-10,2021-12-10,completed,,1,0,,0
eLife68436,Research Article,Author Review,1,Peng Zhang,2021-12-20,2021-12-22,2021-12-22,completed,,,0,,0
eLife68436,Research Article,Copyediting,1,Sanjay,2021-12-17,2021-12-20,2021-12-20,completed,,,0,,0
eLife68436,Research Article,Final Deliverables,1,Kriya Access,2021-12-22,2021-12-23,,in-progress,,,0,,0
eLife68436,Research Article,Pre-editing,1,Sharmila Gunasekaran,2021-12-14,2021-12-15,2021-12-17,completed,2,2,1,,0
eLife68436,Research Article,Publisher Review,1,Kriya Access,2021-12-22,2021-12-23,2021-12-22,completed,,,0,,0
eLife68436,Research Article,Typesetter Check,1,Sandhiya Raghuraman,2021-12-20,2021-12-21,2021-12-20,completed,,,0,,0
eLife68436,Research Article,Typesetter Review,1,Shanmugapriya Janarthanam,2021-12-22,2021-12-23,2021-12-22,completed,,,0,,0
eLife68563,Research Article,Author Review,1,Hasan Zaki,2021-12-08,2021-12-10,2021-12-10,completed,,,0,,0
eLife68563,Research Article,Copyediting,1,Sanjay,2021-12-03,2021-12-06,2021-12-07,completed,1,,0,,0
eLife68563,Research Article,Final Deliverables,1,Naushin Thomson,2021-12-20,2021-12-21,2021-12-20,completed,,,0,,0
eLife68563,Research Article,Final Deliverables,2,Naushin Thomson,2021-12-22,2021-12-23,,in-progress,,,0,,0
eLife68563,Research Article,Pre-editing,1,Shanmugapriya Janarthanam,2021-12-02,2021-12-03,2021-12-03,completed,,1,0,,0
eLife68563,Research Article,Publisher Review,1,Naushin Thomson,2021-12-13,2021-12-14,2021-12-14,completed,,,0,,0
eLife68563,Research Article,Publisher Review,2,Naushin Thomson,2021-12-15,2021-12-16,2021-12-15,completed,,,0,,0
eLife68563,Research Article,Publisher Review,3,Naushin Thomson,2021-12-20,2021-12-21,2021-12-20,completed,,,0,,0
eLife68563,Research Article,Publisher Review,4,Naushin Thomson,2021-12-20,2021-12-21,2021-12-20,completed,,,0,,0
eLife68563,Research Article,Publisher Review,5,Naushin Thomson,2021-12-22,2021-12-23,2021-12-22,completed,,,0,,0
eLife68563,Research Article,Typesetter Check,1,Sandhiya Raghuraman,2021-12-07,2021-12-08,2021-12-08,completed,,1,0,,0
eLife68563,Research Article,Typesetter Review,1,Priyanka Balan,2021-12-10,2021-12-13,2021-12-13,completed,,,0,,0
eLife68563,Research Article,Typesetter Review,2,Shanmugapriya Janarthanam,2021-12-14,2021-12-15,2021-12-15,completed,,,0,,0
eLife68563,Research Article,Typesetter Review,3,Shanmugapriya Janarthanam,2021-12-15,2021-12-16,2021-12-18,completed,2,1,0,,0
eLife68563,Research Article,Typesetter Review,5,Shanmugapriya Janarthanam,2021-12-20,2021-12-21,2021-12-22,completed,1,1,0,,0
eLife68584,Research Article,Author Review,1,Author,2021-12-16,2021-12-20,2021-12-21,completed,1,,0,,0
eLife68584,Research Article,Copyediting,1,Priya,2021-11-16,2021-11-17,2021-11-18,completed,1,,0,,0
eLife68584,Research Article,Final Deliverables,1,Kriya Access,2021-12-21,2021-12-22,,in-progress,,,0,,0
eLife68584,Research Article,Pre-editing,1,Exeter,2021-11-15,2021-11-16,2021-11-15,completed,,,0,,0
eLife68584,Research Article,Pre-editing,2,Sharmila Gunasekaran,2021-11-15,2021-11-16,2021-11-16,completed,,,0,,0
eLife68584,Research Article,Publisher Review,1,Kriya Access,2021-12-21,2021-12-22,2021-12-21,completed,,,0,,0
eLife68584,Research Article,Typesetter Check,1,Shanmugapriya Janarthanam,2021-11-18,2021-11-19,2021-11-19,completed,,,0,,0
eLife68584,Research Article,Typesetter Review,1,Jincy Joyen,2021-12-21,2021-12-22,2021-12-21,completed,,,0,,0
eLife68584,Research Article,Waiting for Assets,1,Exeter,2021-11-19,2021-12-20,2021-12-16,completed,,,0,,0
eLife68832,Short Report,Copyediting,1,Imraan,2021-12-20,2021-12-21,2021-12-21,completed,,,0,,0
eLife68832,Short Report,Pre-editing,1,Sandhiya Raghuraman,2021-11-29,2021-11-30,2021-12-18,completed,14,,0,,0
eLife69096,Research Article,Pre-editing,1,Sanchana Elumalai,2021-12-22,2021-12-23,,in-progress,,,0,,0
eLife69182,Research Article,Author Review,1,Antonio Barragan,2021-12-20,2021-12-22,2021-12-20,completed,,,0,,0
eLife69182,Research Article,Copyediting,1,Deepa,2021-12-16,2021-12-17,2021-12-17,completed,,,0,,0
eLife69182,Research Article,Pre-editing,1,Shanmugapriya Janarthanam,2021-12-08,2021-12-09,2021-12-16,completed,5,9,7,,0
eLife69182,Research Article,Typesetter Check,1,Sandhiya Raghuraman,2021-12-17,2021-12-20,2021-12-18,completed,,,0,,0
eLife69182,Research Article,Typesetter Review,1,Gowtham Ram R,2021-12-20,2021-12-21,,in-progress,,,0,,0
eLife69380,Tools and Resources,Author Review,1,Ko Sugawara,2021-12-20,2021-12-22,2021-12-22,completed,,,0,,0
eLife69380,Tools and Resources,Copyediting,1,Deepa,2021-12-17,2021-12-20,2021-12-18,completed,,,0,,0
eLife69380,Tools and Resources,Pre-editing,1,Sanchana Elumalai,2021-12-08,2021-12-09,2021-12-17,completed,6,3,1,1,4
eLife69380,Tools and Resources,Typesetter Check,1,Sanchana Elumalai,2021-12-20,2021-12-21,2021-12-20,completed,,,0,,0
eLife69740,Research Article,Author Review,1,Author,2021-09-09,2021-09-13,2021-09-13,completed,,,0,,0
eLife69740,Research Article,Author Review,2,Author,2021-09-24,2021-09-28,2021-09-28,completed,,,0,,0
eLife69740,Research Article,Copyediting,1,Deepa,2021-09-06,2021-09-07,2021-09-07,completed,,,0,,0
eLife69740,Research Article,Final Deliverables,1,Claudia Griffiths,2021-09-24,2021-09-27,2021-09-24,completed,,,0,,0
eLife69740,Research Article,Final Deliverables,2,Claudia Griffiths,2021-09-28,2021-09-29,,in-progress,,,0,,0
eLife69740,Research Article,Pre-editing,1,Sanchana Elumalai,2021-09-03,2021-09-06,2021-09-04,completed,,,0,,0
eLife69740,Research Article,Publisher Review,1,Claudia Griffiths,2021-09-22,2021-09-23,2021-09-22,completed,,,0,2,1
eLife69740,Research Article,Publisher Review,4,Claudia Griffiths,2021-09-23,2021-09-24,2021-09-24,completed,,,0,,0
eLife69740,Research Article,Publisher Review,5,Claudia Griffiths,2021-09-24,2021-09-27,2021-09-24,completed,,,0,,0
eLife69740,Research Article,Publisher Review,6,Claudia Griffiths,2021-09-28,2021-09-29,2021-09-28,completed,,,0,,0
eLife69740,Research Article,Publisher Review,7,Claudia Griffiths,2021-09-28,2021-09-29,2021-09-28,completed,,,0,,0
eLife69740,Research Article,Typesetter Check,1,Sandhiya Raghuraman,2021-09-07,2021-09-08,2021-09-08,completed,,1,0,,0
eLife69740,Research Article,Typesetter Review,1,Gowtham Ram R,2021-09-13,2021-09-14,2021-09-20,completed,4,2,0,,0
eLife69740,Research Article,Typesetter Review,4,Balakrishnan Esakimuthu,2021-09-22,2021-09-23,2021-09-23,completed,,2,0,,0
eLife69740,Research Article,Typesetter Review,7,Priyanka Balan,2021-09-28,2021-09-29,2021-09-28,completed,,,0,,0
eLife69740,Research Article,Waiting for Assets,1,Exeter,2021-09-08,2021-09-09,2021-09-09,completed,,,0,,0
eLife69746,Research Article,Author Review,1,Matthew Ryan Banghart,2021-12-14,2021-12-16,2021-12-18,completed,2,,0,,0
eLife69746,Research Article,Copyediting,1,Priya,2021-11-30,2021-12-01,2021-12-01,completed,,,0,,0
eLife69746,Research Article,Pre-editing,1,Ranjithkumar Murugan,2021-11-17,2021-11-18,2021-11-30,completed,8,3,8,,0
eLife69746,Research Article,Publisher Check,1,Naushin Thomson,2021-12-09,2021-12-10,2021-12-09,completed,,,0,,0
eLife69746,Research Article,Publisher Check,2,Naushin Thomson,2021-12-13,2021-12-14,2021-12-14,completed,,,0,,0
eLife69746,Research Article,Publisher Review,1,Claudia Griffiths,2021-12-22,2021-12-23,2021-12-22,completed,,,0,,0
eLife69746,Research Article,Typesetter Check,1,Balakrishnan Esakimuthu,2021-12-01,2021-12-02,2021-12-09,completed,5,4,7,,0
eLife69746,Research Article,Typesetter Check,6,Balakrishnan Esakimuthu,2021-12-09,2021-12-10,2021-12-13,completed,1,1,0,,0
eLife69746,Research Article,Typesetter Review,1,Balakrishnan Esakimuthu,2021-12-18,2021-12-21,2021-12-22,completed,1,2,3,,0
eLife69748,Research Article,Author Review,1,Author,2021-12-20,2021-12-22,,in-progress,,,0,,0
eLife69748,Research Article,Copyediting,1,Deepa,2021-11-24,2021-11-25,2021-11-25,completed,,,0,,0
eLife69748,Research Article,Pre-editing,1,Sanchana Elumalai,2021-11-19,2021-11-22,2021-11-24,completed,2,1,0,,0
eLife69748,Research Article,Typesetter Check,1,Sandhiya Raghuraman,2021-11-25,2021-11-26,2021-11-26,completed,,,0,,0
eLife69748,Research Article,Waiting for Assets,1,Exeter,2021-11-26,2021-12-27,2021-12-20,completed,,,0,,0
eLife69773,Research Article,Copyediting,1,Imraan,2021-12-20,2021-12-21,2021-12-23,completed,2,,0,,0
eLife69773,Research Article,Pre-editing,1,Shanmugapriya Janarthanam,2021-12-13,2021-12-14,2021-12-20,completed,4,1,1,,0
eLife69773,Research Article,Typesetter Check,1,Sandhiya Raghuraman,2021-12-23,2021-12-24,,in-progress,,,0,,0
eLife69786,Research Article,Author Review,1,Author,2021-12-16,2021-12-20,2021-12-21,completed,1,,0,,0
eLife69786,Research Article,Copyediting,1,Imraan,2021-11-15,2021-11-16,2021-11-17,completed,1,,0,,0
eLife69786,Research Article,Pre-editing,1,Sandhiya Raghuraman,2021-11-05,2021-11-08,2021-11-13,completed,5,3,1,,0
eLife69786,Research Article,Typesetter Check,1,Sandhiya Raghuraman,2021-11-17,2021-11-18,2021-11-22,completed,2,4,1,,0
eLife69786,Research Article,Typesetter Review,1,Sandhiya Raghuraman,2021-12-21,2021-12-22,,in-progress,,,0,,0
eLife69786,Research Article,Waiting for Assets,1,Exeter,2021-11-22,2021-12-21,2021-12-16,completed,,,0,,0
eLife69843,Research Article,Author Review,1,Author,2021-12-10,2021-12-14,2021-12-13,completed,,,0,,0
eLife69843,Research Article,Copyediting,1,Imraan,2021-11-17,2021-11-18,2021-11-21,completed,2,,0,,0
eLife69843,Research Article,Pre-editing,1,Sanchana Elumalai,2021-11-16,2021-11-17,2021-11-17,completed,,,0,,0
eLife69843,Research Article,Publisher Review,1,Kriya Access,2021-12-17,2021-12-20,2021-12-20,completed,,,0,1,2
eLife69843,Research Article,Publisher Review,3,Kriya Access,2021-12-21,2021-12-22,2021-12-21,completed,,,0,,0
eLife69843,Research Article,Publisher Review,4,Gowtham Ram R,2021-12-22,2021-12-23,,in-progress,,,0,,0
eLife69843,Research Article,Typesetter Check,1,Sandhiya Raghuraman,2021-11-22,2021-11-23,2021-11-22,completed,,,0,,0
eLife69843,Research Article,Typesetter Review,1,Priyanka Balan,2021-12-13,2021-12-14,2021-12-17,completed,3,2,0,,0
eLife69843,Research Article,Typesetter Review,4,Priyanka Balan,2021-12-20,2021-12-21,2021-12-21,completed,,,0,,0
eLife69843,Research Article,Typesetter Review,5,Gowtham Ram R,2021-12-21,2021-12-22,2021-12-22,completed,,,0,,0
eLife69843,Research Article,Waiting for Assets,1,Exeter,2021-11-22,2021-12-21,2021-12-10,completed,,,0,,0
eLife69884, Research article, Author Review,1,  Author, 2021-11-03, 2021-11-08, 2021-11-06, completed, -
eLife69884, Research article, Author Review,2,  Author, 2021-11-24, 2021-11-29, 2021-12-03, completed,4
eLife69884, Research article, Copyediting,1,  Copyeditor, 2021-11-02, 2021-11-03, 2021-11-03, completed, -
eLife69884, Research article, Post Author Validation,1,  Shanmugapriya, 2021-11-06, 2021-11-08, 2021-11-13, completed,5
eLife69884, Research article, Post Author Validation,2,  Shanmugapriya, 2021-11-16, 2021-11-17, 2021-11-24, completed,7
eLife69884, Research article, Post Author Validation,3,  Shanmugapriya, 2021-12-03, 2021-12-06, 2021-12-14, completed,8
eLife69884, Research article, Post Author Validation,5,  Sandhiya, 2021-12-22, 2021-12-23, -, in-progress, -
eLife69884, Research article, Pre-editing,1,  chandru, 2021-10-25, 2021-10-26, 2021-11-02, completed,7
eLife69884, Research article, Publisher Review,1,  Naushin, 2021-11-13, 2021-11-15, 2021-11-16, completed,1
eLife69884, Research article, Publisher Review,2,  James, 2021-11-24, 2021-11-26, 2021-11-24, completed, -
eLife69884, Research article, Publisher Review,3,  James, 2021-12-03, 2021-12-07, 2021-12-03, completed, -
eLife69884, Research article, Publisher Review,4,  eLife, 2021-12-14, 2021-12-16, 2021-12-15, completed, -
eLife69884, Research article, Publisher Review,7,  Naushin, 2021-12-22, 2021-12-24, 2021-12-22, completed, -
eLife70017,Research Article,Copyediting,1,Sanjay,2021-11-30,2021-12-01,2021-12-03,completed,2,,0,,0
eLife70017,Research Article,Pre-editing,1,Sandhiya Raghuraman,2021-11-25,2021-11-26,2021-11-30,completed,2,2,0,,0
eLife70017,Research Article,Typesetter Check,1,Sandhiya Raghuraman,2021-12-03,2021-12-06,2021-12-07,completed,1,1,0,,0
eLife70017,Research Article,Waiting for Assets,1,Exeter,2021-12-07,2022-01-05,,in-progress,,,0,,0
eLife70062,Short Report,Author Review,1,Author,2021-12-14,2021-12-16,2021-12-16,completed,,,0,,0
eLife70062,Short Report,Copyediting,1,Priya,2021-11-24,2021-11-25,2021-11-25,completed,,,0,,0
eLife70062,Short Report,Pre-editing,1,Shanmugapriya Janarthanam,2021-11-22,2021-11-23,2021-11-24,completed,1,1,0,,0
eLife70062,Short Report,Publisher Review,1,Claudia Griffiths,2021-12-17,2021-12-20,2021-12-22,completed,2,,0,1,4
eLife70062,Short Report,Typesetter Check,1,Shanmugapriya Janarthanam,2021-11-25,2021-11-26,2021-11-26,completed,,,0,,0
eLife70062,Short Report,Typesetter Review,1,Shanmugapriya Janarthanam,2021-12-16,2021-12-17,2021-12-17,completed,,,0,,0
eLife70062,Short Report,Waiting for Assets,1,Exeter,2021-11-26,2021-12-27,2021-12-14,completed,,,0,,0
eLife70151,Research Article,Copyediting,1,Priya,2021-12-20,2021-12-21,2021-12-21,completed,,,0,,0
eLife70151,Research Article,Pre-editing,1,Sanchana Elumalai,2021-12-17,2021-12-20,2021-12-20,completed,,,0,,0
eLife70151,Research Article,Typesetter Check,1,Priyanka Balan,2021-12-21,2021-12-22,,in-progress,,,0,,0
eLife70188,Research Article,Author Review,1,Jean-Philippe Pin,2021-12-10,2021-12-14,2021-12-13,completed,,,0,,0
eLife70188,Research Article,Author Review,2,Author,2021-12-20,2021-12-22,2021-12-20,completed,,,0,,0
eLife70188,Research Article,Copyediting,1,Imraan,2021-12-07,2021-12-08,2021-12-10,completed,2,,0,,0
eLife70188,Research Article,Pre-editing,1,Sharmila Gunasekaran,2021-12-06,2021-12-07,2021-12-07,completed,,1,0,,0
eLife70188,Research Article,Publisher Review,1,Kriya Access,2021-12-15,2021-12-16,2021-12-16,completed,,,0,,0
eLife70188,Research Article,Publisher Review,2,James Gilbert,2021-12-20,2021-12-21,2021-12-20,completed,,,0,,0
eLife70188,Research Article,Publisher Review,3,Naushin Thomson,2021-12-20,2021-12-21,2021-12-21,completed,,,0,2,0
eLife70188,Research Article,Typesetter Check,1,Sandhiya Raghuraman,2021-12-10,2021-12-13,2021-12-10,completed,,,0,,0
eLife70188,Research Article,Typesetter Review,1,Shanmugapriya Janarthanam,2021-12-13,2021-12-14,2021-12-15,completed,1,,0,,0
eLife70188,Research Article,Typesetter Review,2,Shanmugapriya Janarthanam,2021-12-16,2021-12-17,2021-12-20,completed,1,1,3,,0
eLife70271,Tools and Resources,Pre-editing,1,Shanmugapriya Janarthanam,2021-12-22,2021-12-23,,in-progress,,,0,,0
eLife70294,Research Article,Copyediting,1,Priya,2021-12-07,2021-12-08,2021-12-08,completed,,,0,,0
eLife70294,Research Article,Pre-editing,1,Chandru S,2021-11-24,2021-11-25,2021-12-07,completed,8,4,3,1,0
eLife70294,Research Article,Publisher Check,1,James Gilbert,2021-12-15,2021-12-16,2021-12-15,completed,,,0,1,0
eLife70294,Research Article,Publisher Check,3,James Gilbert,2021-12-20,2021-12-21,2021-12-20,completed,,,0,,0
eLife70294,Research Article,Typesetter Check,1,Balakrishnan Esakimuthu,2021-12-08,2021-12-09,2021-12-15,completed,4,4,1,,0
eLife70294,Research Article,Typesetter Check,6,Sandhiya Raghuraman,2021-12-15,2021-12-16,2021-12-20,completed,2,,0,,0
eLife70294,Research Article,Waiting for Assets,1,Exeter,2021-12-20,2022-01-18,,in-progress,,,0,,0
eLife70341,Tools and Resources,Copyediting,1,Sanjay,2021-12-15,2021-12-16,2021-12-20,completed,2,,0,,0
eLife70341,Tools and Resources,Pre-editing,1,Shanmugapriya Janarthanam,2021-12-13,2021-12-14,2021-12-15,completed,1,,0,,0
eLife70341,Tools and Resources,Typesetter Check,1,Shanmugapriya Janarthanam,2021-12-20,2021-12-21,2021-12-21,completed,,,0,,0
eLife70341,Tools and Resources,Waiting for Assets,1,Exeter,2021-12-21,2022-01-19,,in-progress,,,0,,0
eLife70393,Research Article,Pre-editing,1,Sandhiya Raghuraman,2021-12-21,2021-12-22,,in-progress,,1,0,,0
eLife70464,Research Article,Copyediting,1,Deepa,2021-12-23,2021-12-24,,in-progress,,,0,,0
eLife70464,Research Article,Pre-editing,1,Chandru S,2021-12-20,2021-12-21,2021-12-23,completed,2,1,0,,0
eLife70600,Research Article,Copyediting,1,Deepa,2021-12-08,2021-12-09,2021-12-09,completed,,,0,,0
eLife70600,Research Article,Pre-editing,1,Sanchana Elumalai,2021-12-07,2021-12-08,2021-12-08,completed,,,0,,0
eLife70600,Research Article,Typesetter Check,1,Sandhiya Raghuraman,2021-12-09,2021-12-10,2021-12-09,completed,,,0,,0
eLife70600,Research Article,Waiting for Assets,1,Exeter,2021-12-09,2022-01-07,,in-progress,,,0,,0
eLife70685,Research Article,Author Review,1,Nuno Dinis Alves,2021-12-21,2021-12-23,2021-12-22,completed,,,0,,0
eLife70685,Research Article,Copyediting,1,Deepa,2021-12-14,2021-12-15,2021-12-15,completed,,,0,,0
eLife70685,Research Article,Pre-editing,1,Sharmila Gunasekaran,2021-12-03,2021-12-06,2021-12-14,completed,6,2,0,,0
eLife70685,Research Article,Typesetter Check,1,Sandhiya Raghuraman,2021-12-15,2021-12-16,2021-12-21,completed,3,1,4,,0
eLife70734,Research Article,Author Review,1,Majid Jaberi-Douraki,2021-12-02,2021-12-06,2021-12-09,completed,3,,0,,0
eLife70734,Research Article,Copyediting,1,Priya,2021-11-29,2021-11-30,2021-12-01,completed,1,,0,,0
eLife70734,Research Article,Pre-editing,1,Sanchana Elumalai,2021-11-23,2021-11-24,2021-11-29,completed,3,,0,1,5
eLife70734,Research Article,Publisher Review,1,Editorial Office,2021-12-13,2021-12-14,2021-12-13,completed,,,0,,0
eLife70734,Research Article,Publisher Review,2,Editorial Office,2021-12-17,2021-12-20,2021-12-20,completed,,,0,,0
eLife70734,Research Article,Typesetter Check,1,Sandhiya Raghuraman,2021-12-01,2021-12-02,2021-12-02,completed,,1,0,,0
eLife70734,Research Article,Typesetter Review,1,Priyanka Balan,2021-12-09,2021-12-10,2021-12-13,completed,1,2,1,,0
eLife70734,Research Article,Typesetter Review,4,Priyanka Balan,2021-12-13,2021-12-14,2021-12-17,completed,3,2,2,,0
eLife70779,Research Article,Author Review,1,Miaoxin Li,2021-11-25,2021-11-29,2021-12-12,completed,10,,0,,0
eLife70779,Research Article,Author Review,2,Author,2021-12-16,2021-12-20,,in-progress,,,0,,0
eLife70779,Research Article,Copyediting,1,Deepa,2021-11-22,2021-11-23,2021-11-24,completed,1,,0,,0
eLife70779,Research Article,Pre-editing,1,Sandhiya Raghuraman,2021-11-15,2021-11-16,2021-11-22,completed,4,5,4,,0
eLife70779,Research Article,Publisher Review,1,Kriya Access,2021-12-16,2021-12-17,2021-12-16,completed,,,0,,0
eLife70779,Research Article,Typesetter Check,1,Sandhiya Raghuraman,2021-11-24,2021-11-25,2021-11-25,completed,,1,0,,0
eLife70779,Research Article,Typesetter Review,1,Shanmugapriya Janarthanam,2021-12-13,2021-12-14,2021-12-16,completed,2,1,2,,0
eLife70812,Research Article,Copyediting,1,Priya,2021-12-20,2021-12-21,2021-12-19,completed,,,0,,0
eLife70812,Research Article,Pre-editing,1,Sandhiya Raghuraman,2021-12-13,2021-12-14,2021-12-18,completed,4,4,2,,0
eLife70812,Research Article,Typesetter Check,1,Sandhiya Raghuraman,2021-12-20,2021-12-21,2021-12-20,completed,,1,0,,0
eLife70812,Research Article,Waiting for Assets,1,Exeter,2021-12-20,2022-01-18,,in-progress,,,0,,0
eLife70833,Research Article,Author Review,1,Ella Preger-Ben Noon,2021-12-22,2021-12-24,,in-progress,,,0,,0
eLife70833,Research Article,Copyediting,1,Deepa,2021-12-20,2021-12-21,2021-12-21,completed,,,0,,0
eLife70833,Research Article,Pre-editing,1,Sandhiya Raghuraman,2021-12-06,2021-12-07,2021-12-20,completed,9,3,0,,0
eLife70833,Research Article,Typesetter Check,1,Sandhiya Raghuraman,2021-12-21,2021-12-22,2021-12-22,completed,,,0,,0
eLife70873,Research Article,Author Review,1,Author,2021-12-15,2021-12-17,,in-progress,,,0,,0
eLife70873,Research Article,Copyediting,1,Bharathi,2021-11-26,2021-11-29,2021-11-30,completed,1,,0,,0
eLife70873,Research Article,Pre-editing,1,Sharmila Gunasekaran,2021-11-18,2021-11-19,2021-11-26,completed,5,1,6,,0
eLife70873,Research Article,Typesetter Check,1,Sandhiya Raghuraman,2021-11-30,2021-12-01,2021-12-01,completed,,,0,,0
eLife70873,Research Article,Waiting for Assets,1,Exeter,2021-12-01,2021-12-30,2021-12-15,completed,,,0,,0
eLife70905,Research Article,Author Review,1,Jonathan Gilley,2021-11-25,2021-11-29,2021-11-25,completed,,,0,,0
eLife70905,Research Article,Author Review,2,Author,2021-12-09,2021-12-13,2021-12-13,completed,,,0,,0
eLife70905,Research Article,Author Review,4,Author,2021-12-20,2021-12-22,2021-12-21,completed,,,0,,0
eLife70905,Research Article,Author Review,4,Author,2021-12-20,2021-12-22,2021-12-21,completed,,,0,,0
eLife70905,Research Article,Copyediting,1,Deepa,2021-11-22,2021-11-23,2021-11-24,completed,1,,0,,0
eLife70905,Research Article,Pre-editing,1,Sanchana Elumalai,2021-11-19,2021-11-22,2021-11-22,completed,,,0,,0
eLife70905,Research Article,Publisher Review,1,Kriya Access,2021-12-08,2021-12-09,2021-12-09,completed,,,0,,0
eLife70905,Research Article,Publisher Review,2,James Gilbert,2021-12-13,2021-12-14,2021-12-13,completed,,,0,,0
eLife70905,Research Article,Publisher Review,3,James Gilbert,2021-12-20,2021-12-21,2021-12-20,completed,,,0,,0
eLife70905,Research Article,Publisher Review,4,Author,2021-12-21,2021-12-22,,in-progress,,,0,,0
eLife70905,Research Article,Typesetter Check,1,Sandhiya Raghuraman,2021-11-24,2021-11-25,2021-11-25,completed,,,0,,0
eLife70905,Research Article,Typesetter Review,1,Gowtham Ram R,2021-11-25,2021-11-26,2021-12-08,completed,8,1,0,,0
eLife70905,Research Article,Typesetter Review,3,Gowtham Ram R,2021-12-13,2021-12-14,2021-12-20,completed,4,,0,,0
eLife70907,Research Article,Pre-editing,1,Sharmila Gunasekaran,2021-12-15,2021-12-16,,in-progress,,1,0,,0
eLife70925,Research Article,Copyediting,1,Deepa,2021-12-21,2021-12-22,2021-12-22,completed,,,0,,0
eLife70925,Research Article,Pre-editing,1,Shanmugapriya Janarthanam,2021-12-20,2021-12-21,2021-12-21,completed,,,0,,0
eLife70925,Research Article,Typesetter Check,1,Sandhiya Raghuraman,2021-12-22,2021-12-23,2021-12-22,completed,,,0,,0
eLife70925,Research Article,Waiting for Assets,1,Exeter,2021-12-22,2022-01-20,,in-progress,,,0,,0
eLife70970,Research Article,Author Review,1,Matthew Hall,2021-12-03,2021-12-07,2021-12-09,completed,2,,0,,0
eLife70970,Research Article,Copyediting,1,Deepa,2021-11-30,2021-12-01,2021-12-03,completed,2,,0,,0
eLife70970,Research Article,Pre-editing,1,Sandhiya Raghuraman,2021-11-19,2021-11-22,2021-11-30,completed,6,1,5,1,1
eLife70970,Research Article,Publisher Review,1,Claudia Griffiths,2021-12-15,2021-12-16,2021-12-15,completed,,,0,,0
eLife70970,Research Article,Typesetter Check,1,Sandhiya Raghuraman,2021-12-03,2021-12-06,2021-12-03,completed,,,0,,0
eLife70970,Research Article,Typesetter Review,1,Gowtham Ram R,2021-12-09,2021-12-10,2021-12-15,completed,3,2,1,,0
eLife70970,Research Article,Typesetter Review,4,Gowtham Ram R,2021-12-15,2021-12-16,,in-progress,,1,1,,0
eLife70977,Research Article,Author Review,1,Yelena Y Bernadskaya,2021-12-10,2021-12-14,2021-12-13,completed,,,0,,0
eLife70977,Research Article,Author Review,2,Author,2021-12-21,2021-12-23,2021-12-21,completed,,,0,,0
eLife70977,Research Article,Copyediting,1,Imraan,2021-12-02,2021-12-03,2021-12-07,completed,2,,0,,0
eLife70977,Research Article,Final Deliverables,1,Kriya Access,2021-12-22,2021-12-23,,in-progress,,,0,,0
eLife70977,Research Article,Pre-editing,1,Sandhiya Raghuraman,2021-11-29,2021-11-30,2021-12-02,completed,2,1,0,,0
eLife70977,Research Article,Publisher Review,1,Kriya Access,2021-12-20,2021-12-21,2021-12-20,completed,,,0,,0
eLife70977,Research Article,Publisher Review,2,Kriya Access,2021-12-21,2021-12-22,2021-12-21,completed,,,0,,0
eLife70977,Research Article,Publisher Review,3,Kriya Access,2021-12-21,2021-12-22,2021-12-22,completed,,,0,,0
eLife70977,Research Article,Typesetter Check,1,Sanchana Elumalai,2021-12-07,2021-12-08,2021-12-10,completed,2,2,1,,0
eLife70977,Research Article,Typesetter Review,1,Gowtham Ram R,2021-12-13,2021-12-14,2021-12-18,completed,4,,0,,0
eLife70977,Research Article,Typesetter Review,2,Gowtham Ram R,2021-12-20,2021-12-21,2021-12-21,completed,,,0,,0
eLife71171,Research Article,Author Review,1,Daniel A Colón-Ramos,2021-11-29,2021-12-01,2021-12-02,completed,1,,0,,0
eLife71171,Research Article,Author Review,2,Author,2021-12-17,2021-12-21,,in-progress,,,0,,0
eLife71171,Research Article,Copyediting,1,Deepa,2021-11-23,2021-11-24,2021-11-25,completed,1,,0,,0
eLife71171,Research Article,Pre-editing,1,Sanchana Elumalai,2021-11-16,2021-11-17,2021-11-23,completed,4,3,2,,0
eLife71171,Research Article,Publisher Review,1,Naushin Thomson,2021-12-08,2021-12-09,2021-12-08,completed,,,0,,0
eLife71171,Research Article,Publisher Review,2,Naushin Thomson,2021-12-10,2021-12-13,2021-12-13,completed,,,0,,0
eLife71171,Research Article,Publisher Review,3,James Gilbert,2021-12-17,2021-12-20,2021-12-17,completed,,,0,,0
eLife71171,Research Article,Typesetter Check,1,Sandhiya Raghuraman,2021-11-25,2021-11-26,2021-11-29,completed,1,3,0,,0
eLife71171,Research Article,Typesetter Review,1,Priyanka Balan,2021-12-02,2021-12-03,2021-12-08,completed,3,1,0,,0
eLife71171,Research Article,Typesetter Review,3,Priyanka Balan,2021-12-08,2021-12-09,2021-12-10,completed,1,,0,,0
eLife71171,Research Article,Typesetter Review,4,Gowtham Ram R,2021-12-13,2021-12-14,2021-12-17,completed,3,,0,,0
eLife71185,Research Article,Author Review,1,Saravanan Kolandaivelu,2021-12-16,2021-12-20,2021-12-20,completed,,,0,,0
eLife71185,Research Article,Copyediting,1,Deepa,2021-12-10,2021-12-13,2021-12-13,completed,,,0,,0
eLife71185,Research Article,Pre-editing,1,Sanchana Elumalai,2021-12-09,2021-12-10,2021-12-10,completed,,1,0,,0
eLife71185,Research Article,Typesetter Check,1,Sanchana Elumalai,2021-12-13,2021-12-14,2021-12-16,completed,2,1,1,,0
eLife71185,Research Article,Typesetter Review,1,Jincy Joyen,2021-12-20,2021-12-21,,in-progress,,1,0,,0
eLife71359,Research Article,Copyediting,1,Deepa,2021-12-22,2021-12-23,,in-progress,,,0,,0
eLife71359,Research Article,Pre-editing,1,Sandhiya Raghuraman,2021-12-14,2021-12-15,2021-12-22,completed,5,4,4,,0
eLife71361,Research Article,Copyediting,1,Deepa,2021-12-22,2021-12-23,,in-progress,,,0,,0
eLife71361,Research Article,Pre-editing,1,Sanchana Elumalai,2021-12-20,2021-12-21,2021-12-22,completed,1,,0,,0
eLife71503,Research Article,Copyediting,1,Deepa,2021-12-13,2021-12-14,2021-12-15,completed,1,,0,,0
eLife71503,Research Article,Pre-editing,1,Sanchana Elumalai,2021-12-02,2021-12-03,2021-12-13,completed,6,3,5,,0
eLife71503,Research Article,Typesetter Check,1,Sanchana Elumalai,2021-12-15,2021-12-16,2021-12-17,completed,1,,0,,0
eLife71503,Research Article,Waiting for Assets,1,Exeter,2021-12-17,2022-01-17,,in-progress,,,0,,0
eLife71526,Research Article,Author Review,1,Yasuo Yamazaki,2021-12-20,2021-12-22,2021-12-22,completed,,,0,,0
eLife71526,Research Article,Copyediting,1,Deepa,2021-12-17,2021-12-20,2021-12-18,completed,,,0,,0
eLife71526,Research Article,Pre-editing,1,Chandru S,2021-12-15,2021-12-16,2021-12-17,completed,1,1,0,,0
eLife71526,Research Article,Typesetter Check,1,Sanchana Elumalai,2021-12-20,2021-12-21,2021-12-20,completed,,,0,,0
eLife71572,Research Article,Author Review,1,Eva Wolf,2021-12-22,2021-12-24,,in-progress,,,0,,0
eLife71572,Research Article,Copyediting,1,Sanjay,2021-12-14,2021-12-15,2021-12-17,completed,2,,0,,0
eLife71572,Research Article,Pre-editing,1,Sandhiya Raghuraman,2021-11-26,2021-11-29,2021-12-14,completed,11,5,11,,0
eLife71572,Research Article,Typesetter Check,1,Sandhiya Raghuraman,2021-12-17,2021-12-20,2021-12-22,completed,2,2,4,,0
eLife71689,Research Article,Copyediting,1,Deepa,2021-12-20,2021-12-21,2021-12-21,completed,,,0,,0
eLife71689,Research Article,Pre-editing,1,Sanchana Elumalai,2021-12-17,2021-12-20,2021-12-20,completed,,,0,,0
eLife71689,Research Article,Typesetter Check,1,Priyanka Balan,2021-12-21,2021-12-22,,in-progress,,,0,,0
eLife71769,Research Article,Author Review,1,Yoontae Lee,2021-12-17,2021-12-21,2021-12-17,completed,,,0,,0
eLife71769,Research Article,Copyediting,1,Deepa,2021-12-15,2021-12-16,2021-12-16,completed,,,0,,0
eLife71769,Research Article,Pre-editing,1,Sanchana Elumalai,2021-12-13,2021-12-14,2021-12-15,completed,1,1,1,,0
eLife71769,Research Article,Publisher Review,1,Frederick Atherden,2021-12-20,2021-12-21,2021-12-20,completed,,,0,,0
eLife71769,Research Article,Publisher Review,2,Frederick Atherden,2021-12-21,2021-12-22,2021-12-21,completed,,,0,,0
eLife71769,Research Article,Typesetter Check,1,Sanchana Elumalai,2021-12-16,2021-12-17,2021-12-17,completed,,,0,,0
eLife71769,Research Article,Typesetter Review,1,Sandhiya Raghuraman,2021-12-17,2021-12-20,2021-12-20,completed,,1,0,,0
eLife71769,Research Article,Typesetter Review,3,Sandhiya Raghuraman,2021-12-20,2021-12-21,2021-12-21,completed,,,0,,0
eLife71801,Research Article,Author Review,1,Florent Meyniel,2021-12-08,2021-12-10,2021-12-11,completed,1,,0,,0
eLife71801,Research Article,Copyediting,1,Deepa,2021-12-06,2021-12-07,2021-12-07,completed,,,0,,0
eLife71801,Research Article,Pre-editing,1,Sandhiya Raghuraman,2021-12-02,2021-12-03,2021-12-06,completed,1,,0,,0
eLife71801,Research Article,Typesetter Check,1,Shanmugapriya Janarthanam,2021-12-07,2021-12-08,2021-12-08,completed,,,0,,0
eLife71801,Research Article,Typesetter Review,1,Sandhiya Raghuraman,2021-12-13,2021-12-14,,in-progress,,1,6,,0
eLife71825,Research Article,Pre-editing,1,Shanmugapriya Janarthanam,2021-12-22,2021-12-23,,in-progress,,,0,,0
eLife71858,Research Article,Author Review,1,Mathias F Wernet,2021-12-22,2021-12-24,,in-progress,,,0,,0
eLife71858,Research Article,Copyediting,1,Priya,2021-12-20,2021-12-21,2021-12-20,completed,,,0,,0
eLife71858,Research Article,Pre-editing,1,Sandhiya Raghuraman,2021-12-16,2021-12-17,2021-12-18,completed,1,1,0,,0
eLife71858,Research Article,Typesetter Check,1,Sandhiya Raghuraman,2021-12-20,2021-12-21,2021-12-22,completed,1,2,0,,0
eLife71895,Research Article,Pre-editing,1,Shanmugapriya Janarthanam,2021-12-20,2021-12-21,,in-progress,,,0,,0
eLife71900,Research Article,Author Review,1,Author,2021-12-16,2021-12-18,2021-12-20,completed,,,0,,0
eLife71900,Research Article,Copyediting,1,Imraan,2021-11-24,2021-11-25,2021-11-28,completed,2,,0,,0
eLife71900,Research Article,Pre-editing,1,Sanchana Elumalai,2021-11-17,2021-11-18,2021-11-24,completed,4,5,4,,0
eLife71900,Research Article,Typesetter Check,1,Sandhiya Raghuraman,2021-11-29,2021-11-30,2021-11-29,completed,,,0,,0
eLife71900,Research Article,Typesetter Review,1,Priyanka Balan,2021-12-20,2021-12-21,,in-progress,,,0,,0
eLife71900,Research Article,Waiting for Assets,1,Exeter,2021-11-29,2021-12-28,2021-12-16,completed,,,0,,0
eLife71968,Research Article,Author Review,1,Guy Alexander Cooper,2021-12-03,2021-12-07,2021-12-09,completed,2,,0,,0
eLife71968,Research Article,Author Review,2,Author,2021-12-20,2021-12-22,2021-12-22,completed,,,0,,0
eLife71968,Research Article,Copyediting,1,Priya,2021-11-22,2021-11-23,2021-11-24,completed,1,,0,,0
eLife71968,Research Article,Pre-editing,1,Sanchana Elumalai,2021-10-29,2021-11-01,2021-11-22,completed,15,7,8,,0
eLife71968,Research Article,Publisher Review,1,James Gilbert,2021-12-16,2021-12-17,2021-12-16,completed,,,0,,0
eLife71968,Research Article,Publisher Review,2,James Gilbert,2021-12-20,2021-12-21,2021-12-20,completed,,,0,,0
eLife71968,Research Article,Publisher Review,3,James Gilbert,2021-12-20,2021-12-21,2021-12-20,completed,,,0,,0
eLife71968,Research Article,Publisher Review,4,Naushin Thomson,2021-12-22,2021-12-23,2021-12-22,completed,,,0,,0
eLife71968,Research Article,Typesetter Check,1,Sanchana Elumalai,2021-11-24,2021-11-25,2021-12-03,completed,6,2,1,,0
eLife71968,Research Article,Typesetter Review,1,Gowtham Ram R,2021-12-09,2021-12-10,2021-12-16,completed,4,5,4,,0
eLife71968,Research Article,Typesetter Review,10,Gowtham Ram R,2021-12-20,2021-12-21,2021-12-20,completed,,,0,,0
eLife71968,Research Article,Typesetter Review,7,Gowtham Ram R,2021-12-16,2021-12-17,2021-12-20,completed,1,2,2,,0
eLife71978,Research Article,Author Review,1,Pedro Escoll,2021-12-21,2021-12-23,2021-12-21,completed,,,0,,0
eLife71978,Research Article,Copyediting,1,Imraan,2021-12-15,2021-12-16,2021-12-18,completed,2,,0,,0
eLife71978,Research Article,Pre-editing,1,Sanchana Elumalai,2021-12-09,2021-12-10,2021-12-15,completed,3,3,4,,0
eLife71978,Research Article,Publisher Review,1,Gowtham Ram R,2021-12-21,2021-12-22,,in-progress,,,0,,0
eLife71978,Research Article,Typesetter Check,1,Priyanka Balan,2021-12-18,2021-12-21,2021-12-21,completed,,2,0,,0
eLife71978,Research Article,Typesetter Review,1,Gowtham Ram R,2021-12-21,2021-12-22,2021-12-21,completed,,,0,,0
eLife71981,Research Article,Author Review,1,Gregg Wildenberg,2021-12-06,2021-12-08,2021-12-07,completed,,,0,,0
eLife71981,Research Article,Copyediting,1,Priya,2021-12-01,2021-12-02,2021-12-03,completed,1,,0,,0
eLife71981,Research Article,Pre-editing,1,Sanchana Elumalai,2021-11-30,2021-12-01,2021-12-01,completed,,1,0,,0
eLife71981,Research Article,Publisher Review,1,James Gilbert,2021-12-07,2021-12-08,2021-12-07,completed,,,0,,0
eLife71981,Research Article,Typesetter Check,1,Sandhiya Raghuraman,2021-12-03,2021-12-06,2021-12-06,completed,,,0,,0
eLife71981,Research Article,Typesetter Review,1,Gowtham Ram R,2021-12-07,2021-12-08,2021-12-07,completed,,1,0,,0
eLife71981,Research Article,Typesetter Review,3,Gowtham Ram R,2021-12-07,2021-12-08,2021-12-08,completed,,,0,,0
eLife72072,Research Article,Author Review,1,Marco Todesco,2021-12-22,2021-12-24,,in-progress,,,0,,0
eLife72072,Research Article,Copyediting,1,Imraan,2021-12-16,2021-12-17,2021-12-19,completed,1,,0,,0
eLife72072,Research Article,Pre-editing,1,Sanchana Elumalai,2021-12-06,2021-12-07,2021-12-16,completed,7,10,7,,0
eLife72072,Research Article,Typesetter Check,1,Priyanka Balan,2021-12-20,2021-12-21,2021-12-22,completed,1,1,0,,0
eLife72082,Research Article,Pre-editing,1,Sanchana Elumalai,2021-12-22,2021-12-23,,in-progress,,,0,,0
eLife72132,Research Article,Author Review,1,Krzysztof Wabnik,2021-11-11,2021-11-15,2021-11-12,completed,,,0,,0
eLife72132,Research Article,Copyediting,1,Deepa,2021-11-08,2021-11-09,2021-11-10,completed,1,,0,,0
eLife72132,Research Article,Final Deliverables,1,Balakrishnan Esakimuthu,2021-12-21,2021-12-22,,in-progress,,,0,,0
eLife72132,Research Article,Pre-editing,1,Sandhiya Raghuraman,2021-11-01,2021-11-02,2021-11-08,completed,4,3,2,,0
eLife72132,Research Article,Publisher Review,1,Frederick Atherden,2021-11-16,2021-11-17,2021-11-16,completed,,,0,,0
eLife72132,Research Article,Publisher Review,2,James Gilbert,2021-11-19,2021-11-22,2021-11-19,completed,,,0,,0
eLife72132,Research Article,Publisher Review,3,James Gilbert,2021-12-03,2021-12-06,2021-12-03,completed,,,0,,0
eLife72132,Research Article,Publisher Review,4,James Gilbert,2021-12-16,2021-12-17,2021-12-16,completed,,,0,,0
eLife72132,Research Article,Publisher Review,5,Claudia Griffiths,2021-12-21,2021-12-22,2021-12-21,completed,,,0,,0
eLife72132,Research Article,Typesetter Check,1,Sandhiya Raghuraman,2021-11-10,2021-11-11,2021-11-11,completed,,2,0,,0
eLife72132,Research Article,Typesetter Review,1,Gowtham Ram R,2021-11-12,2021-11-15,2021-11-16,completed,1,1,0,,0
eLife72132,Research Article,Typesetter Review,20,Balakrishnan Esakimuthu,2021-12-16,2021-12-17,2021-12-21,completed,2,5,3,,0
eLife72132,Research Article,Typesetter Review,3,Sandhiya Raghuraman,2021-11-16,2021-11-17,2021-11-19,completed,2,1,2,,0
eLife72132,Research Article,Typesetter Review,5,Balakrishnan Esakimuthu,2021-11-19,2021-11-22,2021-12-03,completed,9,3,11,,0
eLife72132,Research Article,Typesetter Review,9,Balakrishnan Esakimuthu,2021-12-03,2021-12-06,2021-12-16,completed,8,10,7,,0
eLife72375,Research Article,Author Review,1,Author,2021-10-21,2021-10-25,2021-10-21,completed,,,0,,0
eLife72375,Research Article,Author Review,2,Author,2021-11-01,2021-11-03,2021-11-05,completed,2,,0,,0
eLife72375,Research Article,Copyediting,1,Imraan,2021-10-04,2021-10-05,2021-10-09,completed,4,,0,,0
eLife72375,Research Article,Pre-editing,1,Sanchana Elumalai,2021-10-04,2021-10-05,2021-10-04,completed,,,0,,0
eLife72375,Research Article,Publisher Review,1,Kriya Access,2021-11-01,2021-11-02,2021-11-01,completed,,,0,,0
eLife72375,Research Article,Publisher Review,2,Editorial Office,2021-11-05,2021-11-06,2021-11-05,completed,,,0,,0
eLife72375,Research Article,Publisher Review,3,Kriya Access,2021-11-12,2021-11-15,2021-11-15,completed,,,0,,0
eLife72375,Research Article,Publisher Review,4,Editorial Office,2021-11-18,2021-11-19,2021-11-18,completed,,,0,,0
eLife72375,Research Article,Publisher Review,5,Editorial Office,2021-11-19,2021-11-22,2021-12-13,completed,15,,0,1,23
eLife72375,Research Article,Typesetter Check,1,Sandhiya Raghuraman,2021-10-11,2021-10-12,2021-10-11,completed,,1,0,,0
eLife72375,Research Article,Typesetter Review,1,Sandhiya Raghuraman,2021-10-21,2021-10-22,2021-11-01,completed,6,2,3,,0
eLife72375,Research Article,Typesetter Review,11,Balakrishnan Esakimuthu,2021-11-18,2021-11-19,2021-11-19,completed,,2,0,,0
eLife72375,Research Article,Typesetter Review,14,Gowtham Ram R,2021-12-13,2021-12-14,,in-progress,,1,6,,0
eLife72375,Research Article,Typesetter Review,4,Shanmugapriya Janarthanam,2021-11-05,2021-11-08,2021-11-12,completed,4,2,0,,0
eLife72375,Research Article,Typesetter Review,7,Ranjithkumar Murugan,2021-11-15,2021-11-16,2021-11-18,completed,2,3,1,,0
eLife72375,Research Article,Waiting for Assets,1,Exeter,2021-10-11,2021-10-12,2021-10-21,completed,7,,0,,0
eLife72377,Research Article,Author Review,1,Laura Arribas-Hernández,2021-10-04,2021-10-06,2021-10-18,completed,8,,0,,0
eLife72377,Research Article,Author Review,2,Author,2021-10-27,2021-10-29,2021-11-01,completed,1,,0,,0
eLife72377,Research Article,Copyediting,1,Sanjay,2021-10-01,2021-10-04,2021-10-04,completed,,,0,,0
eLife72377,Research Article,Pre-editing,1,Sanchana Elumalai,2021-09-30,2021-10-01,2021-10-01,completed,,2,0,,0
eLife72377,Research Article,Publisher Review,1,Editorial Office,2021-10-26,2021-10-27,2021-10-26,completed,,,0,,0
eLife72377,Research Article,Publisher Review,2,Editorial Office,2021-10-27,2021-10-28,2021-10-27,completed,,,0,,0
eLife72377,Research Article,Publisher Review,3,Editorial Office,2021-11-01,2021-11-02,2021-11-02,completed,,,0,,0
eLife72377,Research Article,Publisher Review,4,Editorial Office,2021-11-09,2021-11-10,2021-11-09,completed,,,0,,0
eLife72377,Research Article,Publisher Review,5,Editorial Office,2021-11-12,2021-11-15,2021-12-13,completed,20,,0,1,30
eLife72377,Research Article,Publisher Review,7,Editorial Office,2021-12-20,2021-12-21,2021-12-20,completed,,,0,,0
eLife72377,Research Article,Typesetter Check,1,Sandhiya Raghuraman,2021-10-04,2021-10-05,2021-10-04,completed,,,0,,0
eLife72377,Research Article,Typesetter Review,1,Priyanka Balan,2021-10-18,2021-10-19,2021-10-26,completed,5,1,6,,0
eLife72377,Research Article,Typesetter Review,10,Gowtham Ram R,2021-12-13,2021-12-14,2021-12-18,completed,4,,0,,0
eLife72377,Research Article,Typesetter Review,11,Gowtham Ram R,2021-12-20,2021-12-21,2021-12-20,completed,,,0,,0
eLife72377,Research Article,Typesetter Review,3,Sanchana Elumalai,2021-10-26,2021-10-27,2021-10-27,completed,,,0,,0
eLife72377,Research Article,Typesetter Review,4,Gowtham Ram R,2021-11-02,2021-11-03,2021-11-09,completed,4,2,6,,0
eLife72377,Research Article,Typesetter Review,7,Gowtham Ram R,2021-11-09,2021-11-10,2021-11-12,completed,2,2,2,,0
eLife72430,Short Report,Copyediting,1,Imraan,2021-12-22,2021-12-23,,in-progress,,,0,,0
eLife72430,Short Report,Pre-editing,1,Sandhiya Raghuraman,2021-12-20,2021-12-21,2021-12-22,completed,1,2,0,,0
eLife72452,Research Article,Pre-editing,1,Sanchana Elumalai,2021-12-22,2021-12-23,,in-progress,,,0,,0
eLife72565,Research Article,Author Review,1,Jaan Männik,2021-12-20,2021-12-22,,in-progress,,,0,,0
eLife72565,Research Article,Copyediting,1,Deepa,2021-12-15,2021-12-16,2021-12-16,completed,,,0,,0
eLife72565,Research Article,Pre-editing,1,Sandhiya Raghuraman,2021-11-23,2021-11-24,2021-12-15,completed,15,9,6,,0
eLife72565,Research Article,Typesetter Check,1,Sandhiya Raghuraman,2021-12-16,2021-12-17,2021-12-20,completed,1,1,3,,0
eLife72593,Research Article,Pre-editing,1,Augustus S,2021-12-22,2021-12-23,,in-progress,,,0,,0
eLife72629,Research Article,Pre-editing,1,Augustus S,2021-12-09,2021-12-10,,in-progress,,8,11,,0
eLife72676,Research Article,Copyediting,1,Bharathi,2021-12-07,2021-12-08,2021-12-08,completed,,,0,,0
eLife72676,Research Article,Pre-editing,1,Sandhiya Raghuraman,2021-12-01,2021-12-02,2021-12-07,completed,3,1,3,,0
eLife72676,Research Article,Typesetter Check,1,Sandhiya Raghuraman,2021-12-08,2021-12-09,2021-12-08,completed,,,0,,0
eLife72676,Research Article,Waiting for Assets,1,Exeter,2021-12-08,2022-01-06,,in-progress,,,0,,0
eLife72730,Research Article,Pre-editing,1,Sharmila Gunasekaran,2021-12-21,2021-12-22,,in-progress,,,0,,0
eLife72737,Feature Article,Author Review,1,Wout S Lamers,2021-12-17,2021-12-21,2021-12-21,completed,,,0,,0
eLife72737,Feature Article,Feature Review,1,Peter Rodgers,2021-12-21,2021-12-22,2021-12-22,completed,,,0,,0
eLife72737,Feature Article,Pre-editing,1,Sandhiya Raghuraman,2021-12-14,2021-12-15,2021-12-16,completed,1,2,0,,0
eLife72737,Feature Article,Publisher Check,1,Claudia Griffiths,2021-12-16,2021-12-17,2021-12-16,completed,,,0,,0
eLife72737,Feature Article,Publisher Check,2,Frederick Atherden,2021-12-17,2021-12-20,2021-12-17,completed,,,0,,0
eLife72737,Feature Article,Typesetter Check,1,Sandhiya Raghuraman,2021-12-16,2021-12-17,2021-12-17,completed,,,0,,0
eLife72737,Feature Article,Typesetter Review,1,Sandhiya Raghuraman,2021-12-22,2021-12-23,,in-progress,,,0,,0
eLife72747,Research Article,Author Review,1,Marie Buysse,2021-12-22,2021-12-24,,in-progress,,,0,,0
eLife72747,Research Article,Copyediting,1,Sanjay,2021-12-17,2021-12-20,2021-12-21,completed,1,,0,,0
eLife72747,Research Article,Pre-editing,1,Sanchana Elumalai,2021-12-16,2021-12-17,2021-12-17,completed,,,0,,0
eLife72747,Research Article,Typesetter Check,1,Sanchana Elumalai,2021-12-21,2021-12-22,2021-12-22,completed,,,0,,0
eLife72823,Research Article,Author Review,1,Andrea Loreto,2021-12-17,2021-12-21,,in-progress,,,0,,0
eLife72823,Research Article,Copyediting,1,Deepa,2021-12-15,2021-12-16,2021-12-17,completed,1,,0,,0
eLife72823,Research Article,Pre-editing,1,Augustus S,2021-12-06,2021-12-07,2021-12-15,completed,6,3,1,,0
eLife72823,Research Article,Typesetter Check,1,Priyanka Balan,2021-12-17,2021-12-20,2021-12-17,completed,,,0,,0
eLife72976,Research Article,Copyediting,1,Bharathi,2021-12-08,2021-12-09,2021-12-14,completed,3,,0,,0
eLife72976,Research Article,Pre-editing,1,Shanmugapriya Janarthanam,2021-12-01,2021-12-02,2021-12-08,completed,4,2,4,,0
eLife72976,Research Article,Typesetter Check,1,Shanmugapriya Janarthanam,2021-12-14,2021-12-15,2021-12-16,completed,1,1,0,,0
eLife72976,Research Article,Waiting for Assets,1,Exeter,2021-12-16,2022-01-14,,in-progress,,,0,,0
eLife73012,Research Article,Copyediting,1,Sanjay,2021-12-08,2021-12-09,2021-12-10,completed,1,,0,,0
eLife73012,Research Article,Pre-editing,1,Sanchana Elumalai,2021-12-07,2021-12-08,2021-12-08,completed,,,0,,0
eLife73012,Research Article,Typesetter Check,1,Sandhiya Raghuraman,2021-12-10,2021-12-13,2021-12-13,completed,,1,0,,0
eLife73012,Research Article,Waiting for Assets,1,Exeter,2021-12-13,2022-01-11,,in-progress,,,0,,0
eLife73020,Research Article,Author Review,1,Matthew Simpson,2021-12-16,2021-12-20,2021-12-21,completed,1,,0,,0
eLife73020,Research Article,Copyediting,1,Deepa,2021-12-09,2021-12-10,2021-12-13,completed,1,,0,,0
eLife73020,Research Article,Pre-editing,1,Sanchana Elumalai,2021-11-29,2021-11-30,2021-12-09,completed,7,7,7,,0
eLife73020,Research Article,Publisher Review,1,Kriya Access,2021-12-21,2021-12-22,2021-12-21,completed,,,0,,0
eLife73020,Research Article,Typesetter Check,1,Sanchana Elumalai,2021-12-13,2021-12-14,2021-12-16,completed,2,3,0,,0
eLife73020,Research Article,Typesetter Review,1,Jincy Joyen,2021-12-21,2021-12-22,2021-12-21,completed,,,0,,0
eLife73020,Research Article,Typesetter Review,2,Jincy Joyen,2021-12-21,2021-12-22,,in-progress,,,0,,0
eLife73046,Research Article,Copyediting,1,Priya,2021-12-13,2021-12-14,2021-12-14,completed,,,0,,0
eLife73046,Research Article,Pre-editing,1,Sanchana Elumalai,2021-12-09,2021-12-10,2021-12-13,completed,1,1,0,,0
eLife73046,Research Article,Typesetter Check,1,Sanchana Elumalai,2021-12-14,2021-12-15,2021-12-17,completed,2,,0,,0
eLife73046,Research Article,Waiting for Assets,1,Exeter,2021-12-17,2022-01-17,,in-progress,,,0,,0
eLife73077,Research Advance,Copyediting,1,Imraan,2021-12-16,2021-12-17,2021-12-20,completed,1,,0,,0
eLife73077,Research Advance,Pre-editing,1,Sandhiya Raghuraman,2021-12-09,2021-12-10,2021-12-16,completed,4,5,4,,0
eLife73077,Research Advance,Typesetter Check,1,Sandhiya Raghuraman,2021-12-20,2021-12-21,2021-12-22,completed,1,3,1,,0
eLife73077,Research Advance,Waiting for Assets,1,Exeter,2021-12-22,2022-01-20,,in-progress,,,0,,0
eLife73137,Research Article,Author Review,1,L David Sibley,2021-12-10,2021-12-14,2021-12-14,completed,,,0,,0
eLife73137,Research Article,Copyediting,1,Sanjay,2021-12-07,2021-12-08,2021-12-10,completed,2,,0,,0
eLife73137,Research Article,Final Deliverables,1,Kriya Access,2021-12-16,2021-12-17,,in-progress,,,0,,0
eLife73137,Research Article,Pre-editing,1,Sandhiya Raghuraman,2021-12-06,2021-12-07,2021-12-07,completed,,,0,,0
eLife73137,Research Article,Publisher Review,1,Kriya Access,2021-12-14,2021-12-15,2021-12-16,completed,1,,0,1,0
eLife73137,Research Article,Typesetter Check,1,Sandhiya Raghuraman,2021-12-10,2021-12-11,2021-12-10,completed,,,0,,0
eLife73137,Research Article,Typesetter Review,1,Priyanka Balan,2021-12-14,2021-12-15,2021-12-14,completed,,1,0,,0
eLife73202,Research Article,Copyediting,1,Sanjay,2021-12-20,2021-12-21,2021-12-22,completed,1,,0,,0
eLife73202,Research Article,Pre-editing,1,Shanmugapriya Janarthanam,2021-12-16,2021-12-17,2021-12-20,completed,1,1,0,,0
eLife73218,Research Article,Author Review,1,Sriram Subramaniam,2021-12-08,2021-12-10,2021-12-18,completed,6,,0,,0
eLife73218,Research Article,Author Review,2,Author,2021-12-21,2021-12-23,2021-12-21,completed,,,0,,0
eLife73218,Research Article,Copyediting,1,Deepa,2021-12-03,2021-12-06,2021-12-07,completed,1,,0,,0
eLife73218,Research Article,Final Deliverables,1,Kriya Access,2021-12-22,2021-12-23,,in-progress,,,0,,0
eLife73218,Research Article,Pre-editing,1,Shanmugapriya Janarthanam,2021-11-30,2021-12-01,2021-12-03,completed,2,3,0,,0
eLife73218,Research Article,Publisher Review,1,Kriya Access,2021-12-20,2021-12-21,2021-12-20,completed,,,0,,0
eLife73218,Research Article,Publisher Review,2,Kriya Access,2021-12-21,2021-12-22,2021-12-21,completed,,,0,,0
eLife73218,Research Article,Publisher Review,3,Kriya Access,2021-12-21,2021-12-22,2021-12-21,completed,,,0,,0
eLife73218,Research Article,Publisher Review,4,Kriya Access,2021-12-21,2021-12-22,2021-12-22,completed,,,0,1,0
eLife73218,Research Article,Typesetter Check,1,Shanmugapriya Janarthanam,2021-12-07,2021-12-08,2021-12-08,completed,,,0,,0
eLife73218,Research Article,Typesetter Review,1,Shanmugapriya Janarthanam,2021-12-18,2021-12-21,2021-12-20,completed,,,0,,0
eLife73218,Research Article,Typesetter Review,2,Shanmugapriya Janarthanam,2021-12-20,2021-12-21,2021-12-21,completed,,1,0,,0
eLife73218,Research Article,Typesetter Review,4,Balakrishnan Esakimuthu,2021-12-21,2021-12-22,2021-12-21,completed,,,0,,0
eLife73250,Research Article,Copyediting,1,Deepa,2021-12-17,2021-12-20,2021-12-20,completed,,,0,,0
eLife73250,Research Article,Pre-editing,1,Sandhiya Raghuraman,2021-12-06,2021-12-07,2021-12-17,completed,8,7,4,,0
eLife73250,Research Article,Typesetter Check,1,Sandhiya Raghuraman,2021-12-20,2021-12-21,2021-12-21,completed,,,0,,0
eLife73250,Research Article,Waiting for Assets,1,Exeter,2021-12-21,2022-01-19,,in-progress,,,0,,0
eLife73336,Research Article,Copyediting,1,Deepa,2021-12-20,2021-12-21,2021-12-21,completed,,,0,,0
eLife73336,Research Article,Pre-editing,1,Sandhiya Raghuraman,2021-12-15,2021-12-16,2021-12-20,completed,2,3,3,,0
eLife73359,Research Article,Author Review,1,Timothy A Springer,2021-12-08,2021-12-10,2021-12-16,completed,4,,0,,0
eLife73359,Research Article,Copyediting,1,Imraan,2021-12-03,2021-12-06,2021-12-08,completed,2,,0,,0
eLife73359,Research Article,Pre-editing,1,Sanchana Elumalai,2021-12-02,2021-12-03,2021-12-03,completed,,1,0,,0
eLife73359,Research Article,Publisher Review,1,Frederick Atherden,2021-12-20,2021-12-21,2021-12-20,completed,,,0,,0
eLife73359,Research Article,Typesetter Check,1,Sandhiya Raghuraman,2021-12-08,2021-12-09,2021-12-08,completed,,1,0,,0
eLife73359,Research Article,Typesetter Review,1,Jincy Joyen,2021-12-16,2021-12-17,2021-12-20,completed,1,,0,,0
eLife73430,Research Article,Archive,1,Naushin Thomson,2021-12-07,2021-12-08,2021-12-08,completed,,,0,,0
eLife73430,Research Article,Author Review,1,Timothy M Errington,2021-11-17,2021-11-19,2021-11-19,completed,,,0,,0
eLife73430,Research Article,Copyediting,1,Bharathi,2021-11-16,2021-11-17,2021-11-17,completed,,,0,,0
eLife73430,Research Article,Final Deliverables,1,Kriya Access,2021-12-03,2021-12-06,2021-12-07,completed,1,,0,,0
eLife73430,Research Article,Pre-editing,1,Sandhiya Raghuraman,2021-11-15,2021-11-16,2021-11-16,completed,,1,0,,0
eLife73430,Research Article,Publisher Review,1,Kriya Access,2021-11-22,2021-11-23,2021-12-03,completed,8,,0,2,8
eLife73430,Research Article,Publisher Review,4,Naushin Thomson,2021-12-22,2021-12-23,2021-12-22,completed,,,0,,0
eLife73430,Research Article,Typesetter Check,1,Sandhiya Raghuraman,2021-11-17,2021-11-18,2021-11-17,completed,,,0,,0
eLife73430,Research Article,Typesetter Review,1,Shanmugapriya Janarthanam,2021-11-19,2021-11-20,2021-11-22,completed,,,0,,0
eLife73456,Short Report,Author Review,1,Author,2021-12-14,2021-12-16,2021-12-17,completed,1,,0,,0
eLife73456,Short Report,Author Review,2,Kriya Access,2021-12-22,2021-12-24,,in-progress,,,0,,0
eLife73456,Short Report,Copyediting,1,Sanjay,2021-12-10,2021-12-13,2021-12-13,completed,,,0,,0
eLife73456,Short Report,Pre-editing,1,Sandhiya Raghuraman,2021-12-09,2021-12-10,2021-12-10,completed,,,0,,0
eLife73456,Short Report,Publisher Review,1,Kriya Access,2021-12-22,2021-12-23,2021-12-22,completed,,,0,,0
eLife73456,Short Report,Typesetter Check,1,Sandhiya Raghuraman,2021-12-13,2021-12-14,2021-12-13,completed,,,0,,0
eLife73456,Short Report,Typesetter Review,1,Shanmugapriya Janarthanam,2021-12-17,2021-12-20,2021-12-22,completed,2,,0,,0
eLife73456,Short Report,Waiting for Assets,1,Exeter,2021-12-13,2022-01-11,2021-12-14,completed,,,0,,0
eLife73556,Feature Article,Author Review,1,Oskar Staufer,2021-12-22,2021-12-24,,in-progress,,,0,,0
eLife73556,Feature Article,Pre-editing,1,Sandhiya Raghuraman,2021-12-21,2021-12-22,2021-12-21,completed,,,0,,0
eLife73556,Feature Article,Publisher Check,1,Naushin Thomson,2021-12-21,2021-12-22,2021-12-21,completed,,,0,,0
eLife73556,Feature Article,Publisher Check,2,Naushin Thomson,2021-12-22,2021-12-23,2021-12-22,completed,,,0,,0
eLife73556,Feature Article,Typesetter Check,1,Balakrishnan Esakimuthu,2021-12-21,2021-12-22,2021-12-22,completed,,1,0,,0
eLife73585,Research Article,Author Review,1,Olga K Dudko,2021-12-14,2021-12-16,2021-12-17,completed,1,,0,,0
eLife73585,Research Article,Copyediting,1,Deepa,2021-11-29,2021-11-30,2021-12-02,completed,2,,0,,0
eLife73585,Research Article,Pre-editing,1,Pradheep K,2021-10-29,2021-11-01,2021-11-29,completed,20,11,10,1,0
eLife73585,Research Article,Typesetter Check,1,Sandhiya Raghuraman,2021-12-02,2021-12-03,2021-12-14,completed,7,7,9,,0
eLife73601,Research Article,Copyediting,1,Priya,2021-12-21,2021-12-22,2021-12-22,completed,,,0,,0
eLife73601,Research Article,Pre-editing,1,Sharmila Gunasekaran,2021-12-16,2021-12-17,2021-12-21,completed,2,1,0,,0
eLife73601,Research Article,Typesetter Check,1,Sandhiya Raghuraman,2021-12-22,2021-12-23,,in-progress,,,0,,0
eLife73641,Research Article,Copyediting,1,Deepa,2021-12-21,2021-12-22,2021-12-22,completed,,,0,,0
eLife73641,Research Article,Pre-editing,1,Sanchana Elumalai,2021-12-20,2021-12-21,2021-12-21,completed,,,0,,0
eLife73641,Research Article,Typesetter Check,1,Sanchana Elumalai,2021-12-22,2021-12-23,,in-progress,,,0,,0
eLife73724,Research Article,Author Review,1,Stefan Raunser,2021-12-02,2021-12-06,2021-12-03,completed,,,0,,0
eLife73724,Research Article,Copyediting,1,Imraan,2021-11-30,2021-12-01,2021-12-02,completed,1,,0,,0
eLife73724,Research Article,Pre-editing,1,Sharmila Gunasekaran,2021-11-23,2021-11-24,2021-11-30,completed,4,3,3,,0
eLife73724,Research Article,Publisher Review,1,Claudia Griffiths,2021-12-14,2021-12-15,2021-12-15,completed,,,0,,0
eLife73724,Research Article,Publisher Review,2,Frederick Atherden,2021-12-16,2021-12-17,2021-12-17,completed,,,0,1,0
eLife73724,Research Article,Typesetter Check,1,Sandhiya Raghuraman,2021-12-02,2021-12-03,2021-12-02,completed,,,0,,0
eLife73724,Research Article,Typesetter Review,1,Priyanka Balan,2021-12-03,2021-12-06,2021-12-14,completed,6,3,2,,0
eLife73724,Research Article,Typesetter Review,5,Sandhiya Raghuraman,2021-12-15,2021-12-16,2021-12-16,completed,,,0,,0
eLife73783,Research Article,Author Review,1,Casey M Schneider-Mizell,2021-12-07,2021-12-09,2021-12-09,completed,,,0,,0
eLife73783,Research Article,Copyediting,1,Imraan,2021-12-02,2021-12-03,2021-12-06,completed,1,,0,,0
eLife73783,Research Article,Pre-editing,1,Sanchana Elumalai,2021-12-01,2021-12-02,2021-12-02,completed,,,0,,0
eLife73783,Research Article,Publisher Review,1,Naushin Thomson,2021-12-13,2021-12-14,2021-12-15,completed,1,,0,,0
eLife73783,Research Article,Typesetter Check,1,Sandhiya Raghuraman,2021-12-06,2021-12-07,2021-12-07,completed,,1,0,,0
eLife73783,Research Article,Typesetter Review,1,Gowtham Ram R,2021-12-09,2021-12-10,2021-12-13,completed,1,,0,,0
eLife73783,Research Article,Typesetter Review,2,Shanmugapriya Janarthanam,2021-12-15,2021-12-16,2021-12-16,completed,,,0,,0
eLife73873,Research Article,Author Review,1,Author,2021-12-20,2021-12-22,2021-12-21,completed,,,0,,0
eLife73873,Research Article,Copyediting,1,Bharathi,2021-11-29,2021-11-30,2021-12-01,completed,1,,0,,0
eLife73873,Research Article,Pre-editing,1,Sandhiya Raghuraman,2021-11-23,2021-11-24,2021-11-29,completed,3,1,5,,0
eLife73873,Research Article,Publisher Review,1,Priyanka Balan,2021-12-23,2021-12-24,,in-progress,,,0,,0
eLife73873,Research Article,Typesetter Check,1,Sandhiya Raghuraman,2021-12-01,2021-12-02,2021-12-01,completed,,,0,,0
eLife73873,Research Article,Typesetter Review,1,Priyanka Balan,2021-12-21,2021-12-22,2021-12-23,completed,1,1,0,,0
eLife73873,Research Article,Waiting for Assets,1,Exeter,2021-12-01,2021-12-30,2021-12-20,completed,,,0,,0
eLife74153,Research Article,Copyediting,1,Imraan,2021-12-22,2021-12-23,,in-progress,,,0,,0
eLife74153,Research Article,Pre-editing,1,Sanchana Elumalai,2021-12-21,2021-12-22,2021-12-22,completed,,,0,,0
eLife74234,Research Article,Copyediting,1,Deepa,2021-12-23,2021-12-24,,in-progress,,,0,,0
eLife74234,Research Article,Pre-editing,1,Chandru S,2021-12-09,2021-12-10,2021-12-23,completed,9,5,4,,0
eLife74282,Research Article,Author Review,1,Author,2021-12-17,2021-12-21,2021-12-20,completed,,,0,,0
eLife74282,Research Article,Author Review,2,Author,2021-12-21,2021-12-23,2021-12-22,completed,,,0,,0
eLife74282,Research Article,Copyediting,1,Bharathi,2021-12-13,2021-12-14,2021-12-14,completed,,,0,,0
eLife74282,Research Article,Pre-editing,1,Sanchana Elumalai,2021-12-10,2021-12-13,2021-12-13,completed,,1,2,,0
eLife74282,Research Article,Publisher Review,1,Claudia Griffiths,2021-12-21,2021-12-22,2021-12-21,completed,,,0,,0
eLife74282,Research Article,Publisher Review,2,Claudia Griffiths,2021-12-22,2021-12-23,2021-12-22,completed,,,0,,0
eLife74282,Research Article,Typesetter Check,1,Sanchana Elumalai,2021-12-14,2021-12-15,2021-12-16,completed,1,,0,,0
eLife74282,Research Article,Typesetter Review,1,Jincy Joyen,2021-12-20,2021-12-21,2021-12-21,completed,,,0,,0
eLife74282,Research Article,Typesetter Review,2,Gowtham Ram R,2021-12-22,2021-12-23,,in-progress,,,0,,0
eLife74282,Research Article,Waiting for Assets,1,James Gilbert,2021-12-16,2022-01-14,2021-12-17,completed,,,0,,0
eLife74441,Research Article,Author Review,1,Christian G Specht,2021-12-14,2021-12-16,2021-12-17,completed,1,,0,,0
eLife74441,Research Article,Copyediting,1,Imraan,2021-12-10,2021-12-13,2021-12-13,completed,,,0,,0
eLife74441,Research Article,Pre-editing,1,Sharmila Gunasekaran,2021-12-08,2021-12-09,2021-12-10,completed,1,1,1,,0
eLife74441,Research Article,Publisher Review,1,Kriya Access,2021-12-17,2021-12-20,2021-12-20,completed,,,0,1,2
eLife74441,Research Article,Typesetter Check,1,Sandhiya Raghuraman,2021-12-13,2021-12-14,2021-12-14,completed,,1,0,,0
eLife74441,Research Article,Typesetter Review,1,Priyanka Balan,2021-12-17,2021-12-18,2021-12-17,completed,,,0,,0
eLife74441,Research Article,Typesetter Review,2,Priyanka Balan,2021-12-20,2021-12-21,2021-12-22,completed,1,2,0,,0
eLife74538,Research Article,Author Review,1,Samara L Reck-Peterson,2021-12-20,2021-12-22,,in-progress,,,0,,0
eLife74538,Research Article,Copyediting,1,Bharathi,2021-12-15,2021-12-16,2021-12-19,completed,2,,0,,0
eLife74538,Research Article,Pre-editing,1,Sharmila Gunasekaran,2021-12-09,2021-12-10,2021-12-15,completed,3,,0,,0
eLife74538,Research Article,Typesetter Check,1,Sandhiya Raghuraman,2021-12-20,2021-12-21,2021-12-20,completed,,,0,,0
eLife74950,Research Article,Copyediting,1,Bharathi,2021-12-17,2021-12-20,2021-12-20,completed,,,0,,0
eLife74950,Research Article,Pre-editing,1,Sandhiya Raghuraman,2021-12-16,2021-12-17,2021-12-17,completed,,,0,,0
eLife75415,Research Article,Copyediting,1,Priya,2021-12-17,2021-12-20,2021-12-21,completed,1,,0,,0
eLife75415,Research Article,Pre-editing,1,Sandhiya Raghuraman,2021-12-13,2021-12-14,2021-12-17,completed,3,3,0,,0
eLife75583,Research Article,Copyediting,1,Priya,2021-12-22,2021-12-23,,in-progress,,,0,,0
eLife75583,Research Article,Pre-editing,1,Sharmila Gunasekaran,2021-12-20,2021-12-21,2021-12-22,completed,1,1,0,,0
eLife75629,Insight,Author Review,1,James R Monaghan,2021-12-20,2021-12-22,2021-12-22,completed,,,0,,0
eLife75629,Insight,Feature Review,1,Helga Groll,2021-12-22,2021-12-23,2021-12-22,completed,,,0,,0
eLife75629,Insight,Pre-editing,1,Sandhiya Raghuraman,2021-12-20,2021-12-21,2021-12-20,completed,,,0,,0
eLife75629,Insight,Publisher Check,1,James Gilbert,2021-12-20,2021-12-21,2021-12-20,completed,,,0,,0
eLife75629,Insight,Typesetter Review,1,Balakrishnan Esakimuthu,2021-12-22,2021-12-23,2021-12-22,completed,,,0,,0
eLife75830,Editorial,Author Review,1,Peter Rodgers,2021-11-26,2021-11-30,2021-11-28,completed,,,0,,0
eLife75830,Editorial,Feature Review,1,Peter Rodgers,2021-11-29,2021-11-30,2021-12-03,completed,3,,0,,0
eLife75830,Editorial,Pre-editing,1,Balakrishnan Esakimuthu,2021-11-26,2021-11-29,2021-11-26,completed,,2,0,,0
eLife75830,Editorial,Publisher Check,1,James Gilbert,2021-11-26,2021-11-29,2021-11-26,completed,,,0,,0
eLife75830,Editorial,Publisher Review,1,Claudia Griffiths,2021-12-06,2021-12-07,2021-12-17,completed,8,,0,,0
eLife75830,Editorial,Publisher Review,1,Frederick Atherden,2021-12-06,2021-12-07,,in-progress,,,0,,0
eLife75830,Editorial,Publisher Review,1,Frederick Atherden,2021-12-06,2021-12-07,,in-progress,,,0,,0
eLife75830,Editorial,Typesetter Review,1,Balakrishnan Esakimuthu,2021-12-03,2021-12-06,2021-12-06,completed,,2,3,,0
eLife76000,Research Article,Copyediting,1,Imraan,2021-12-22,2021-12-23,,in-progress,,,0,,0
eLife76000,Research Article,Pre-editing,1,Shanmugapriya Janarthanam,2021-12-20,2021-12-21,2021-12-22,completed,1,,0,,0
