Article,Word Count,Exclude Reference,Days in production,Current Stage,Article Type,Assignee,Times at Support,Days in Support,Times at Hold,Days in Hold,Accepted Date,Exported Date,Pre-editing,Copyediting,Publisher Check,Waiting for Assets,Typesetter QA,Author Review,Post Author Validation,Publisher Review,Author,Rating,Additional Comments
53174,13548,12303,84,Final Deliverables,Research Article,unassigned,9,15,,0,2021-08-25,2021-08-27,2021-09-01,2021-09-01,,,2021-09-03,2021-09-03,2021-09-07,2021-09-07,Maxime J Derisbourg,Okay,"We were surprised that all the supplementary files and source data (that we had provided with the last submission) had not been linked to the article yet. Otherwise, the proofing interface is great - a lot better than Nature's!! ;-) "
60360,18146,15522,6,Waiting for Assets,Research Article,Exeter,1,0,,0,2021-12-14,2021-12-15,2021-12-21,2021-12-21,,2021-12-22,2021-12-22,,,,,,
62863,476,476,2,Pre-editing,Research Article,Muthukumar Balachandran,,0,,0,2021-12-20,2021-12-21,2021-12-22,,,,,,,,,,
62932,26021,24075,13,Typesetter Review,Research Article,Sandhiya Raghuraman,2,0,,0,2021-11-11,2021-12-06,2021-12-06,2021-12-08,,,2021-12-13,2021-12-14,2021-12-23,,Andrea Giometto,Okay,"There were many errors in the typesetting for equations, so going through each of them took a long time. I appreciated that I could edit them in latex. I have left a few comments here and there, please take note of them. Thank you"
63129,15402,13474,14,Final Deliverables,Tools and Resources,unassigned,5,0,,0,2021-12-01,2021-12-03,2021-12-06,2021-12-07,,,2021-12-09,2021-12-21,2021-12-16,2021-12-16,Timo Strünker,Good,
63405,27673,27673,8,Pre-editing,Research Article,unassigned,,0,,0,2021-12-11,2021-12-13,2021-12-22,,,,,,,,,,
63816,28006,26406,20,Publisher Review,Tools and Resources,unassigned,5,6,2,1,2021-11-24,2021-11-25,2021-11-29,2021-11-29,,,2021-11-30,2021-12-01,2021-12-06,2021-12-08,SP Arun,Great,
64498,478,478,1,Pre-editing,Tools and Resources,Chandru S,,0,,0,2021-12-16,2021-12-22,2021-12-22,,,,,,,,,,
64734,22761,18885,3,Copyediting,Research Article,Bharathi,1,0,,0,2021-12-14,2021-12-20,2021-12-20,2021-12-22,,,,,,,,,
64829,17919,15982,20,Typesetter Review,Research Article,unassigned,,0,,0,2021-09-20,2021-11-25,2021-11-30,2021-11-30,,,2021-12-03,2021-12-20,2021-12-15,2021-12-15,Barbara C Klump,Good,"As agreed via email with James Gilbert, we would like to see second proofs before publication. Thank you."
64876,12810,11967,9,Author Review,Research Article,Matteo Toscani,,0,,0,2021-12-09,2021-12-10,2021-12-10,2021-12-13,,,2021-12-15,2021-12-16,,,,,
65092,24492,22804,21,Typesetter Review,Research Article,Priyanka Balan,5,0,,0,2021-11-22,2021-11-24,2021-11-29,2021-11-29,,2021-12-01,2021-12-01,2021-12-20,2021-12-22,,Author,Great,
65437,21262,16915,5,Copyediting,Research Article,Bharathi,2,0,,0,2021-10-15,2021-12-16,2021-12-21,2021-12-21,,,,,,,,,
66039,103953,92347,73,Hold,Research Article,Frederick Atherden,16,24,1,0,2021-09-07,2021-09-11,2021-09-28,,,,2021-11-01,,2021-11-12,2021-11-02,,,
66512,26969,24030,26,Hold,Research Article,Claudia Griffiths,2,1,,0,2021-11-16,2021-11-17,2021-11-19,2021-11-20,,2021-11-23,2021-11-22,2021-12-15,2021-12-21,2021-12-21,,,
66946,14403,12688,12,Waiting for Assets,Short Report,Exeter,1,0,,0,2021-12-04,2021-12-07,2021-12-08,2021-12-08,,2021-12-09,2021-12-09,,,,,,
66955,26951,24972,6,Pre-editing,Research Article,Augustus S,2,1,,0,2021-12-14,2021-12-15,2021-12-22,,,,,,,,,,
67007,24468,23142,7,Copyediting,Research Article,Sanjay,1,0,,0,2021-12-13,2021-12-14,2021-12-21,2021-12-21,,,,,,,,,
67301,21208,17959,12,Author Review,Research Article,Lisanne de Vor,6,9,,0,2021-12-06,2021-12-07,2021-12-14,2021-12-14,,,2021-12-21,2021-12-21,,,,,
67663,26773,25096,26,Typesetter Check,Research Article,unassigned,,0,,0,2021-11-16,2021-11-17,2021-12-21,2021-12-21,,,2021-12-22,,,,,,
67778,31001,29348,9,Publisher Review,Research Article,unassigned,2,1,,0,2021-12-08,2021-12-10,2021-12-10,2021-12-13,,,2021-12-17,2021-12-17,2021-12-21,2021-12-23,,,
67844,22831,20951,14,Typesetter Review,Research Article,Gowtham Ram R,3,3,,0,2021-11-23,2021-12-03,2021-12-13,2021-12-13,,,2021-12-16,2021-12-17,2021-12-20,,Simon G Sprecher,Good,
68000,13946,11589,51,Hold,Research Article,Editorial Office,,0,,0,2021-10-12,2021-10-13,2021-10-13,2021-10-14,,,2021-10-16,2021-10-18,2021-10-21,,Sebastian Jessberger,Good,
68013,11876,10711,3,Typesetter Check,Research Article,Sanchana Elumalai,,0,,0,2021-12-15,2021-12-20,2021-12-20,2021-12-21,,,2021-12-22,,,,,,
68213,13734,12375,4,Copyediting,Research Article,Sanjay,,0,,0,2021-12-17,2021-12-17,2021-12-17,2021-12-21,,,,,,,,,
68224,30970,28260,10,Waiting for Assets,Tools and Resources,Exeter,4,7,,0,2021-12-05,2021-12-09,2021-12-15,2021-12-15,,2021-12-20,2021-12-20,,,,,,
68242,15628,14422,3,Pre-editing,Research Article,Muthukumar Balachandran,,0,,0,2021-12-17,2021-12-20,2021-12-22,,,,,,,,,,
68401,27306,25654,28,Typesetter Review,Research Article,Jincy Joyen,6,11,1,1,2021-11-13,2021-11-15,2021-11-26,2021-11-27,,,2021-12-06,2021-12-09,2021-12-11,2021-12-16,,,
68422,31192,28889,25,Typesetter Review,Research Article,unassigned,,0,,0,2021-11-18,2021-11-18,2021-12-06,2021-12-07,,,2021-12-09,2021-12-10,2021-12-22,,David Dahmen,Neutral,"There are many remaining queries from our side. In particular, the equation references are broken in most cases (correct display of equation number in text but wrong or missing hyperlink in pdf). Also labels in Figure 3 were cut off. Please correct these mistakes and send us another proof to check for correctness. Thank you very much!"
68436,20757,17304,7,Final Deliverables,Research Article,unassigned,2,1,,0,2021-12-13,2021-12-14,2021-12-17,2021-12-17,,,2021-12-20,2021-12-20,2021-12-22,2021-12-22,Peng Zhang,Great,
68563,14787,12472,15,Final Deliverables,Research Article,unassigned,4,1,,0,2021-12-01,2021-12-02,2021-12-03,2021-12-03,,,2021-12-08,2021-12-08,2021-12-10,2021-12-13,Hasan Zaki,Great,
68584,21553,18738,28,Final Deliverables,Research Article,unassigned,,0,,0,2021-11-13,2021-11-15,2021-11-15,2021-11-16,,2021-11-19,2021-11-18,2021-12-16,2021-12-21,2021-12-21,Author,Neutral,I felt that the the responses that I left on the proofs were not read or considered before I was requested to approve the proof again. 
68832,15457,8656,18,Typesetter Check,Short Report,unassigned,,0,,0,2021-11-26,2021-11-29,2021-11-29,2021-12-18,,,2021-12-23,,,,,,
69096,607,607,1,Pre-editing,Research Article,Sanchana Elumalai,,0,,0,2021-12-21,2021-12-22,2021-12-22,,,,,,,,,,
69182,28740,26398,11,Typesetter Review,Research Article,Gowtham Ram R,9,7,,0,2021-12-05,2021-12-08,2021-12-15,2021-12-16,,,2021-12-17,2021-12-18,2021-12-20,,Antonio Barragan,Poor,"A number of problems were automatically generated by the system. Wrong inserts of references in figure legends, one heading had disappered, one reference had disapperared in discussion."
69380,19546,17991,11,Typesetter Review,Tools and Resources,unassigned,,0,,0,2021-12-07,2021-12-08,2021-12-17,2021-12-17,,,2021-12-18,2021-12-20,2021-12-23,,Ko Sugawara,Good,"Overall, it was an efficient editing tool, but some features were difficult to handle. For example, when I tried to add a bibliography entry for a preprint on arXiv, the text was not formatted as I expected (it rendered as [ArXiv]). I also could not find a way to modify the link text of a figure."
69740,16266,14607,79,Final Deliverables,Research Article,unassigned,5,1,2,1,2021-08-31,2021-09-03,2021-09-03,2021-09-04,,2021-09-08,2021-09-08,2021-09-28,2021-09-20,2021-09-22,Author,Okay,"It is difficult to fix the errors that link with citation. I have included the information in the queries, and also emailed to the production team."
69746,23964,21231,26,Typesetter Review,Research Article,unassigned,,0,,0,2021-11-16,2021-11-17,2021-11-28,2021-11-30,2021-12-09,,2021-12-09,2021-12-14,2021-12-22,2021-12-22,Matthew Ryan Banghart,Okay,not being able to see the results of the changes is not very reassuring. my middle initial seems to have been lost during this process from the author list as well.
69748,21951,20883,24,Author Review,Research Article,Author,1,0,,0,2021-11-18,2021-11-19,2021-11-23,2021-11-24,,2021-11-26,2021-11-25,2021-12-20,,,,,
69773,30641,28288,8,Typesetter Check,Research Article,Sandhiya Raghuraman,1,1,,0,2021-12-12,2021-12-13,2021-12-19,2021-12-20,,,2021-12-23,,,,,,
69786,33948,28719,34,Typesetter Review,Research Article,Sandhiya Raghuraman,7,3,,0,2021-11-04,2021-11-05,2021-11-13,2021-11-13,,2021-11-22,2021-11-19,2021-12-16,2021-12-21,,Author,Good,It is a little glitchy (laggy software) and logs off frequently for security reasons but overall it is ok. But would love to learn how to be a better pro user. Also little things like the boilerplate for how additional files are linked to a figure- there is a statement at the end of each figure legend which says 'The online version of this article includes the following source data and figure supplement(s) for figure X:' but I can't see it in the document we edit. Can that be changed to 'for Figure X' since that is how they are referred to throughout the manuscript? 
69843,28782,26084,27,Publisher Review,Research Article,unassigned,2,0,1,2,2021-11-15,2021-11-16,2021-11-16,2021-11-17,,2021-11-22,2021-11-21,2021-12-10,2021-12-16,2021-12-20,Author,Great,
70017,27229,23600,20,Waiting for Assets,Research Article,Exeter,3,0,,0,2021-11-25,2021-11-25,2021-11-30,2021-11-30,,2021-12-07,2021-12-06,,,,,,
70062,11447,10646,23,Typesetter Review,Short Report,unassigned,,0,,0,2021-11-19,2021-11-22,2021-11-23,2021-11-24,,2021-11-26,2021-11-25,2021-12-14,2021-12-16,2021-12-22,Author,Good,
70151,18156,13800,4,Typesetter Check,Research Article,Priyanka Balan,,0,,0,2021-12-17,2021-12-17,2021-12-17,2021-12-20,,,2021-12-21,,,,,,
70188,25299,22050,13,Typesetter Review,Research Article,Ranjithkumar Murugan,,0,,0,2021-12-02,2021-12-06,2021-12-07,2021-12-07,,,2021-12-10,2021-12-20,2021-12-13,2021-12-15,Jean-Philippe Pin,Good,"Three main changes have to be performed according to the PDF submitted during the submission of the revised version in November: 1) in the author list (page 1), the order of the two last authors should be changed : Jianfeng Liu, Philippe Rondard should be replaced by Philippe Rondard, Jianfeng Liu; 2) Add Xavier Rovira as a co-corresponding author (Email: xavier.rovira@cid.csic.es); 3) Remove Xavier Rovira as a co-first author (These authors contributed equally to this work)."
70271,554,554,1,Pre-editing,Tools and Resources,Shanmugapriya Janarthanam,,0,,0,2021-12-21,2021-12-22,2021-12-22,,,,,,,,,,
70294,18692,15823,21,Waiting for Assets,Research Article,Exeter,8,5,2,0,2021-11-24,2021-11-24,2021-12-06,2021-12-07,2021-12-15,2021-12-20,2021-12-13,,,,,,
70341,23405,19943,8,Waiting for Assets,Tools and Resources,Exeter,,0,,0,2021-12-10,2021-12-13,2021-12-13,2021-12-15,,2021-12-21,2021-12-20,,,,,,
70393,26797,26797,2,Pre-editing,Research Article,Sandhiya Raghuraman,1,0,,0,2021-12-20,2021-12-21,2021-12-22,,,,,,,,,,
70464,21143,19356,3,Copyediting,Research Article,Deepa,1,0,,0,2021-12-16,2021-12-20,2021-12-22,2021-12-23,,,,,,,,,
70600,19328,18095,12,Waiting for Assets,Research Article,Exeter,,0,,0,2021-12-02,2021-12-07,2021-12-07,2021-12-08,,2021-12-09,2021-12-09,,,,,,
70685,27753,24671,14,Typesetter Review,Research Article,unassigned,,0,,0,2021-12-02,2021-12-03,2021-12-14,2021-12-14,,,2021-12-20,2021-12-21,2021-12-22,,,,
70734,12387,11152,22,Typesetter Review,Research Article,unassigned,,0,,0,2021-11-21,2021-11-23,2021-11-29,2021-11-29,,,2021-12-02,2021-12-02,2021-12-11,2021-12-13,Majid Jaberi-Douraki,Good,
70779,23069,19125,28,Author Review,Research Article,Author,7,7,,0,2021-11-11,2021-11-15,2021-11-22,2021-11-22,,,2021-11-25,2021-12-20,2021-12-16,2021-12-16,Miaoxin Li,Good,
70812,27900,24867,8,Waiting for Assets,Research Article,Exeter,5,2,,0,2021-12-10,2021-12-13,2021-12-17,2021-12-18,,2021-12-20,2021-12-20,,,,,,
70833,18156,16290,13,Author Review,Research Article,Ella Preger-Ben Noon,3,0,,0,2021-12-03,2021-12-06,2021-12-20,2021-12-20,,,2021-12-21,2021-12-22,,,,,
70873,22617,19581,25,Author Review,Research Article,Author,1,6,,0,2021-11-11,2021-11-18,2021-11-26,2021-11-26,,2021-12-01,2021-11-30,2021-12-15,,,,,
70905,27914,24473,24,Publisher Review,Research Article,unassigned,1,0,,0,2021-11-18,2021-11-19,2021-11-19,2021-11-22,,,2021-11-24,2021-12-21,2021-12-07,2021-12-08,Jonathan Gilley,Poor,Please note that the proofing is not approved but I am returning control so that a number of issues can be resolved before final proof checks can be made.
70907,17765,17765,6,Pre-editing,Research Article,Sharmila Gunasekaran,1,0,,0,2021-12-13,2021-12-15,2021-12-17,,,,,,,,,,
70925,12829,11466,3,Waiting for Assets,Research Article,Exeter,,0,,0,2021-12-11,2021-12-20,2021-12-20,2021-12-21,,2021-12-22,2021-12-22,,,,,,
70970,22997,21971,24,Typesetter Review,Research Article,Gowtham Ram R,4,8,1,1,2021-11-18,2021-11-19,2021-11-30,2021-11-30,,,2021-12-03,2021-12-03,2021-12-15,2021-12-15,Matthew Hall,Good,
70977,22295,20185,18,Final Deliverables,Research Article,unassigned,3,2,,0,2021-11-26,2021-11-29,2021-12-02,2021-12-02,,,2021-12-10,2021-12-21,2021-12-13,2021-12-18,Yelena Y Bernadskaya,Good,
71171,30813,27360,27,Author Revision,Research Article,Author,7,2,,0,2021-11-15,2021-11-16,2021-11-23,2021-11-23,,,2021-11-26,2021-12-21,2021-12-07,2021-12-08,,,
71185,19770,16891,10,Typesetter Review,Research Article,Jincy Joyen,3,2,,0,2021-12-07,2021-12-09,2021-12-10,2021-12-10,,,2021-12-16,2021-12-16,2021-12-22,,Saravanan Kolandaivelu,Great,"Thank you for the proffing. Please let us know if you have any questions regarding our previous mail, please let us know. Sincerely,Saravanan"
71263,28304,28304,8,Pre-editing,Research Article,Muthukumar Balachandran,,0,,0,2021-12-10,2021-12-13,2021-12-22,,,,,,,,,,
71359,17977,16311,7,Copyediting,Research Article,Deepa,4,4,,0,2021-12-10,2021-12-14,2021-12-22,2021-12-22,,,,,,,,,
71361,17172,16010,3,Copyediting,Research Article,Deepa,,0,,0,2021-12-18,2021-12-20,2021-12-20,2021-12-22,,,,,,,,,
71503,16013,10215,15,Waiting for Assets,Research Article,Exeter,3,5,,0,2021-12-01,2021-12-02,2021-12-10,2021-12-13,,2021-12-17,2021-12-15,,,,,,
71526,20232,17690,6,Typesetter Review,Research Article,unassigned,,0,,0,2021-12-13,2021-12-15,2021-12-16,2021-12-17,,,2021-12-18,2021-12-20,2021-12-22,,Yasuo Yamazaki,Great,
71572,28202,23426,19,Author Review,Research Article,Eva Wolf,7,15,,0,2021-11-24,2021-11-26,2021-12-14,2021-12-14,,,2021-12-22,2021-12-22,,,,,
71612,532,532,1,Pre-editing,Research Article,Muthukumar Balachandran,,0,,0,2021-12-14,2021-12-22,2021-12-22,,,,,,,,,,
71689,19107,16685,4,Typesetter Check,Research Article,Priyanka Balan,,0,,0,2021-12-16,2021-12-17,2021-12-17,2021-12-20,,,2021-12-21,,,,,,
71769,21427,19442,8,Typesetter Review,Research Article,unassigned,,0,,0,2021-12-10,2021-12-13,2021-12-15,2021-12-15,,,2021-12-16,2021-12-17,2021-12-20,2021-12-20,Yoontae Lee,Good,
71801,25759,22045,15,Typesetter Review,Research Article,Sandhiya Raghuraman,1,6,,0,2021-12-01,2021-12-02,2021-12-02,2021-12-06,,,2021-12-07,2021-12-08,2021-12-22,,,,
71825,543,543,1,Pre-editing,Research Article,Shanmugapriya Janarthanam,,0,,0,2021-12-21,2021-12-22,2021-12-22,,,,,,,,,,
71858,33819,29886,5,Author Review,Research Article,Mathias F Wernet,3,0,,0,2021-12-15,2021-12-16,2021-12-17,2021-12-18,,,2021-12-22,2021-12-22,,,,,
71895,3176,3176,3,Pre-editing,Research Article,Shanmugapriya Janarthanam,,0,,0,2021-12-18,2021-12-20,2021-12-20,,,,,,,,,,
71900,33606,26859,26,Typesetter Review,Research Article,Priyanka Balan,5,4,,0,2021-11-16,2021-11-17,2021-11-24,2021-11-24,,2021-11-29,2021-11-28,2021-12-16,2021-12-20,,,,
71968,19736,18690,39,Typesetter Review,Research Article,unassigned,,0,,0,2021-10-26,2021-10-29,2021-11-22,2021-11-22,,,2021-12-02,2021-12-22,2021-12-15,2021-12-16,,,
71978,17579,16182,10,Publisher Review,Research Article,unassigned,5,4,,0,2021-12-06,2021-12-09,2021-12-14,2021-12-15,,,2021-12-21,2021-12-21,2021-12-21,2021-12-21,Pedro Escoll,Good,
71981,23540,19736,17,Hold,Research Article,James Gilbert,2,0,,0,2021-11-29,2021-11-30,2021-12-01,2021-12-01,,,2021-12-03,2021-12-06,2021-12-07,2021-12-07,,,
72072,26459,23982,13,Author Review,Research Article,Marco Todesco,11,8,,0,2021-11-28,2021-12-06,2021-12-15,2021-12-16,,,2021-12-22,2021-12-22,,,,,
72082,634,634,1,Pre-editing,Research Article,Sanchana Elumalai,,0,,0,2021-12-21,2021-12-22,2021-12-22,,,,,,,,,,
72132,32746,28133,38,Final Deliverables,Research Article,Balakrishnan Esakimuthu,25,29,,0,2021-10-26,2021-11-01,2021-11-08,2021-11-08,,,2021-11-11,2021-11-11,2021-11-16,2021-11-16,,,
72375,22211,18942,58,Typesetter Review,Research Article,Gowtham Ram R,11,11,1,23,2021-09-25,2021-10-04,2021-10-04,2021-10-04,,2021-10-11,2021-10-11,2021-11-05,2021-10-29,2021-11-01,,,
72377,16345,13744,60,Hold,Research Article,Editorial Office,7,15,1,30,2021-09-25,2021-09-30,2021-10-01,2021-10-01,,,2021-10-04,2021-11-01,2021-10-26,2021-10-26,Laura Arribas-Hernández,Poor,"The article was full of errors generated during editing, mainly style errors in legends (produced by not checking the style after copy+pasting from a pdf file) and references (we had to correct the style in about 2 out of 3 references, and one reference was incorrectly linked). Calls to supplemental figures were also wrong, and there were other mistakes scattered elsewhere.Generation of the pdf is extremely slow, and for the figures I could only generate it once after a lot of attempts, because it gave an error after waiting for several minutes all the other times. The generated .pdf of the main text often looked wrong and I had to exit the system and re-login to regenerate it again (with all the waiting every time), until it finally matched the corrections. As an example of that problem: the author contributions still look wrong in the generated pdf, not matching the options clicked on the system. Finally, the article title under Article summary in this window also looks wrong. Having to correct so many mistakes, and seeing things automatically generated look wrong (like references, the .pdf and the title in this window), give a lot of extra work and a very uneasy feeling about the quality of the final product."
72430,12113,10399,3,Copyediting,Short Report,Imraan,2,0,,0,2021-12-19,2021-12-20,2021-12-22,2021-12-22,,,,,,,,,
72452,19572,19572,1,Pre-editing,Research Article,Sanchana Elumalai,,0,,0,2021-12-21,2021-12-22,2021-12-22,,,,,,,,,,
72565,27484,25912,22,Author Review,Research Article,Jaan Männik,10,9,,0,2021-11-21,2021-11-23,2021-12-15,2021-12-15,,,2021-12-20,2021-12-20,,,,,
72593,631,631,1,Pre-editing,Research Article,Augustus S,,0,,0,2021-12-21,2021-12-22,2021-12-22,,,,,,,,,,
72629,17751,17751,10,Pre-editing,Research Article,Augustus S,8,11,,0,2021-12-07,2021-12-09,2021-12-22,,,,,,,,,,
72676,19757,16663,16,Waiting for Assets,Research Article,Exeter,1,3,,0,2021-11-30,2021-12-01,2021-12-07,2021-12-07,,2021-12-08,2021-12-08,,,,,,
72730,6399,6399,2,Pre-editing,Research Article,Sharmila Gunasekaran,,0,,0,2021-12-19,2021-12-21,2021-12-21,,,,,,,,,,
72737,18560,17175,7,Typesetter Review,Feature Article,Sandhiya Raghuraman,2,0,,0,2021-11-26,2021-12-14,2021-12-16,,2021-12-16,,2021-12-16,2021-12-17,2021-12-22,,Wout S Lamers,Good,Article summary in Article sign-off repeats title several times. Citing of authorless publications appears problematic as it cites in-text as no surname instead of the title as per standards.
72747,15211,12672,5,Author Review,Research Article,Marie Buysse,,0,,0,2021-12-14,2021-12-16,2021-12-16,2021-12-17,,,2021-12-21,2021-12-22,,,,,
72817,17719,15136,2,Pre-editing,Research Article,unassigned,,0,,0,2021-12-09,2021-12-21,2021-12-23,,,,,,,,,,
72823,15749,13667,13,Author Review,Research Article,Andrea Loreto,3,1,,0,2021-12-05,2021-12-06,2021-12-15,2021-12-15,,,2021-12-17,2021-12-17,,,,,
72930,19884,18773,5,Pre-editing,Research Article,unassigned,,0,,0,2021-12-15,2021-12-16,2021-12-22,,,,,,,,,,
72976,24711,21733,16,Waiting for Assets,Research Article,Exeter,3,4,,0,2021-11-30,2021-12-01,2021-12-07,2021-12-08,,2021-12-16,2021-12-15,,,,,,
73012,13985,11129,12,Waiting for Assets,Research Article,Exeter,1,0,,0,2021-12-06,2021-12-07,2021-12-07,2021-12-08,,2021-12-13,2021-12-13,,,,,,
73020,14285,12474,18,Typesetter Review,Research Article,Jincy Joyen,10,8,,0,2021-11-26,2021-11-29,2021-12-09,2021-12-09,,,2021-12-16,2021-12-16,2021-12-21,2021-12-21,Matthew Simpson,Poor,
73046,23382,20452,10,Waiting for Assets,Research Article,Exeter,1,0,,0,2021-12-08,2021-12-09,2021-12-10,2021-12-13,,2021-12-17,2021-12-14,,,,,,
73077,14041,11568,10,Waiting for Assets,Research Advance,Exeter,8,5,,0,2021-12-08,2021-12-09,2021-12-16,2021-12-16,,2021-12-22,2021-12-21,,,,,,
73137,18493,15554,13,Final Deliverables,Research Article,unassigned,1,0,1,0,2021-12-05,2021-12-06,2021-12-06,2021-12-07,,,2021-12-10,2021-12-10,2021-12-14,2021-12-16,,,
73202,20956,18563,5,Typesetter Check,Research Article,unassigned,,0,,0,2021-12-15,2021-12-16,2021-12-20,2021-12-20,,,2021-12-22,,,,,,
73218,22249,19604,17,Final Deliverables,Research Article,unassigned,4,1,1,0,2021-11-19,2021-11-30,2021-12-03,2021-12-03,,,2021-12-07,2021-12-21,2021-12-18,2021-12-20,,,
73250,21528,18939,13,Waiting for Assets,Research Article,Exeter,7,4,,0,2021-12-06,2021-12-06,2021-12-17,2021-12-17,,2021-12-21,2021-12-20,,,,,,
73336,21537,18389,6,Typesetter Check,Research Article,Ranjithkumar Murugan,,0,,0,2021-12-13,2021-12-15,2021-12-20,2021-12-20,,,2021-12-22,,,,,,
73359,13995,12324,15,Typesetter Review,Research Article,unassigned,,0,,0,2021-12-01,2021-12-02,2021-12-03,2021-12-03,,,2021-12-08,2021-12-08,2021-12-16,2021-12-20,Timothy A Springer,Neutral,"Some changes were very hard to make. Required a sophisticiated assistant. Two references were gouped together by your process. Kuriyan et al. and the following reference by alphabetic order, Lau et al, were grouped together. Both Kuriyan in text and Lau in text linked to this combined reference."
73430,19411,16944,28,Typesetter Review,Research Article,Ranjithkumar Murugan,,0,,0,2021-11-14,2021-11-15,2021-11-16,2021-11-16,,,2021-11-17,2021-11-17,2021-11-19,2021-12-02,Timothy M Errington,Neutral,
73456,12321,10670,10,Author Revision,Short Report,unassigned,,0,,0,2021-12-08,2021-12-09,2021-12-09,2021-12-10,,2021-12-13,2021-12-13,2021-12-24,2021-12-17,2021-12-22,,,
73556,8883,7219,2,Author Review,Feature Article,Oskar Staufer,1,0,,0,2021-12-17,2021-12-21,2021-12-21,,2021-12-21,,2021-12-22,2021-12-22,,,,,
73585,36349,33031,39,Typesetter Review,Research Article,unassigned,,0,,0,2021-10-22,2021-10-29,2021-11-29,2021-11-29,,,2021-12-14,2021-12-14,2021-12-23,,Olga K Dudko,Poor,"Given the very large number of corrections in the proof, we will need to do another round of proofreading. In light of the anomalous delay already incurred, I request that our proof gets immediate attention of your team. Thank you. "
73601,18683,17028,5,Typesetter Check,Research Article,Sandhiya Raghuraman,1,0,,0,2021-12-14,2021-12-16,2021-12-21,2021-12-21,,,2021-12-22,,,,,,
73641,17239,14449,3,Typesetter Check,Research Article,Sanchana Elumalai,,0,,0,2021-12-17,2021-12-20,2021-12-20,2021-12-21,,,2021-12-22,,,,,,
73724,33289,29555,22,Typesetter Review,Research Article,unassigned,,0,,0,2021-11-22,2021-11-23,2021-11-29,2021-11-30,,,2021-12-02,2021-12-02,2021-12-14,2021-12-14,,,
73783,26666,22341,16,Hold,Research Article,Frederick Atherden,1,0,,0,2021-11-30,2021-12-01,2021-12-01,2021-12-02,,,2021-12-06,2021-12-07,2021-12-09,2021-12-13,Casey M Schneider-Mizell,Good,"The FAIR software citation requirements are well-intentioned, but it was difficult to understand exactly how to handle software that has a github repository, but was under continual development by the team (and thus had no specific version number) and lacked a clear citation."
73808,34946,32854,23,Pre-editing,Research Article,unassigned,,0,,0,2021-11-19,2021-11-22,2021-12-22,,,,,,,,,,
73873,8342,6889,22,Publisher Review,Research Article,unassigned,2,5,,0,2021-11-22,2021-11-23,2021-11-29,2021-11-29,,2021-12-01,2021-12-01,2021-12-20,2021-12-22,2021-12-23,Author,Great,
74153,20862,16888,2,Copyediting,Research Article,Imraan,,0,,0,2021-12-21,2021-12-21,2021-12-21,2021-12-22,,,,,,,,,
74234,12403,11887,10,Copyediting,Research Article,Deepa,5,4,,0,2021-12-08,2021-12-09,2021-12-22,2021-12-23,,,,,,,,,
74268,4221,3505,4,Pre-editing,Scientific Correspondence,Hemamalini Kannappan,,0,,0,2021-11-26,2021-12-17,2021-12-22,,,,,,,,,,
74282,25138,23376,9,Typesetter Review,Research Article,Gowtham Ram R,1,2,,0,2021-12-08,2021-12-10,2021-12-13,2021-12-13,,2021-12-16,2021-12-14,2021-12-22,2021-12-20,2021-12-21,Author,Neutral,There were some issues with the figures...these were noted by the production staff. We hope that we will be able to see the proofs again after they are corrected. Otherwise the program worked very well for us.
74441,19458,17438,11,Hold,Research Article,Kriya Access,4,1,1,2,2021-11-15,2021-12-08,2021-12-10,2021-12-10,,,2021-12-14,2021-12-14,2021-12-17,2021-12-20,,,
74538,23974,21809,10,Author Review,Research Article,Samara L Reck-Peterson,,0,,0,2021-12-08,2021-12-09,2021-12-09,2021-12-15,,,2021-12-19,2021-12-20,,,,,
74950,37638,34084,5,Typesetter Check,Research Article,Gowri Manohar S,,0,,0,2021-12-13,2021-12-16,2021-12-16,2021-12-17,,,2021-12-22,,,,,,
74951,2433,2132,4,Pre-editing,Scientific Correspondence,Muthukumar Balachandran,,0,,0,2021-11-24,2021-12-17,2021-12-22,,,,,,,,,,
75415,20309,18644,8,Typesetter Check,Research Article,unassigned,,0,,0,2021-11-15,2021-12-13,2021-12-16,2021-12-17,,,2021-12-22,,,,,,
75583,15062,12706,3,Copyediting,Research Article,Priya,1,0,,0,2021-12-15,2021-12-20,2021-12-21,2021-12-22,,,,,,,,,
75629,1245,1046,3,Hold,Insight,Naushin Thomson,,0,,0,2021-12-20,2021-12-20,2021-12-20,,2021-12-20,,,2021-12-20,2021-12-22,,James R Monaghan,Great,
75830,1926,1480,19,Publisher Review,Editorial,Frederick Atherden,4,3,,0,2021-11-25,2021-11-26,2021-11-26,,2021-11-26,,,2021-11-26,2021-12-06,2021-12-06,,,
76000,5534,5534,3,Copyediting,Research Article,Imraan,,0,,0,2021-12-02,2021-12-20,2021-12-20,2021-12-22,,,,,,,,,

65528, Not found, Not found, 112, Pre-editing, Tools and resources, Support,,,,, 2021-09-01, 2021-09-02, 2021-09-02, 2021-09-03, , , 2021-09-07, 2021-09-13, , 2021-09-15,,,""
62018, Not found, Not found, 447, Pre-editing, Research article, Sanchana,,,,, 2020-09-22, 2020-10-02, 2020-10-02, 2020-10-05, , , 2020-10-07, 2020-10-13, , 2020-10-15,,,""
3891, Not found, Not found, 387, Pre-editing, Research article, In Query,,,,, 2014-10-29, 2020-12-01, 2020-12-01, , 2020-12-02, , , 2020-12-04, , 2020-12-08,,,""
55390, Not found, Not found, 573, Pre-editing, Research article, Balakrishnan,,,,, 2020-05-28, 2020-05-29, 2020-05-29, 2020-06-01, , , 2020-06-03, 2020-06-09, , 2020-06-11,,,""
70444, Not found, Not found, 85, Pre-editing, Research article, Support,,,,, 2021-09-21, 2021-09-29, 2021-09-29, , 2021-09-30, , , 2021-10-04, , 2021-10-06,,,""
37925, 15607, 10343, 1157, Post Author Validation, Research article, Balakrishnan,,,,, 2018-10-22, 2018-10-23, 2018-10-23, 2018-10-24, 2018-10-25, 2018-10-29, 2018-10-26, 2018-11-08, 2021-04-12, 2021-04-12,,,""
59613, Not found, Not found, 66, Pre-editing, Research article, Balakrishnan,,,,, 2021-09-19, 2021-10-18, 2021-10-18, , 2021-10-19, , , 2021-10-21, , 2021-10-25,,,""
62084, 29204, 19518, 224, Author Review, Research article, Author,,,,, 2021-05-12, 2021-05-13, 2021-05-13, 2021-05-17, , 2021-05-20, 2021-05-18, 2021-05-20, , 2021-05-26,,,""
70557, Not found, Not found, 85, Pre-editing, Short report, Support,,,,, 2021-09-22, 2021-09-29, 2021-09-29, 2021-09-30, , , 2021-10-04, 2021-10-08, , 2021-10-12,,,""
70372, Not found, Not found, 106, Pre-editing, Research article, Support,,,,, 2021-09-01, 2021-09-08, 2021-09-08, 2021-09-09, , , 2021-09-13, 2021-09-17, , 2021-09-21,,,""
65217, Not found, Not found, 104, Pre-editing, Research article, Support,,,,, 2021-09-09, 2021-09-10, 2021-09-10, 2021-09-13, , , 2021-09-15, 2021-09-21, , 2021-09-23,,,""
70514, Not found, Not found, 106, Pre-editing, Research article, Support,,,,, 2021-09-07, 2021-09-08, 2021-09-08, 2021-09-09, , , 2021-09-13, 2021-09-17, , 2021-09-21,,,""
69207, Not found, Not found, 104, Pre-editing, Research article, Support,,,,, 2021-09-09, 2021-09-10, 2021-09-10, 2021-09-13, , , 2021-09-15, 2021-09-21, , 2021-09-23,,,""
65099, Not found, Not found, 149, Pre-editing, Short report, Balakrishnan,,,,, 2021-07-26, 2021-07-27, 2021-07-27, 2021-07-28, , , 2021-07-30, 2021-08-05, , 2021-08-09,,,""
66643, Not found, Not found, 149, Pre-editing, Short report, Sandhiya,,,,, 2021-07-26, 2021-07-27, 2021-07-27, 2021-07-28, , , 2021-07-30, 2021-08-05, , 2021-08-09,,,""
72286, Not found, Not found, 106, Pre-editing, Research article, Support,,,,, 2021-09-07, 2021-09-08, 2021-09-08, , 2021-09-09, , , 2021-09-13, , 2021-09-15,,,""
72104, Not found, Not found, 99, Pre-editing, Review Article, Support,,,,, 2021-09-14, 2021-09-15, 2021-09-15, , 2021-09-16, , , 2021-09-20, , 2021-09-22,,,""
70092, Not found, Not found, 85, Pre-editing, Tools and resources, Support,,,,, 2021-09-29, 2021-09-29, 2021-09-29, , 2021-09-30, , , 2021-10-04, , 2021-10-06,,,""
66393, Not found, Not found, 132, Pre-editing, Tools and resources, Sandhiya,,,,, 2021-08-10, 2021-08-13, 2021-08-13, 2021-08-16, , , 2021-08-18, 2021-08-24, , 2021-08-26,,,""
65085, Not found, Not found, 139, Pre-editing, Research article, Shanmugapriya,,,,, 2021-08-04, 2021-08-06, 2021-08-06, 2021-08-09, , , 2021-08-11, 2021-08-17, , 2021-08-19,,,""
69719, Not found, Not found, 136, Pre-editing, Research article, eLife,,,,, 2021-08-07, 2021-08-09, 2021-08-09, 2021-08-10, , , 2021-08-12, 2021-08-18, , 2021-08-20,,,""
65759, Not found, Not found, 85, Pre-editing, Research article, Support,,,,, 2021-09-28, 2021-09-29, 2021-09-29, , 2021-09-30, , , 2021-10-04, , 2021-10-06,,,""
69298, Not found, Not found, 85, Pre-editing, Research article, Support,,,,, 2021-09-26, 2021-09-29, 2021-09-29, , 2021-09-30, , , 2021-10-04, , 2021-10-06,,,""
68371, Not found, Not found, 133, Pre-editing, Research article, Shanmugapriya,,,,, 2021-08-10, 2021-08-12, 2021-08-12, , 2021-08-13, , , 2021-08-17, , 2021-08-19,,,""
70692, Not found, Not found, 101, Pre-editing, Research article, Support,,,,, 2021-09-10, 2021-09-13, 2021-09-13, , 2021-09-14, , , 2021-09-16, , 2021-09-20,,,""
67029, Not found, Not found, 122, Pre-editing, Research article, chandru,,,,, 2021-07-31, 2021-08-23, 2021-08-23, 2021-08-24, , , 2021-08-26, 2021-09-01, , 2021-09-03,,,""
66417, Not found, Not found, 132, Pre-editing, Tools and resources, Exeter,,,,, 2021-08-11, 2021-08-13, 2021-08-13, 2021-08-16, , , 2021-08-18, 2021-08-24, , 2021-08-26,,,""
66862, Not found, Not found, 87, Pre-editing, Research article, Support,,,,, 2021-09-24, 2021-09-27, 2021-09-27, 2021-09-28, , , 2021-09-30, 2021-10-06, , 2021-10-08,,,""
61660, Not found, Not found, 87, Pre-editing, Research article, Support,,,,, 2021-09-22, 2021-09-27, 2021-09-27, , 2021-09-28, , , 2021-09-30, , 2021-10-04,,,""
65304, Not found, Not found, 127, Pre-editing, Research article, Sanchana,,,,, 2021-07-27, 2021-08-18, 2021-08-18, 2021-08-19, , , 2021-08-23, 2021-08-27, , 2021-08-31,,,""
69994, Not found, Not found, 126, Pre-editing, Research article, Sandhiya,,,,, 2021-08-17, 2021-08-19, 2021-08-19, 2021-08-20, , , 2021-08-24, 2021-08-30, , 2021-09-01,,,""
70272, Not found, Not found, 126, Pre-editing, Research article, Shanmugapriya,,,,, 2021-08-15, 2021-08-19, 2021-08-19, 2021-08-20, , , 2021-08-24, 2021-08-30, , 2021-09-01,,,""
70458, Not found, Not found, 126, Pre-editing, Research advance, eLife,,,,, 2021-08-17, 2021-08-19, 2021-08-19, , 2021-08-20, , , 2021-08-24, , 2021-08-26,,,""
71983, Not found, Not found, 66, Pre-editing, Research advance, Balakrishnan,,,,, 2021-10-15, 2021-10-18, 2021-10-18, , 2021-10-19, , , 2021-10-21, , 2021-10-25,,,""
70934, Not found, Not found, 72, Pre-editing, Research article, Gowtham,,,,, 2021-09-30, 2021-10-12, 2021-10-12, 2021-10-13, , , 2021-10-15, 2021-10-21, , 2021-10-25,,,""
72943, Not found, Not found, 105, Pre-editing, Research article, Support,,,,, 2021-08-25, 2021-09-09, 2021-09-09, , 2021-09-10, , , 2021-09-14, , 2021-09-16,,,""
68795, Not found, Not found, 85, Pre-editing, Review Article, Support,,,,, 2021-09-28, 2021-09-29, 2021-09-29, , 2021-09-30, , , 2021-10-04, , 2021-10-06,,,""
71401, Not found, Not found, 86, Pre-editing, Research article, Support,,,,, 2021-09-27, 2021-09-28, 2021-09-28, , 2021-09-29, , , 2021-10-01, , 2021-10-05,,,""
66400, Not found, Not found, 104, Pre-editing, Research article, Support,,,,, 2021-09-09, 2021-09-10, 2021-09-10, 2021-09-13, , , 2021-09-15, 2021-09-21, , 2021-09-23,,,""
70676, Not found, Not found, 119, Pre-editing, Research advance, eLife,,,,, 2021-08-24, 2021-08-26, 2021-08-26, , 2021-08-27, , , 2021-08-31, , 2021-09-02,,,""
70253, Not found, Not found, 119, Pre-editing, Research article, chandru,,,,, 2021-08-25, 2021-08-26, 2021-08-26, , 2021-08-27, , , 2021-08-31, , 2021-09-02,,,""
70658, Not found, Not found, 119, Pre-editing, Research article, eLife,,,,, 2021-08-20, 2021-08-26, 2021-08-26, 2021-08-27, , , 2021-08-31, 2021-09-06, , 2021-09-08,,,""
66483, Not found, Not found, 115, Pre-editing, Research article, Shanmugapriya,,,,, 2021-08-25, 2021-08-30, 2021-08-30, 2021-08-31, , , 2021-09-02, 2021-09-08, , 2021-09-10,,,""
57090, Not found, Not found, 111, Pre-editing, Research article, Support,,,,, 2021-09-02, 2021-09-03, 2021-09-03, 2021-09-06, , , 2021-09-08, 2021-09-14, , 2021-09-16,,,""
60389, Not found, Not found, 108, Pre-editing, Research advance, Shanmugapriya,,,,, 2021-09-04, 2021-09-06, 2021-09-06, 2021-09-07, , , 2021-09-09, 2021-09-15, , 2021-09-17,,,""
64175, Not found, Not found, 72, Pre-editing, Research article, Support,,,,, 2021-10-11, 2021-10-12, 2021-10-12, , 2021-10-13, , , 2021-10-15, , 2021-10-19,,,""
63181, Not found, Not found, 65, Pre-editing, Research article, Balakrishnan,,,,, 2021-10-17, 2021-10-19, 2021-10-19, 2021-10-20, , , 2021-10-22, 2021-10-28, , 2021-11-01,,,""
71642, Not found, Not found, 113, Pre-editing, Research article, Exeter,,,,, 2021-08-31, 2021-09-01, 2021-09-01, , 2021-09-02, , , 2021-09-06, , 2021-09-08,,,""
68578, Not found, Not found, 113, Pre-editing, Research article, Exeter,,,,, 2021-08-31, 2021-09-01, 2021-09-01, , 2021-09-02, , , 2021-09-06, , 2021-09-08,,,""
67358, Not found, Not found, 113, Pre-editing, Research article, Exeter,,,,, 2021-08-31, 2021-09-01, 2021-09-01, , 2021-09-02, , , 2021-09-06, , 2021-09-08,,,""
68457, Not found, Not found, 101, Pre-editing, Tools and resources, Support,,,,, 2021-09-12, 2021-09-13, 2021-09-13, 2021-09-14, , , 2021-09-16, 2021-09-22, , 2021-09-24,,,""
63250, Not found, Not found, 87, Pre-editing, Research article, Support,,,,, 2021-09-24, 2021-09-27, 2021-09-27, , 2021-09-28, , , 2021-09-30, , 2021-10-04,,,""
66709, Not found, Not found, 87, Pre-editing, Research article, Support,,,,, 2021-09-10, 2021-09-27, 2021-09-27, , 2021-09-28, , , 2021-09-30, , 2021-10-04,,,""
66547, Not found, Not found, 111, Pre-editing, Research article, Support,,,,, 2021-09-02, 2021-09-03, 2021-09-03, , 2021-09-06, , , 2021-09-08, , 2021-09-10,,,""
66635, Not found, Not found, 111, Pre-editing, Research article, Support,,,,, 2021-09-03, 2021-09-03, 2021-09-03, , 2021-09-06, , , 2021-09-08, , 2021-09-10,,,""
67527, 15832, 9639, 115, Publisher Check, Feature Article, Naushin,,,,, 2021-08-27, 2021-08-30, 2021-08-30, , 2021-09-03, , 2021-09-03, 2021-09-03, , 2021-09-06,,,""
71351, Not found, Not found, 85, Pre-editing, Research article, Support,,,,, 2021-09-28, 2021-09-29, 2021-09-29, , 2021-09-30, , , 2021-10-04, , 2021-10-06,,,""
69687, Not found, Not found, 106, Pre-editing, Tools and resources, Support,,,,, 2021-09-07, 2021-09-08, 2021-09-08, 2021-09-09, , , 2021-09-13, 2021-09-17, , 2021-09-21,,,""
67605, Not found, Not found, 108, Pre-editing, Research article, Exeter,,,,, 2021-09-03, 2021-09-06, 2021-09-06, 2021-09-07, , , 2021-09-09, 2021-09-15, , 2021-09-17,,,""
68803, Not found, Not found, 87, Pre-editing, Tools and resources, Support,,,,, 2021-09-24, 2021-09-27, 2021-09-27, , 2021-09-28, , , 2021-09-30, , 2021-10-04,,,""
67535, Not found, Not found, 101, Pre-editing, Research article, Support,,,,, 2021-09-12, 2021-09-13, 2021-09-13, , 2021-09-14, , , 2021-09-16, , 2021-09-20,,,""
69375, Not found, Not found, 87, Pre-editing, Research article, Support,,,,, 2021-09-24, 2021-09-27, 2021-09-27, 2021-09-28, , , 2021-09-30, 2021-10-06, , 2021-10-08,,,""
67777, Not found, Not found, 107, Pre-editing, Research article, Support,,,,, 2021-09-06, 2021-09-07, 2021-09-07, 2021-09-08, , , 2021-09-10, 2021-09-16, , 2021-09-20,,,""
70067, Not found, Not found, 107, Pre-editing, Research article, Support,,,,, 2021-09-06, 2021-09-07, 2021-09-07, 2021-09-08, , , 2021-09-10, 2021-09-16, , 2021-09-20,,,""
69148, Not found, Not found, 106, Pre-editing, Research article, Support,,,,, 2021-09-06, 2021-09-08, 2021-09-08, 2021-09-09, , , 2021-09-13, 2021-09-17, , 2021-09-21,,,""
63372, Not found, Not found, 103, Pre-editing, Research article, Support,,,,, 2021-09-09, 2021-09-11, 2021-09-11, 2021-09-13, , , 2021-09-15, 2021-09-21, , 2021-09-23,,,""
71335, Not found, Not found, 103, Pre-editing, Research article, Support,,,,, 2021-09-08, 2021-09-11, 2021-09-11, , 2021-09-13, , , 2021-09-15, , 2021-09-17,,,""
71557, Not found, Not found, 103, Pre-editing, Research article, Support,,,,, 2021-09-08, 2021-09-11, 2021-09-11, , 2021-09-13, , , 2021-09-15, , 2021-09-17,,,""
67345, Not found, Not found, 103, Pre-editing, Review Article, Support,,,,, 2021-09-09, 2021-09-11, 2021-09-11, , 2021-09-13, , , 2021-09-15, , 2021-09-17,,,""
69647, Not found, Not found, 103, Pre-editing, Research article, Support,,,,, 2021-09-09, 2021-09-11, 2021-09-11, , 2021-09-13, , , 2021-09-15, , 2021-09-17,,,""
65151, Not found, Not found, 103, Pre-editing, Tools and resources, Support,,,,, 2021-09-07, 2021-09-11, 2021-09-11, , 2021-09-13, , , 2021-09-15, , 2021-09-17,,,""
68479, Not found, Not found, 103, Pre-editing, Tools and resources, Support,,,,, 2021-09-08, 2021-09-11, 2021-09-11, 2021-09-13, , , 2021-09-15, 2021-09-21, , 2021-09-23,,,""
66406, Not found, Not found, 103, Pre-editing, Research article, Support,,,,, 2021-09-08, 2021-09-11, 2021-09-11, , 2021-09-13, , , 2021-09-15, , 2021-09-17,,,""
67289, Not found, Not found, 103, Pre-editing, Research article, Support,,,,, 2021-09-08, 2021-09-11, 2021-09-11, , 2021-09-13, , , 2021-09-15, , 2021-09-17,,,""
68825, Not found, Not found, 101, Pre-editing, Research article, Support,,,,, 2021-09-11, 2021-09-13, 2021-09-13, , 2021-09-14, , , 2021-09-16, , 2021-09-20,,,""
69184, Not found, Not found, 101, Pre-editing, Research article, Support,,,,, 2021-09-11, 2021-09-13, 2021-09-13, 2021-09-14, , , 2021-09-16, 2021-09-22, , 2021-09-24,,,""
67964, Not found, Not found, 101, Pre-editing, Research article, Support,,,,, 2021-09-10, 2021-09-13, 2021-09-13, 2021-09-14, , , 2021-09-16, 2021-09-22, , 2021-09-24,,,""
71069, Not found, Not found, 87, Pre-editing, Tools and resources, Support,,,,, 2021-09-27, 2021-09-27, 2021-09-27, , 2021-09-28, , , 2021-09-30, , 2021-10-04,,,""
71076, Not found, Not found, 101, Pre-editing, Research article, Support,,,,, 2021-09-10, 2021-09-13, 2021-09-13, , 2021-09-14, , , 2021-09-16, , 2021-09-20,,,""
64988, Not found, Not found, 99, Pre-editing, Research article, Support,,,,, 2021-09-14, 2021-09-15, 2021-09-15, , 2021-09-16, , , 2021-09-20, , 2021-09-22,,,""
67615, Not found, Not found, 99, Pre-editing, Research article, Support,,,,, 2021-09-14, 2021-09-15, 2021-09-15, , 2021-09-16, , , 2021-09-20, , 2021-09-22,,,""
68285, Not found, Not found, 99, Pre-editing, Research article, Support,,,,, 2021-09-14, 2021-09-15, 2021-09-15, 2021-09-16, , , 2021-09-20, 2021-09-24, , 2021-09-28,,,""
69508, Not found, Not found, 99, Pre-editing, Short report, Support,,,,, 2021-09-14, 2021-09-15, 2021-09-15, , 2021-09-16, , , 2021-09-20, , 2021-09-22,,,""
69883, Not found, Not found, 99, Pre-editing, Research article, Support,,,,, 2021-09-14, 2021-09-15, 2021-09-15, , 2021-09-16, , , 2021-09-20, , 2021-09-22,,,""
74005, Not found, Not found, 66, Pre-editing, Research article, Balakrishnan,,,,, 2021-10-15, 2021-10-18, 2021-10-18, , 2021-10-19, , , 2021-10-21, , 2021-10-25,,,""
67316, Not found, Not found, 97, Pre-editing, Research article, Support,,,,, 2021-09-16, 2021-09-17, 2021-09-17, , 2021-09-20, , , 2021-09-22, , 2021-09-24,,,""
66022, Not found, Not found, 97, Pre-editing, Research article, Support,,,,, 2021-09-16, 2021-09-17, 2021-09-17, 2021-09-20, , , 2021-09-22, 2021-09-28, , 2021-09-30,,,""
63119, Not found, Not found, 85, Pre-editing, Research article, Support,,,,, 2021-09-26, 2021-09-29, 2021-09-29, 2021-09-30, , , 2021-10-04, 2021-10-08, , 2021-10-12,,,""
70146, Not found, Not found, 94, Pre-editing, Research advance, Support,,,,, 2021-09-08, 2021-09-20, 2021-09-20, 2021-09-21, , , 2021-09-23, 2021-09-29, , 2021-10-01,,,""
67303, Not found, Not found, 94, Pre-editing, Research article, Support,,,,, 2021-09-09, 2021-09-20, 2021-09-20, 2021-09-21, , , 2021-09-23, 2021-09-29, , 2021-10-01,,,""
68054, Not found, Not found, 94, Pre-editing, Research article, Support,,,,, 2021-09-13, 2021-09-20, 2021-09-20, 2021-09-21, , , 2021-09-23, 2021-09-29, , 2021-10-01,,,""
72463, Not found, Not found, 94, Pre-editing, Research article, Support,,,,, 2021-09-17, 2021-09-20, 2021-09-20, , 2021-09-21, , , 2021-09-23, , 2021-09-27,,,""
66231, Not found, Not found, 94, Pre-editing, Research article, Support,,,,, 2021-09-19, 2021-09-20, 2021-09-20, , 2021-09-21, , , 2021-09-23, , 2021-09-27,,,""
68910, Not found, Not found, 94, Pre-editing, Research article, Support,,,,, 2021-09-20, 2021-09-20, 2021-09-20, 2021-09-21, , , 2021-09-23, 2021-09-29, , 2021-10-01,,,""
68394, Not found, Not found, 93, Pre-editing, Short report, Support,,,,, 2021-09-08, 2021-09-21, 2021-09-21, 2021-09-22, , , 2021-09-24, 2021-09-30, , 2021-10-04,,,""
65996, Not found, Not found, 93, Pre-editing, Research article, Support,,,,, 2021-09-20, 2021-09-21, 2021-09-21, 2021-09-22, , , 2021-09-24, 2021-09-30, , 2021-10-04,,,""
63396, Not found, Not found, 93, Pre-editing, Research article, Support,,,,, 2021-09-20, 2021-09-21, 2021-09-21, 2021-09-22, , , 2021-09-24, 2021-09-30, , 2021-10-04,,,""
70452, Not found, Not found, 93, Pre-editing, Research article, Support,,,,, 2021-09-20, 2021-09-21, 2021-09-21, 2021-09-22, , , 2021-09-24, 2021-09-30, , 2021-10-04,,,""
70870, Not found, Not found, 92, Pre-editing, Research article, Support,,,,, 2021-09-11, 2021-09-22, 2021-09-22, , 2021-09-23, , , 2021-09-27, , 2021-09-29,,,""
71969, Not found, Not found, 86, Pre-editing, Tools and resources, Support,,,,, 2021-09-22, 2021-09-28, 2021-09-28, , 2021-09-29, , , 2021-10-01, , 2021-10-05,,,""
68043, Not found, Not found, 78, Pre-editing, Tools and resources, Support,,,,, 2021-09-29, 2021-10-06, 2021-10-06, 2021-10-07, , , 2021-10-11, 2021-10-15, , 2021-10-19,,,""
72674, Not found, Not found, 85, Pre-editing, Research article, Support,,,,, 2021-09-28, 2021-09-29, 2021-09-29, , 2021-09-30, , , 2021-10-04, , 2021-10-06,,,""
70988, Not found, Not found, 76, Pre-editing, Research article, Support,,,,, 2021-10-07, 2021-10-08, 2021-10-08, , 2021-10-11, , , 2021-10-13, , 2021-10-15,,,""
70710, Not found, Not found, 86, Pre-editing, Research article, Support,,,,, 2021-09-22, 2021-09-28, 2021-09-28, , 2021-09-29, , , 2021-10-01, , 2021-10-05,,,""
71006, Not found, Not found, 91, Pre-editing, Research article, Support,,,,, 2021-09-22, 2021-09-23, 2021-09-23, , 2021-09-24, , , 2021-09-28, , 2021-09-30,,,""
70753, Not found, Not found, 91, Pre-editing, Tools and resources, Support,,,,, 2021-09-23, 2021-09-23, 2021-09-23, , 2021-09-24, , , 2021-09-28, , 2021-09-30,,,""
70931, Not found, Not found, 91, Pre-editing, Research article, Support,,,,, 2021-09-22, 2021-09-23, 2021-09-23, , 2021-09-24, , , 2021-09-28, , 2021-09-30,,,""
68903, Not found, Not found, 91, Pre-editing, Research article, Support,,,,, 2021-09-20, 2021-09-23, 2021-09-23, , 2021-09-24, , , 2021-09-28, , 2021-09-30,,,""
69808, Not found, Not found, 90, Pre-editing, Research article, Support,,,,, 2021-09-22, 2021-09-24, 2021-09-24, , 2021-09-27, , , 2021-09-29, , 2021-10-01,,,""
58313, Not found, Not found, 90, Pre-editing, Research article, Support,,,,, 2021-09-23, 2021-09-24, 2021-09-24, , 2021-09-27, , , 2021-09-29, , 2021-10-01,,,""
65068, Not found, Not found, 87, Pre-editing, Research article, Support,,,,, 2021-09-25, 2021-09-27, 2021-09-27, , 2021-09-28, , , 2021-09-30, , 2021-10-04,,,""
65415, Not found, Not found, 87, Pre-editing, Research article, Support,,,,, 2021-09-24, 2021-09-27, 2021-09-27, 2021-09-28, , , 2021-09-30, 2021-10-06, , 2021-10-08,,,""
66609, Not found, Not found, 85, Pre-editing, Research article, Support,,,,, 2021-09-28, 2021-09-29, 2021-09-29, 2021-09-30, , , 2021-10-04, 2021-10-08, , 2021-10-12,,,""
72328, Not found, Not found, 84, Pre-editing, Research article, Support,,,,, 2021-09-25, 2021-09-30, 2021-09-30, , 2021-10-01, , , 2021-10-05, , 2021-10-07,,,""
74047, Not found, Not found, 84, Pre-editing, Research article, Support,,,,, 2021-09-27, 2021-09-30, 2021-09-30, , 2021-10-01, , , 2021-10-05, , 2021-10-07,,,""
73062, Not found, Not found, 84, Pre-editing, Research article, Support,,,,, 2021-09-28, 2021-09-30, 2021-09-30, , 2021-10-01, , , 2021-10-05, , 2021-10-07,,,""
60682, Not found, Not found, 84, Pre-editing, Research article, Support,,,,, 2021-09-29, 2021-09-30, 2021-09-30, 2021-10-01, , , 2021-10-05, 2021-10-11, , 2021-10-13,,,""
66721, Not found, Not found, 84, Pre-editing, Research article, Support,,,,, 2021-09-29, 2021-09-30, 2021-09-30, , 2021-10-01, , , 2021-10-05, , 2021-10-07,,,""
69749, Not found, Not found, 84, Pre-editing, Research article, Support,,,,, 2021-09-29, 2021-09-30, 2021-09-30, , 2021-10-01, , , 2021-10-05, , 2021-10-07,,,""
70885, Not found, Not found, 84, Pre-editing, Research advance, Support,,,,, 2021-09-29, 2021-09-30, 2021-09-30, 2021-10-01, , , 2021-10-05, 2021-10-11, , 2021-10-13,,,""
71959, Not found, Not found, 84, Pre-editing, Research article, Support,,,,, 2021-09-29, 2021-09-30, 2021-09-30, , 2021-10-01, , , 2021-10-05, , 2021-10-07,,,""
66048, Not found, Not found, 79, Pre-editing, Research article, Support,,,,, 2021-09-28, 2021-10-05, 2021-10-05, 2021-10-06, , , 2021-10-08, 2021-10-14, , 2021-10-18,,,""
63844, Not found, Not found, 77, Pre-editing, Research article, Support,,,,, 2021-10-06, 2021-10-07, 2021-10-07, , 2021-10-08, , , 2021-10-12, , 2021-10-14,,,""
68280, Not found, Not found, 73, Pre-editing, Research article, Support,,,,, 2021-10-07, 2021-10-11, 2021-10-11, 2021-10-12, , , 2021-10-14, 2021-10-20, , 2021-10-22,,,""
72873, Not found, Not found, 83, Pre-editing, Research article, Support,,,,, 2021-09-19, 2021-10-01, 2021-10-01, , 2021-10-04, , , 2021-10-06, , 2021-10-08,,,""
70918, Not found, Not found, 83, Pre-editing, Research article, Support,,,,, 2021-09-29, 2021-10-01, 2021-10-01, , 2021-10-04, , , 2021-10-06, , 2021-10-08,,,""
72289, Not found, Not found, 83, Pre-editing, Research advance, Support,,,,, 2021-09-30, 2021-10-01, 2021-10-01, , 2021-10-04, , , 2021-10-06, , 2021-10-08,,,""
71312, Not found, Not found, 83, Pre-editing, Tools and resources, Support,,,,, 2021-09-30, 2021-10-01, 2021-10-01, , 2021-10-04, , , 2021-10-06, , 2021-10-08,,,""
70349, Not found, Not found, 77, Pre-editing, Research article, Support,,,,, 2021-10-06, 2021-10-07, 2021-10-07, 2021-10-08, , , 2021-10-12, 2021-10-18, , 2021-10-20,,,""
66659, Not found, Not found, 80, Pre-editing, Research article, Support,,,,, 2021-09-25, 2021-10-04, 2021-10-04, 2021-10-05, , , 2021-10-07, 2021-10-13, , 2021-10-15,,,""
64983, Not found, Not found, 80, Pre-editing, Research article, Support,,,,, 2021-09-30, 2021-10-04, 2021-10-04, , 2021-10-05, , , 2021-10-07, , 2021-10-11,,,""
70787, Not found, Not found, 80, Pre-editing, Research article, Support,,,,, 2021-10-01, 2021-10-04, 2021-10-04, 2021-10-05, , , 2021-10-07, 2021-10-13, , 2021-10-15,,,""
66320, Not found, Not found, 80, Pre-editing, Research article, Support,,,,, 2021-10-01, 2021-10-04, 2021-10-04, , 2021-10-05, , , 2021-10-07, , 2021-10-11,,,""
65672, Not found, Not found, 80, Pre-editing, Research article, Support,,,,, 2021-10-01, 2021-10-04, 2021-10-04, , 2021-10-05, , , 2021-10-07, , 2021-10-11,,,""
69479, Not found, Not found, 80, Pre-editing, Tools and resources, Support,,,,, 2021-10-02, 2021-10-04, 2021-10-04, 2021-10-05, , , 2021-10-07, 2021-10-13, , 2021-10-15,,,""
70071, Not found, Not found, 80, Pre-editing, Research article, Support,,,,, 2021-09-07, 2021-10-04, 2021-10-04, 2021-10-05, , , 2021-10-07, 2021-10-13, , 2021-10-15,,,""
73875, Not found, Not found, 79, Pre-editing, Research article, Support,,,,, 2021-09-22, 2021-10-05, 2021-10-05, , 2021-10-06, , , 2021-10-08, , 2021-10-12,,,""
65580, Not found, Not found, 80, Pre-editing, Research article, Support,,,,, 2021-09-30, 2021-10-04, 2021-10-04, , 2021-10-05, , , 2021-10-07, , 2021-10-11,,,""
74213, Not found, Not found, 65, Pre-editing, Research article, Balakrishnan,,,,, 2021-10-09, 2021-10-19, 2021-10-19, , 2021-10-20, , , 2021-10-22, , 2021-10-26,,,""
70090, Not found, Not found, 73, Pre-editing, Research article, Support,,,,, 2021-10-06, 2021-10-11, 2021-10-11, , 2021-10-12, , , 2021-10-14, , 2021-10-18,,,""
69713, Not found, Not found, 79, Pre-editing, Research article, Support,,,,, 2021-09-29, 2021-10-05, 2021-10-05, , 2021-10-06, , , 2021-10-08, , 2021-10-12,,,""
71368, Not found, Not found, 73, Pre-editing, Research article, Support,,,,, 2021-10-08, 2021-10-11, 2021-10-11, , 2021-10-12, , , 2021-10-14, , 2021-10-18,,,""
69314, Not found, Not found, 73, Pre-editing, Research article, Support,,,,, 2021-10-09, 2021-10-11, 2021-10-11, , 2021-10-12, , , 2021-10-14, , 2021-10-18,,,""
72619, Not found, Not found, 78, Pre-editing, Research article, Support,,,,, 2021-10-05, 2021-10-06, 2021-10-06, , 2021-10-07, , , 2021-10-11, , 2021-10-13,,,""
67886, Not found, Not found, 78, Pre-editing, Research advance, Support,,,,, 2021-10-05, 2021-10-06, 2021-10-06, , 2021-10-07, , , 2021-10-11, , 2021-10-13,,,""
69995, Not found, Not found, 78, Pre-editing, Research article, Support,,,,, 2021-10-06, 2021-10-06, 2021-10-06, , 2021-10-07, , , 2021-10-11, , 2021-10-13,,,""
71636, Not found, Not found, 78, Pre-editing, Research article, Support,,,,, 2021-10-06, 2021-10-06, 2021-10-06, , 2021-10-07, , , 2021-10-11, , 2021-10-13,,,""
57462, Not found, Not found, 78, Pre-editing, Research article, Support,,,,, 2021-08-13, 2021-10-06, 2021-10-06, 2021-10-07, , , 2021-10-11, 2021-10-15, , 2021-10-19,,,""
73425, Not found, Not found, 78, Pre-editing, Research article, Support,,,,, 2021-09-27, 2021-10-06, 2021-10-06, , 2021-10-07, , , 2021-10-11, , 2021-10-13,,,""
68164, Not found, Not found, 78, Pre-editing, Research article, Support,,,,, 2021-10-04, 2021-10-06, 2021-10-06, 2021-10-07, , , 2021-10-11, 2021-10-15, , 2021-10-19,,,""
72833, Not found, Not found, 73, Pre-editing, Research article, Support,,,,, 2021-10-08, 2021-10-11, 2021-10-11, , 2021-10-12, , , 2021-10-14, , 2021-10-18,,,""
65456, Not found, Not found, 72, Pre-editing, Research article, Support,,,,, 2021-10-10, 2021-10-12, 2021-10-12, , 2021-10-13, , , 2021-10-15, , 2021-10-19,,,""
68761, Not found, Not found, 73, Pre-editing, Research article, Support,,,,, 2021-10-04, 2021-10-11, 2021-10-11, 2021-10-12, , , 2021-10-14, 2021-10-20, , 2021-10-22,,,""
65954, Not found, Not found, 73, Pre-editing, Research article, Support,,,,, 2021-09-28, 2021-10-11, 2021-10-11, , 2021-10-12, , , 2021-10-14, , 2021-10-18,,,""
70269, Not found, Not found, 73, Pre-editing, Tools and resources, Support,,,,, 2021-10-08, 2021-10-11, 2021-10-11, 2021-10-12, , , 2021-10-14, 2021-10-20, , 2021-10-22,,,""
70471, Not found, Not found, 73, Pre-editing, Research article, Support,,,,, 2021-10-08, 2021-10-11, 2021-10-11, 2021-10-12, , , 2021-10-14, 2021-10-20, , 2021-10-22,,,""
70554, Not found, Not found, 73, Pre-editing, Research article, Support,,,,, 2021-10-08, 2021-10-11, 2021-10-11, , 2021-10-12, , , 2021-10-14, , 2021-10-18,,,""
66276, Not found, Not found, 73, Pre-editing, Research article, Support,,,,, 2021-10-09, 2021-10-11, 2021-10-11, 2021-10-12, , , 2021-10-14, 2021-10-20, , 2021-10-22,,,""
71596, Not found, Not found, 73, Pre-editing, Research article, Support,,,,, 2021-10-10, 2021-10-11, 2021-10-11, , 2021-10-12, , , 2021-10-14, , 2021-10-18,,,""
59811, 23107, 18496, 104, -, Research article, ,,,,, 2021-09-09, 2021-09-10, 2021-09-10, 2021-09-15, 2021-09-13, , , 2021-09-16, 2021-09-24, 2021-12-22,corrado.sandini@unige.ch,NEUTRAL,"None"
70910, Not found, Not found, 73, Pre-editing, Research article, Support,,,,, 2021-10-07, 2021-10-11, 2021-10-11, , 2021-10-12, , , 2021-10-14, , 2021-10-18,,,""
67900, Not found, Not found, 66, Pre-editing, Research advance, Balakrishnan,,,,, 2021-10-17, 2021-10-18, 2021-10-18, 2021-10-19, , , 2021-10-21, 2021-10-27, , 2021-10-29,,,""
70908, Not found, Not found, 66, Pre-editing, Research article, Balakrishnan,,,,, 2021-10-15, 2021-10-18, 2021-10-18, , 2021-10-19, , , 2021-10-21, , 2021-10-25,,,""
66809, Not found, Not found, 66, Pre-editing, Tools and resources, Balakrishnan,,,,, 2021-10-16, 2021-10-18, 2021-10-18, , 2021-10-19, , , 2021-10-21, , 2021-10-25,,,""
72684, Not found, Not found, 64, Pre-editing, Research article, Balakrishnan,,,,, 2021-10-19, 2021-10-20, 2021-10-20, , 2021-10-21, , , 2021-10-25, , 2021-10-27,,,""
67476, Not found, Not found, 66, Pre-editing, Short report, Balakrishnan,,,,, 2021-10-17, 2021-10-18, 2021-10-18, , 2021-10-19, , , 2021-10-21, , 2021-10-25,,,""
70640, Not found, Not found, 65, Pre-editing, Research article, Balakrishnan,,,,, 2021-10-17, 2021-10-19, 2021-10-19, , 2021-10-20, , , 2021-10-22, , 2021-10-26,,,""
71774, Not found, Not found, 65, Pre-editing, Tools and resources, Balakrishnan,,,,, 2021-10-15, 2021-10-19, 2021-10-19, , 2021-10-20, , , 2021-10-22, , 2021-10-26,,,""
73111, Not found, Not found, 65, Pre-editing, Research article, Balakrishnan,,,,, 2021-10-17, 2021-10-19, 2021-10-19, , 2021-10-20, , , 2021-10-22, , 2021-10-26,,,""
68344, 19112, 14283, 133, Post Author Validation, Research article, Sandhiya,,,,, 2021-08-09, 2021-08-12, 2021-08-12, 2021-08-16, , , 2021-08-17, 2021-11-24, 2021-12-16, 2021-12-16,jeffrey.wammes@queensu.ca,GOOD,"None"
69884, 13162, 10313, 59, Post Author Validation, Research article, Sandhiya,,,,, 2021-10-18, 2021-10-25, 2021-10-25, 2021-11-02, , , 2021-10-28, 2021-11-24, 2021-12-22, 2021-12-22,,,""