<?xml version="1.0" encoding="UTF-8"?>
<!DOCTYPE article PUBLIC "-//NLM//DTD JATS (Z39.96) Journal Archiving and Interchange DTD v1.1 20151215//EN" "JATS-archivearticle1.dtd">
<article xmlns:mml="http://www.w3.org/1998/Math/MathML" xmlns:xlink="http://www.w3.org/1999/xlink" article-type="meeting-report" dtd-version="1.1" xml:lang="EN">
<front>
<journal-meta>
<journal-id journal-id-type="nlm-ta">Access Microbiology</journal-id>
<journal-id journal-id-type="hwp">acmi</journal-id>
<journal-id journal-id-type="publisher-id">acmi</journal-id>
<journal-title-group>
<journal-title>Access Microbiology</journal-title>
<abbrev-journal-title abbrev-type="pubmed">acmi</abbrev-journal-title>
</journal-title-group>
<issn pub-type="epub">2516-8290</issn>
<publisher>
<publisher-name>Microbiology Society</publisher-name>
</publisher>
</journal-meta>
<article-meta>
<article-id pub-id-type="publisher-id">acmi.ac2020.po0002</article-id>
<article-id pub-id-type="doi">10.1099/acmi.ac2020.po0002</article-id>
<article-categories>
<subj-group subj-group-type="heading">
<subject>Oral</subject>
<subj-group subj-group-type="heading">
<subject>Abstracts from Annual Conference 2020</subject>
</subj-group>
</subj-group>
</article-categories>
<title-group>
<article-title>Prevalence of Agr phase variants in <italic>Staphylococcus aureus</italic>
</article-title>
<alt-title alt-title-type="recto-page-foot">
<ext-link ext-link-type="uri" xlink:type="simple" xlink:href="http://jmmcr.microbiologyresearch.org">http://jmmcr.microbiologyresearch.org</ext-link>
</alt-title>
</title-group>
<contrib-group>
<contrib contrib-type="author" corresp="yes">
<name>
<surname>Gor</surname>
<given-names>Vishal</given-names>
</name>
<xref ref-type="aff" rid="aff1"/>
<xref ref-type="corresp" rid="cor1">&#x002A;</xref>
</contrib>
<contrib contrib-type="author">
<name>
<surname>Hoshi</surname>
<given-names>Mitsuaki</given-names>
</name>
<xref ref-type="aff" rid="aff2"/>
</contrib>
<contrib contrib-type="author">
<name>
<surname>Takemura</surname>
<given-names>Aya</given-names>
</name>
<xref ref-type="aff" rid="aff1"/>
</contrib>
<contrib contrib-type="author">
<name>
<surname>Higashide</surname>
<given-names>Masato</given-names>
</name>
<xref ref-type="aff" rid="aff2"/>
</contrib>
<contrib contrib-type="author">
<name>
<surname>Romero</surname>
<given-names>Veronica</given-names>
</name>
<xref ref-type="aff" rid="aff1"/>
</contrib>
<contrib contrib-type="author">
<name>
<surname>Ohniwa</surname>
<given-names>Ryosuke</given-names>
</name>
<xref ref-type="aff" rid="aff1"/>
</contrib>
<contrib contrib-type="author">
<name>
<surname>Morikawa</surname>
<given-names>Kazuya</given-names>
</name>
<xref ref-type="aff" rid="aff1"/>
</contrib>
<aff id="aff1">
<institution>The University of Tsukuba</institution>,<addr-line>Tsukuba</addr-line>,<country>Japan</country>
</aff>
<aff id="aff2">
<institution>Kotobiken Medical Laboratories</institution>,<addr-line>Tsukuba</addr-line>,<country>Japan</country>
</aff>
</contrib-group>
<author-notes>
<corresp id="cor1">&#x002A;<bold>Correspondence:</bold>Vishal Gor,<email xlink:href="vsg96@yahoo.com" xlink:type="simple">vsg96@yahoo.com</email>
</corresp>
</author-notes>
<pub-date pub-type="ppub">
<month>7</month>
<year>2020</year>
</pub-date>
<pub-date pub-type="epub">
<day>10</day>
<month>7</month>
<year>2020</year>
</pub-date>
<volume>2</volume>
<issue>7A</issue>
<elocation-id>2</elocation-id>
<permissions>
<copyright-statement>&#x00A9; 2020 The Authors</copyright-statement>
<copyright-year>2020</copyright-year>
<license license-type="open-access" xlink:href="http://creativecommons.org/licenses/by/4.0/">
<license-p>This is an open-access article distributed under the terms of the Creative Commons Attribution License.</license-p>
</license>
</permissions>
<self-uri xlink:href="acmi.ac2020.po0002.pdf" content-type="pdf"/>
<abstract>
<p>
<italic>Staphylococcus aureus</italic> is an important human pathogen whose success is largely attributed to its vast arsenal of virulence factors that facilitate its invasion into, and survival within, the human host. The expression of these virulence factors is controlled by the quorum sensing Accessory Gene Regulator (Agr) system. However, a large proportion of clinical <italic>S. aureus</italic> isolates are consistently found to have a mutationally inactivated Agr system. These mutants have a survival advantage in the host but are considered irreversible mutants. Here we show, for the first time, that a fraction of Agr-negative mutants can revert their Agr activity. By serially passaging Agr negative strains and screening for phenotypic reversion of haemolysis and subsequent sequencing, we identified two mutational events responsible for reversion: a genetic duplication plus inversion event and a poly(A) tract alteration. Additionally, we demonstrate that one clinical Agr-negative MRSA isolate could reproducibly generate Agr-revertant colonies with a poly(A) tract genetic mechanism. We also show that these revertants activate their Agr system upon phagocytosis. To assess the significance of our findings we screened a series of primary clinical isolates, which had undergone minimal handling post-isolation, and successfully identified a fraction which were Agr phase variants. Taken together, we propose a model where some Agr-negative <italic>S. aureus</italic> strains are phase variants who can revert their Agr activity and may act as a cryptic insurance strategy against host-mediated stress.</p>
</abstract>
<custom-meta-group>
<custom-meta>
<meta-name>OpenAccessEmbargo</meta-name>
<meta-value>0</meta-value>
</custom-meta>
</custom-meta-group>
</article-meta>
</front>
</article>