<?xml version="1.0" encoding="UTF-8"?><!DOCTYPE article PUBLIC "-//NLM//DTD JATS (Z39.96) Journal Archiving and Interchange DTD v1.1 20151215//EN" "JATS-archivearticle1.dtd"><article xmlns:mml="http://www.w3.org/1998/Math/MathML" xmlns:xlink="http://www.w3.org/1999/xlink" article-type="meeting-report" dtd-version="1.1" xml:lang="EN"><front><journal-meta><journal-id journal-id-type="nlm-ta">Access Microbiology</journal-id><journal-id journal-id-type="hwp">acmi</journal-id><journal-id journal-id-type="publisher-id">acmi</journal-id><journal-title-group><journal-title>Access Microbiology</journal-title><abbrev-journal-title abbrev-type="pubmed">acmi</abbrev-journal-title></journal-title-group><issn pub-type="epub">2516-8290</issn><publisher><publisher-name>Microbiology Society</publisher-name></publisher></journal-meta><article-meta><article-id pub-id-type="publisher-id">acmi.cc2021.po0067</article-id><article-id pub-id-type="doi">153</article-id><article-categories><subj-group subj-group-type="heading"><subject>Poster Presentation</subject></subj-group><subj-group subj-group-type="heading"><subject>Abstracts from the Candida and Candidiasis Meeting 2021</subject></subj-group></article-categories><title-group><article-title>Recovery of Candida spp. from a denture rat model</article-title><alt-title alt-title-type="recto-page-foot"><ext-link ext-link-type="uri" xlink:type="simple" xlink:href="http://jmmcr.microbiologyresearch.org">http://jmmcr.microbiologyresearch.org</ext-link></alt-title></title-group><contrib-group><contrib contrib-type="author"><name><surname>Tatsuyuji</surname><given-names>Vinicius</given-names></name><xref ref-type="aff" rid="aff2"/><xref ref-type="aff" rid="aff3"/><xref ref-type="aff" rid="aff4"/></contrib><contrib contrib-type="author"><name><surname>del</surname><given-names>Yuliana</given-names></name><xref ref-type="aff" rid="aff1"/><xref ref-type="aff" rid="aff2"/><xref ref-type="aff" rid="aff3"/><xref ref-type="aff" rid="aff4"/></contrib><contrib contrib-type="author"><name><surname>Brandão</surname><given-names>Amanda</given-names></name><xref ref-type="aff" rid="aff1"/><xref ref-type="aff" rid="aff2"/><xref ref-type="aff" rid="aff3"/><xref ref-type="aff" rid="aff4"/></contrib><contrib contrib-type="author"><name><surname>Garcia</surname><given-names>Ewerton</given-names></name><xref ref-type="aff" rid="aff1"/><xref ref-type="aff" rid="aff2"/><xref ref-type="aff" rid="aff3"/><xref ref-type="aff" rid="aff4"/></contrib><aff id="aff1"><institution>São Paulo State University (UNESP)</institution>, <country> School of Dentistry</country></aff><aff id="aff5"><institution>São Paulo State University (UNESP)</institution>, <country> School of Dentistry</country></aff><aff id="aff9"><institution>São Paulo State University (UNESP)</institution>, <country> School of Dentistry</country></aff><aff id="aff13"><institution>São Paulo State University (UNESP)</institution>, <country> School of Dentistry</country></aff></contrib-group><author-notes><corresp id="cor1">&amp;#x002A;<bold>Correspondence:</bold>Ewerton Garcia de Oliveira Mima, <email xlink:href="ewerton.mima@unesp.br" xlink:type="simple">ewerton.mima@unesp.br</email></corresp></author-notes><pub-date pub-type="ppub"><month>7</month><year>2020</year></pub-date><pub-date pub-type="epub"><day>10</day><month>07</month><year>2020</year></pub-date><volume>2</volume><issue>7A</issue><elocation-id>2</elocation-id><permissions><copyright-statement>&amp;#x00A9; 2021 The Authors</copyright-statement><copyright-year>2021</copyright-year><license license-type="open-access" xlink:href="http://creativecommons.org/licenses/by/4.0/"><license-p>This is an open-access article distributed under the terms of the Creative Commons Attribution License.</license-p></license></permissions><self-uri xlink:href="acmi.cc2021.po0067.pdf" content-type="pdf"/><abstract><p>Denture stomatitis is a common infection in denture wearers. This study evaluated the recovery of Candida spp. from the palate of Wistar rats after using an acrylic device with single and mixed-species of Candida spp. After approval of the Ethics Committee, 84 male and female Wistar rats were used. Custom-made acrylic devices were fabricated for each animal and sterilized by microwave irradiation. Single and mixed species biofilms of C. albicans(Ca), C. glabrata(Cg), and C. tropicalis (Ct) were grown on the devices for 48 h at 37°C. Rats were anesthetized and the devices were cemented on the molar teeth (n=5 for each sex and Candida spp.). Rats received a carbohydrate-rich diet. Single and mixed species were inoculated in the oral cavity thrice after three-day intervals. Controls received only dentures without Candida spp. After 4 weeks, the devices were removed, the palates were swabbed, and diluted samples were plated on Agar Sabouraud Dextrose and CHROMAgar Candida for colony counting and presumptive identification, respectively, after 48 h. Data were analyzed by 3way ANOVA (α=5%). There was a significant interaction (p=0.003) between sex and species. For females, all groups recovered significant values (p≤0.027) compared with controls. For males, groups with Ct as single and dual-species showed the lowest values without difference (p≥0.183) with the control. The groups with triple-species showed the highest values but without difference (p≥0.071) with the groups with single and dual-species, except males with Ct. Ct alone showed reduced recovery from palate of male rats.</p></abstract><custom-meta-group><custom-meta><meta-name>OpenAccessEmbargo</meta-name><meta-value>0</meta-value></custom-meta></custom-meta-group></article-meta></front></article>