<?xml version="1.0" encoding="UTF-8"?><!DOCTYPE article PUBLIC "-//NLM//DTD JATS (Z39.96) Journal Archiving and Interchange DTD v1.1 20151215//EN" "JATS-archivearticle1.dtd"><article xmlns:mml="http://www.w3.org/1998/Math/MathML" xmlns:xlink="http://www.w3.org/1999/xlink" article-type="meeting-report" dtd-version="1.1" xml:lang="EN"><front><journal-meta><journal-id journal-id-type="nlm-ta">Access Microbiology</journal-id><journal-id journal-id-type="hwp">acmi</journal-id><journal-id journal-id-type="publisher-id">acmi</journal-id><journal-title-group><journal-title>Access Microbiology</journal-title><abbrev-journal-title abbrev-type="pubmed">acmi</abbrev-journal-title></journal-title-group><issn pub-type="epub">2516-8290</issn><publisher><publisher-name>Microbiology Society</publisher-name></publisher></journal-meta><article-meta><article-id pub-id-type="publisher-id">acmi.cc2021.po0171</article-id><article-id pub-id-type="doi">355</article-id><article-categories><subj-group subj-group-type="heading"><subject>Poster Presentation</subject></subj-group><subj-group subj-group-type="heading"><subject>Abstracts from the Candida and Candidiasis Meeting 2021</subject></subj-group></article-categories><title-group><article-title>Molecular epidemiology of Candida auris in Qatar using whole genome sequence data</article-title><alt-title alt-title-type="recto-page-foot"><ext-link ext-link-type="uri" xlink:type="simple" xlink:href="http://jmmcr.microbiologyresearch.org">http://jmmcr.microbiologyresearch.org</ext-link></alt-title></title-group><contrib-group><contrib contrib-type="author"><name><surname>Salah</surname><given-names>Husam</given-names></name><xref ref-type="aff" rid="aff2"/><xref ref-type="aff" rid="aff3"/><xref ref-type="aff" rid="aff4"/></contrib><contrib contrib-type="author"><name><surname>Sundararaju</surname><given-names>Sathyavathi</given-names></name><xref ref-type="aff" rid="aff1"/><xref ref-type="aff" rid="aff2"/><xref ref-type="aff" rid="aff3"/><xref ref-type="aff" rid="aff4"/></contrib><contrib contrib-type="author"><name><surname>Dalil</surname><given-names>Lamya</given-names></name><xref ref-type="aff" rid="aff1"/><xref ref-type="aff" rid="aff2"/><xref ref-type="aff" rid="aff3"/><xref ref-type="aff" rid="aff4"/></contrib><contrib contrib-type="author"><name><surname>Tang</surname><given-names>Patrick</given-names></name><xref ref-type="aff" rid="aff1"/><xref ref-type="aff" rid="aff2"/><xref ref-type="aff" rid="aff3"/><xref ref-type="aff" rid="aff4"/></contrib><contrib contrib-type="author"><name><surname>Al-Wali</surname><given-names>Walid</given-names></name><xref ref-type="aff" rid="aff1"/><xref ref-type="aff" rid="aff2"/><xref ref-type="aff" rid="aff3"/><xref ref-type="aff" rid="aff4"/></contrib><contrib contrib-type="author"><name><surname>Ben</surname><given-names>Fatma</given-names></name><xref ref-type="aff" rid="aff1"/><xref ref-type="aff" rid="aff2"/><xref ref-type="aff" rid="aff3"/><xref ref-type="aff" rid="aff4"/></contrib><contrib contrib-type="author"><name><surname>(Clement)</surname><given-names>Kin-Ming</given-names></name><xref ref-type="aff" rid="aff1"/><xref ref-type="aff" rid="aff2"/><xref ref-type="aff" rid="aff3"/><xref ref-type="aff" rid="aff4"/></contrib><aff id="aff1"><institution>Hamad Medical Corporation</institution>, <country> Qatar</country></aff><aff id="aff5"><institution>Sidra Medicine</institution>, <country> Qatar</country></aff><aff id="aff9"><institution>Sidra Medicine</institution>, <country> Qatar</country></aff><aff id="aff13"><institution>Sidra Medicine</institution>, <country> Qatar</country></aff><aff id="aff14"><institution>Weill Cornell Medicine-Qatar</institution>, <country> Qatar</country></aff><aff id="aff17"><institution>Hamad Medical Corporation</institution>, <country> Qatar</country></aff><aff id="aff21"><institution>Hamad Medical Corporation</institution>, <country> Qatar</country></aff><aff id="aff22"><institution>Weill Cornell Medicine-Qatar</institution>, <country> Qatar</country></aff><aff id="aff25"><institution>Sidra Medicine</institution>, <country> Qatar</country></aff><aff id="aff26"><institution>Weill Cornell Medicine-Qatar</institution>, <country> Qatar</country></aff></contrib-group><author-notes><corresp id="cor1">&amp;#x002A;<bold>Correspondence:</bold>KM Tsui, <email xlink:href="bhclement@gmail.com" xlink:type="simple">bhclement@gmail.com</email></corresp></author-notes><pub-date pub-type="ppub"><month>7</month><year>2020</year></pub-date><pub-date pub-type="epub"><day>10</day><month>07</month><year>2020</year></pub-date><volume>2</volume><issue>7A</issue><elocation-id>2</elocation-id><permissions><copyright-statement>&amp;#x00A9; 2021 The Authors</copyright-statement><copyright-year>2021</copyright-year><license license-type="open-access" xlink:href="http://creativecommons.org/licenses/by/4.0/"><license-p>This is an open-access article distributed under the terms of the Creative Commons Attribution License.</license-p></license></permissions><self-uri xlink:href="acmi.cc2021.po0171.pdf" content-type="pdf"/><abstract><p>Candida auris is an emerging, multidrug resistant fungal pathogen that has become a public health threat worldwide. Candida auris spreads easily among patients within and between hospitals, and the incidence of infections has increased substantially in the last decade. Multiple C. auris outbreaks have been reported worldwide including India, USA and United Kingdom. Infections and outbreaks caused by C. auris have also been reported in the Middle East region including Kuwait, Oman, Saudi Arabia, and Qatar; however, the origin of these isolates is largely unknown. This study uses whole genome sequencing (WGS) data to determine the epidemiology and the drug resistance mutations from C. auris in Qatar. Forty samples isolated from the patients and the hospital environment were sequenced by Illumina Nextseq. Core genome SNPs revealed that all isolates belonged to the Indian lineage, which could be originated from the expatriate labour from South Asia. The genetic variability among the isolates was low but comprised of more than one genetic cluster. The environmental isolates were identical to the clinical isolates, and the isolates from patients of different hospitals/outbreaks clustered together, suggesting the transmission of C. auris could be linked to infected/colonized patients and the hospital environment. Mutations associated with azole and echinocandin resistance were discussed.</p></abstract><custom-meta-group><custom-meta><meta-name>OpenAccessEmbargo</meta-name><meta-value>0</meta-value></custom-meta></custom-meta-group></article-meta></front></article>