<?xml version="1.0" encoding="UTF-8"?><!DOCTYPE article PUBLIC "-//NLM//DTD JATS (Z39.96) Journal Archiving and Interchange DTD v1.1 20151215//EN" "JATS-archivearticle1.dtd"><article xmlns:mml="http://www.w3.org/1998/Math/MathML" xmlns:xlink="http://www.w3.org/1999/xlink" article-type="meeting-report" dtd-version="1.1" xml:lang="EN"><front><journal-meta><journal-id journal-id-type="nlm-ta">Access Microbiology</journal-id><journal-id journal-id-type="hwp">acmi</journal-id><journal-id journal-id-type="publisher-id">acmi</journal-id><journal-title-group><journal-title>Access Microbiology</journal-title><abbrev-journal-title abbrev-type="pubmed">acmi</abbrev-journal-title></journal-title-group><issn pub-type="epub">2516-8290</issn><publisher><publisher-name>Microbiology Society</publisher-name></publisher></journal-meta><article-meta><article-id pub-id-type="publisher-id">acmi.cc2021.po0079</article-id><article-id pub-id-type="doi">177</article-id><article-categories><subj-group subj-group-type="heading"><subject>Poster Presentation</subject></subj-group><subj-group subj-group-type="heading"><subject>Abstracts from the Candida and Candidiasis Meeting 2021</subject></subj-group></article-categories><title-group><article-title>“Tell me what type of extracellular vesicles you secrete, and I will tell you who you are: yeast or hypha”</article-title><alt-title alt-title-type="recto-page-foot"><ext-link ext-link-type="uri" xlink:type="simple" xlink:href="http://jmmcr.microbiologyresearch.org">http://jmmcr.microbiologyresearch.org</ext-link></alt-title></title-group><contrib-group><contrib contrib-type="author"><name><surname>Martínez-López</surname><given-names>Raquel</given-names></name><xref ref-type="aff" rid="aff2"/><xref ref-type="aff" rid="aff3"/><xref ref-type="aff" rid="aff4"/></contrib><contrib contrib-type="author"><name><surname>Vaz</surname><given-names>Catarina</given-names></name><xref ref-type="aff" rid="aff1"/><xref ref-type="aff" rid="aff2"/><xref ref-type="aff" rid="aff3"/><xref ref-type="aff" rid="aff4"/></contrib><contrib contrib-type="author"><name><surname>Redondo</surname><given-names>Esther</given-names></name><xref ref-type="aff" rid="aff1"/><xref ref-type="aff" rid="aff2"/><xref ref-type="aff" rid="aff3"/><xref ref-type="aff" rid="aff4"/></contrib><contrib contrib-type="author"><name><surname>Calvo</surname><given-names>Guillermo</given-names></name><xref ref-type="aff" rid="aff1"/><xref ref-type="aff" rid="aff2"/><xref ref-type="aff" rid="aff3"/><xref ref-type="aff" rid="aff4"/></contrib><contrib contrib-type="author"><name><surname>Luisa</surname><given-names>María</given-names></name><xref ref-type="aff" rid="aff1"/><xref ref-type="aff" rid="aff2"/><xref ref-type="aff" rid="aff3"/><xref ref-type="aff" rid="aff4"/></contrib><contrib contrib-type="author"><name><surname>Gil</surname><given-names>Concha</given-names></name><xref ref-type="aff" rid="aff1"/><xref ref-type="aff" rid="aff2"/><xref ref-type="aff" rid="aff3"/><xref ref-type="aff" rid="aff4"/></contrib><contrib contrib-type="author"><name><surname>Monteoliva</surname><given-names>Lucía</given-names></name><xref ref-type="aff" rid="aff1"/><xref ref-type="aff" rid="aff2"/><xref ref-type="aff" rid="aff3"/><xref ref-type="aff" rid="aff4"/></contrib><aff id="aff1"><institution>Departament of Microbiology and Parasitology</institution>, <country> Complutense University of Madrid</country></aff><aff id="aff5"><institution>Department of Microbiology and Parasitology</institution>, <country> Complutense University of Madrid</country></aff><aff id="aff9"><institution>Department of Microbiology and Parasitology</institution>, <country> Complutense University of Madrid</country></aff><aff id="aff13"><institution>Department of Microbiology and Parasitology</institution>, <country> Complutense University of Madrid</country></aff><aff id="aff17"><institution>Proteomics Unit</institution>, <country> Complutense University of Madrid</country></aff><aff id="aff21"><institution>Department of Microbiology and Parasitology</institution>, <country> Complutense University of Madrid</country></aff><aff id="aff22"><institution>Proteomics Unit</institution>, <country> Complutense University of Madrid</country></aff><aff id="aff25"><institution>Department of Microbiology and Parasitology</institution>, <country> Complutense University of Madrid</country></aff></contrib-group><author-notes><corresp id="cor1">&amp;#x002A;<bold>Correspondence:</bold>Lucía Monteoliva, <email xlink:href="luciamon@ucm.es" xlink:type="simple">luciamon@ucm.es</email></corresp></author-notes><pub-date pub-type="ppub"><month>7</month><year>2020</year></pub-date><pub-date pub-type="epub"><day>10</day><month>07</month><year>2020</year></pub-date><volume>2</volume><issue>7A</issue><elocation-id>2</elocation-id><permissions><copyright-statement>&amp;#x00A9; 2021 The Authors</copyright-statement><copyright-year>2021</copyright-year><license license-type="open-access" xlink:href="http://creativecommons.org/licenses/by/4.0/"><license-p>This is an open-access article distributed under the terms of the Creative Commons Attribution License.</license-p></license></permissions><self-uri xlink:href="acmi.cc2021.po0079.pdf" content-type="pdf"/><abstract><p>The transition between yeast and hyphal morphologies plays a crucial role in the pathogenicity of Candida albicans. Recent studies have pointed out the great relevance of extracellular vesicles (EVs) secreted by microorganisms in a wide variety of biological processes including interaction with the host. Therefore, the main objective of this work was to compare the EVs secreted by yeast and hyphal forms to shed light on C. albicans-host interaction.</p><p>
EVs were obtained by ultracentrifugation of the culture medium supernatant and analysed by mass spectrometry. They were characterized by transmission electronic microscopy (TEM) and dynamic light scattering (DLS).

DLS and TEM analysis showed that yeast EVs were significantly bigger than hyphal EVs, being most of them in the range between 400 to 500nm while hyphal EVs were ranged mostly around 100-200nm.

Proteomic analysis showed greater protein diversity in hyphal EVs when compared to yeast EVs (up to 1700 different proteins identified versus 300), although less amount of total protein was obtained. Gene Ontology (GO) analysis showed that yeast EVs were enriched in surface proteins while hyphal EVs, although containing also most of these surface proteins, were also significantly and exclusively enriched in proteins involved in protein metabolism (ribosomal proteins, many aminoacid-pathway enzymes and proteasome) and cellular transport. The differences between YEVs and HEVs also prompted a different immune host response, as tested with macrophage cell cultures and human sera from patients with invasive candidiasis.

All these differences point out a possible different biogenesis and roles of EVs secreted by both morphologies.</p></abstract><custom-meta-group><custom-meta><meta-name>OpenAccessEmbargo</meta-name><meta-value>0</meta-value></custom-meta></custom-meta-group></article-meta></front></article>