<?xml version="1.0" encoding="UTF-8"?><!DOCTYPE article PUBLIC "-//NLM//DTD JATS (Z39.96) Journal Archiving and Interchange DTD v1.1 20151215//EN" "JATS-archivearticle1.dtd"><article xmlns:mml="http://www.w3.org/1998/Math/MathML" xmlns:xlink="http://www.w3.org/1999/xlink" article-type="meeting-report" dtd-version="1.1" xml:lang="EN"><front><journal-meta><journal-id journal-id-type="nlm-ta">Access Microbiology</journal-id><journal-id journal-id-type="hwp">acmi</journal-id><journal-id journal-id-type="publisher-id">acmi</journal-id><journal-title-group><journal-title>Access Microbiology</journal-title><abbrev-journal-title abbrev-type="pubmed">acmi</abbrev-journal-title></journal-title-group><issn pub-type="epub">2516-8290</issn><publisher><publisher-name>Microbiology Society</publisher-name></publisher></journal-meta><article-meta><article-id pub-id-type="publisher-id">acmi.cc2021.po0156</article-id><article-id pub-id-type="doi">337</article-id><article-categories><subj-group subj-group-type="heading"><subject>Poster Presentation</subject></subj-group><subj-group subj-group-type="heading"><subject>Abstracts from the Candida and Candidiasis Meeting 2021</subject></subj-group></article-categories><title-group><article-title>Identification and characterization of a fungal-selective glutaminyl tRNA synthetase inhibitor with potent activity against Candida albicans</article-title><alt-title alt-title-type="recto-page-foot"><ext-link ext-link-type="uri" xlink:type="simple" xlink:href="http://jmmcr.microbiologyresearch.org">http://jmmcr.microbiologyresearch.org</ext-link></alt-title></title-group><contrib-group><contrib contrib-type="author"><name><surname>Xue</surname><given-names>Alice</given-names></name><xref ref-type="aff" rid="aff2"/><xref ref-type="aff" rid="aff3"/><xref ref-type="aff" rid="aff4"/><xref ref-type="corresp" rid="cor1">&amp;#x002A;</xref></contrib><contrib contrib-type="author"><name><surname>Veri</surname><given-names>Amanda</given-names></name><xref ref-type="aff" rid="aff1"/><xref ref-type="aff" rid="aff2"/><xref ref-type="aff" rid="aff3"/><xref ref-type="aff" rid="aff4"/></contrib><contrib contrib-type="author"><name><surname>Zhang</surname><given-names>Xiang</given-names></name><xref ref-type="aff" rid="aff1"/><xref ref-type="aff" rid="aff2"/><xref ref-type="aff" rid="aff3"/><xref ref-type="aff" rid="aff4"/></contrib><contrib contrib-type="author"><name><surname>Fu</surname><given-names>Ci</given-names></name><xref ref-type="aff" rid="aff1"/><xref ref-type="aff" rid="aff2"/><xref ref-type="aff" rid="aff3"/><xref ref-type="aff" rid="aff4"/></contrib><contrib contrib-type="author"><name><surname>Lash</surname><given-names>Emma</given-names></name><xref ref-type="aff" rid="aff1"/><xref ref-type="aff" rid="aff2"/><xref ref-type="aff" rid="aff3"/><xref ref-type="aff" rid="aff4"/></contrib><contrib contrib-type="author"><name><surname>Iyer</surname><given-names>Kali</given-names></name><xref ref-type="aff" rid="aff1"/><xref ref-type="aff" rid="aff2"/><xref ref-type="aff" rid="aff3"/><xref ref-type="aff" rid="aff4"/></contrib><contrib contrib-type="author"><name><surname>Revie</surname><given-names>Nicole</given-names></name><xref ref-type="aff" rid="aff1"/><xref ref-type="aff" rid="aff2"/><xref ref-type="aff" rid="aff3"/><xref ref-type="aff" rid="aff4"/></contrib><contrib contrib-type="author"><name><surname>Robbins</surname><given-names>Nicole</given-names></name><xref ref-type="aff" rid="aff1"/><xref ref-type="aff" rid="aff2"/><xref ref-type="aff" rid="aff3"/><xref ref-type="aff" rid="aff4"/></contrib><contrib contrib-type="author"><name><surname>Boone</surname><given-names>Charles</given-names></name><xref ref-type="aff" rid="aff1"/><xref ref-type="aff" rid="aff2"/><xref ref-type="aff" rid="aff3"/><xref ref-type="aff" rid="aff4"/></contrib><contrib contrib-type="author"><name><surname>Myers</surname><given-names>Chad</given-names></name><xref ref-type="aff" rid="aff1"/><xref ref-type="aff" rid="aff2"/><xref ref-type="aff" rid="aff3"/><xref ref-type="aff" rid="aff4"/></contrib><contrib contrib-type="author"><name><surname>Cowen</surname><given-names>Leah</given-names></name><xref ref-type="aff" rid="aff1"/><xref ref-type="aff" rid="aff2"/><xref ref-type="aff" rid="aff3"/><xref ref-type="aff" rid="aff4"/></contrib><aff id="aff1"><institution>University of Toronto</institution>, <country> Canada</country></aff><aff id="aff5"><institution>University of Toronto</institution>, <country> Canada</country></aff><aff id="aff9"><institution>University of Minnesota</institution>, <country> USA</country></aff><aff id="aff13"><institution>University of Toronto</institution>, <country> Canada</country></aff><aff id="aff17"><institution>University of Toronto</institution>, <country> Canada</country></aff><aff id="aff21"><institution>University of Toronto</institution>, <country> Canada</country></aff><aff id="aff25"><institution>University of Toronto</institution>, <country> Canada</country></aff><aff id="aff29"><institution>University of Toronto</institution>, <country> Canada</country></aff><aff id="aff33"><institution>University of Toronto</institution>, <country> Canada</country></aff><aff id="aff37"><institution>University of Minnesota</institution>, <country> USA</country></aff><aff id="aff41"><institution>University of Toronto</institution>, <country> Canada</country></aff></contrib-group><author-notes><corresp id="cor1">&amp;#x002A;<bold>Correspondence:</bold>Alice Xue, <email xlink:href="a.xue@mail.utoronto.ca" xlink:type="simple">a.xue@mail.utoronto.ca</email></corresp></author-notes><pub-date pub-type="ppub"><month>7</month><year>2020</year></pub-date><pub-date pub-type="epub"><day>10</day><month>07</month><year>2020</year></pub-date><volume>2</volume><issue>7A</issue><elocation-id>2</elocation-id><permissions><copyright-statement>&amp;#x00A9; 2021 The Authors</copyright-statement><copyright-year>2021</copyright-year><license license-type="open-access" xlink:href="http://creativecommons.org/licenses/by/4.0/"><license-p>This is an open-access article distributed under the terms of the Creative Commons Attribution License.</license-p></license></permissions><self-uri xlink:href="acmi.cc2021.po0156.pdf" content-type="pdf"/><abstract><p>Candida albicansis the leading cause of systemic candidiasis. Effective treatment is threatened by a dearth of antifungal options and the emergence of resistance. Thus, there is an urgent need to identify novel therapeutic targets to expand our antifungal armamentarium. A promising approach is the discovery of essential genes, as most antimicrobials target essential bioprocesses. Despite detailed characterization of gene essentiality in Saccharomyces cerevisiae,defining essential targets in the pathogen of interest is necessary due to the high level of divergence between these organisms. Thus, using a machine learning algorithm we generated a comprehensive prediction of all genes essential in C. albicans.We leveraged our essentiality predictions with high-throughput screening and chemogenomic datasets to assign the mechanism of action of a previously uncharacterized compound. We identified T-035897 as a molecule with potent bioactivity against C. albicans. Prior chemogenomic profiling in S. cerevisiaesuggested that T-035897 targets the glutaminyl tRNA synthetase Gln4, whose homolog in C. albicanswas predicted and verified to be required for viability. To confirm the mechanism of T-035897 in C. albicans, we performed haploinsufficiency profiling,which supported Gln4as the target. In parallel, selection of resistant mutants and targeted sequencing uncovered substitutions in the Gln4 catalytic domain. Moreover, T-035897 inhibited translation in afluorescence-based reporter assay. Finally, T-035897 selectively abrogated fungal cell growth in a co-culture model with mammalian cells. Thus, we highlight the power of leveraging essentiality datasets in order to characterize compounds with potent antifungal activity in an effort to unveil novel therapeutic strategies.</p></abstract><custom-meta-group><custom-meta><meta-name>OpenAccessEmbargo</meta-name><meta-value>0</meta-value></custom-meta></custom-meta-group></article-meta></front></article>