<?xml version="1.0" encoding="UTF-8"?><!DOCTYPE article PUBLIC "-//NLM//DTD JATS (Z39.96) Journal Archiving and Interchange DTD v1.1 20151215//EN" "JATS-archivearticle1.dtd"><article xmlns:mml="http://www.w3.org/1998/Math/MathML" xmlns:xlink="http://www.w3.org/1999/xlink" article-type="meeting-report" dtd-version="1.1" xml:lang="EN"><front><journal-meta><journal-id journal-id-type="nlm-ta">Access Microbiology</journal-id><journal-id journal-id-type="hwp">acmi</journal-id><journal-id journal-id-type="publisher-id">acmi</journal-id><journal-title-group><journal-title>Access Microbiology</journal-title><abbrev-journal-title abbrev-type="pubmed">acmi</abbrev-journal-title></journal-title-group><issn pub-type="epub">2516-8290</issn><publisher><publisher-name>Microbiology Society</publisher-name></publisher></journal-meta><article-meta><article-id pub-id-type="publisher-id">acmi.cc2021.po0031</article-id><article-id pub-id-type="doi">75</article-id><article-categories><subj-group subj-group-type="heading"><subject>Poster Presentation</subject></subj-group><subj-group subj-group-type="heading"><subject>Abstracts from the Candida and Candidiasis Meeting 2021</subject></subj-group></article-categories><title-group><article-title>Drug tolerance facilitates the evolution of drug resistance in Candida albicans</article-title><alt-title alt-title-type="recto-page-foot"><ext-link ext-link-type="uri" xlink:type="simple" xlink:href="http://jmmcr.microbiologyresearch.org">http://jmmcr.microbiologyresearch.org</ext-link></alt-title></title-group><contrib-group><contrib contrib-type="author"><name><surname>Massahi</surname><given-names>Samira</given-names></name><xref ref-type="aff" rid="aff2"/><xref ref-type="aff" rid="aff3"/><xref ref-type="aff" rid="aff4"/></contrib><contrib contrib-type="author"><name><surname>Bettauer</surname><given-names>Van</given-names></name><xref ref-type="aff" rid="aff1"/><xref ref-type="aff" rid="aff2"/><xref ref-type="aff" rid="aff3"/><xref ref-type="aff" rid="aff4"/></contrib><contrib contrib-type="author"><name><surname>Khurdia</surname><given-names>Sanny</given-names></name><xref ref-type="aff" rid="aff1"/><xref ref-type="aff" rid="aff2"/><xref ref-type="aff" rid="aff3"/><xref ref-type="aff" rid="aff4"/></contrib><contrib contrib-type="author"><name><surname>Khosravi</surname><given-names>Nasim</given-names></name><xref ref-type="aff" rid="aff1"/><xref ref-type="aff" rid="aff2"/><xref ref-type="aff" rid="aff3"/><xref ref-type="aff" rid="aff4"/></contrib><contrib contrib-type="author"><name><surname>Simpson</surname><given-names>Shawn</given-names></name><xref ref-type="aff" rid="aff1"/><xref ref-type="aff" rid="aff2"/><xref ref-type="aff" rid="aff3"/><xref ref-type="aff" rid="aff4"/></contrib><contrib contrib-type="author"><name><surname>Harb</surname><given-names>Mathieu</given-names></name><xref ref-type="aff" rid="aff1"/><xref ref-type="aff" rid="aff2"/><xref ref-type="aff" rid="aff3"/><xref ref-type="aff" rid="aff4"/></contrib><contrib contrib-type="author"><name><surname>Dumeaux</surname><given-names>Vanessa</given-names></name><xref ref-type="aff" rid="aff1"/><xref ref-type="aff" rid="aff2"/><xref ref-type="aff" rid="aff3"/><xref ref-type="aff" rid="aff4"/></contrib><contrib contrib-type="author"><name><surname>Whiteway</surname><given-names>Malcolm</given-names></name><xref ref-type="aff" rid="aff1"/><xref ref-type="aff" rid="aff2"/><xref ref-type="aff" rid="aff3"/><xref ref-type="aff" rid="aff4"/></contrib><contrib contrib-type="author"><name><surname>Hallett</surname><given-names>Michael</given-names></name><xref ref-type="aff" rid="aff1"/><xref ref-type="aff" rid="aff2"/><xref ref-type="aff" rid="aff3"/><xref ref-type="aff" rid="aff4"/></contrib><aff id="aff1"><institution>Concordia University</institution>, <country> Canada</country></aff><aff id="aff5"><institution>Concordia University</institution>, <country> Canada</country></aff><aff id="aff9"><institution>Concordia University</institution>, <country> Canada</country></aff><aff id="aff13"><institution>Concordia University</institution>, <country> Canada</country></aff><aff id="aff17"><institution>Concordia University</institution>, <country> Canada</country></aff><aff id="aff21"><institution>Concordia University</institution>, <country> Canada</country></aff><aff id="aff25"><institution>Concordia University</institution>, <country> Canada</country></aff><aff id="aff29"><institution>Concordia University</institution>, <country> Canada</country></aff><aff id="aff33"><institution>Concordia University</institution>, <country> Canada</country></aff></contrib-group><author-notes><corresp id="cor1">&amp;#x002A;<bold>Correspondence:</bold>Mike Hallett, <email xlink:href="hallett.mike.t@gmail.com" xlink:type="simple">hallett.mike.t@gmail.com</email></corresp></author-notes><pub-date pub-type="ppub"><month>7</month><year>2020</year></pub-date><pub-date pub-type="epub"><day>10</day><month>07</month><year>2020</year></pub-date><volume>2</volume><issue>7A</issue><elocation-id>2</elocation-id><permissions><copyright-statement>&amp;#x00A9; 2021 The Authors</copyright-statement><copyright-year>2021</copyright-year><license license-type="open-access" xlink:href="http://creativecommons.org/licenses/by/4.0/"><license-p>This is an open-access article distributed under the terms of the Creative Commons Attribution License.</license-p></license></permissions><self-uri xlink:href="acmi.cc2021.po0031.pdf" content-type="pdf"/><abstract><p>Background.For Candida albicans and Candidiasis, drug resistance is sometimes due to the pre-existence of genetic polymorphisms that bypass the mode of action of the drug, thus conferring a long-term survival benefit. In other cases, resistance is acquired via the evolution of de novo genetic polymorphisms. There is evidence that C. albicans possess a drug tolerance response which “buys time” for individuals to evolve beneficial mutations. Our goal here is to characterize this poorly understood epigenetic cytoprotective program at the single cell molecular level.</p><p>
Methods.We developed a nano-litre droplet based Candida single cell sequencing platform capable of transcriptionally profiling several thousand individual cells in an efficient manner. We exploit this platform to profile both untreated and drug exposed (incl. fluconazole, caspofungin and nystatin) populations at early time points post-treatment (tolerance) and late time points (resistance) in order to understand survival trajectories. The profile are compared with the matched sequenced genomes.

Results.We show that untreated Candida populations exhibit “bet hedging”, stochastically expressing cytoprotective transcriptional programs, and drug tolerant individuals partition into distinct subpopulations, each with a unique survival strategy involving different transcriptional programs. We observe a burst of chromosomal aberrations at two days post-treatment that differ between survivor subpopulation.

Discussion.Our single cell approach highlights that survivor subpopulations pass through a tolerance phase that involves a multivariate transcriptional response including upregulation of efflux pumps, chaperones and transport mechanisms, and cell wall maintenance. Together this suggests that targeting the tolerance response concomitantly with standard therapies could represent an efficient approach to ablating clinical persistence.</p></abstract><custom-meta-group><custom-meta><meta-name>OpenAccessEmbargo</meta-name><meta-value>0</meta-value></custom-meta></custom-meta-group></article-meta></front></article>