<?xml version="1.0" encoding="UTF-8"?><!DOCTYPE article PUBLIC "-//NLM//DTD JATS (Z39.96) Journal Archiving and Interchange DTD v1.1 20151215//EN" "JATS-archivearticle1.dtd"><article xmlns:mml="http://www.w3.org/1998/Math/MathML" xmlns:xlink="http://www.w3.org/1999/xlink" article-type="meeting-report" dtd-version="1.1" xml:lang="EN"><front><journal-meta><journal-id journal-id-type="nlm-ta">Access Microbiology</journal-id><journal-id journal-id-type="hwp">acmi</journal-id><journal-id journal-id-type="publisher-id">acmi</journal-id><journal-title-group><journal-title>Access Microbiology</journal-title><abbrev-journal-title abbrev-type="pubmed">acmi</abbrev-journal-title></journal-title-group><issn pub-type="epub">2516-8290</issn><publisher><publisher-name>Microbiology Society</publisher-name></publisher></journal-meta><article-meta><article-id pub-id-type="publisher-id">acmi.cc2021.po0088</article-id><article-id pub-id-type="doi">188</article-id><article-categories><subj-group subj-group-type="heading"><subject>Poster Presentation</subject></subj-group><subj-group subj-group-type="heading"><subject>Abstracts from the Candida and Candidiasis Meeting 2021</subject></subj-group></article-categories><title-group><article-title>Candida glabrata MSH2 deletion increases antifungal tolerance in vitro and during intra-abdominal candidiasis (IAC), it does not impact pathogenesis of peritonitis or intra-abdominal abscesses.</article-title><alt-title alt-title-type="recto-page-foot"><ext-link ext-link-type="uri" xlink:type="simple" xlink:href="http://jmmcr.microbiologyresearch.org">http://jmmcr.microbiologyresearch.org</ext-link></alt-title></title-group><contrib-group><contrib contrib-type="author"><name><surname>Cheng</surname><given-names>Shaoji</given-names></name><xref ref-type="aff" rid="aff2"/><xref ref-type="aff" rid="aff3"/><xref ref-type="aff" rid="aff4"/><xref ref-type="corresp" rid="cor1">&amp;#x002A;</xref></contrib><contrib contrib-type="author"><name><surname>Liu</surname><given-names>Guojun</given-names></name><xref ref-type="aff" rid="aff1"/><xref ref-type="aff" rid="aff2"/><xref ref-type="aff" rid="aff3"/><xref ref-type="aff" rid="aff4"/></contrib><contrib contrib-type="author"><name><surname>Joseph</surname><given-names>Cornelius</given-names></name><xref ref-type="aff" rid="aff1"/><xref ref-type="aff" rid="aff2"/><xref ref-type="aff" rid="aff3"/><xref ref-type="aff" rid="aff4"/></contrib><contrib contrib-type="author"><name><surname>Hong</surname><given-names>Minh</given-names></name><xref ref-type="aff" rid="aff1"/><xref ref-type="aff" rid="aff2"/><xref ref-type="aff" rid="aff3"/><xref ref-type="aff" rid="aff4"/></contrib><aff id="aff1"><institution>University of Pittsburgh</institution>, <country> USA</country></aff><aff id="aff5"><institution>University of Pittsburgh</institution>, <country> USA</country></aff><aff id="aff9"><institution>University of Pittsburgh</institution>, <country> USA</country></aff><aff id="aff10"><institution>VA Pittsburgh Medical Center</institution>, <country> USA</country></aff><aff id="aff13"><institution>University of Pittsburgh</institution>, <country> USA</country></aff></contrib-group><author-notes><corresp id="cor1">&amp;#x002A;<bold>Correspondence:</bold>Shaoji Cheng, <email xlink:href="cheng107@gmail.com" xlink:type="simple">cheng107@gmail.com</email></corresp></author-notes><pub-date pub-type="ppub"><month>7</month><year>2020</year></pub-date><pub-date pub-type="epub"><day>10</day><month>07</month><year>2020</year></pub-date><volume>2</volume><issue>7A</issue><elocation-id>2</elocation-id><permissions><copyright-statement>&amp;#x00A9; 2021 The Authors</copyright-statement><copyright-year>2021</copyright-year><license license-type="open-access" xlink:href="http://creativecommons.org/licenses/by/4.0/"><license-p>This is an open-access article distributed under the terms of the Creative Commons Attribution License.</license-p></license></permissions><self-uri xlink:href="acmi.cc2021.po0088.pdf" content-type="pdf"/><abstract><p>BACKGROUND:IAC IS THE SECOND MOST COMMON TYPE OF INVASIVE CANDIDIASIS, BUT ITS PATHOGENESIS IS POORLY UNDERSTOOD. WE HAVE SHOWN THAT CANDIDA ALBICANSDNA DAMAGE RESPONSE GENES ARE STRONGLY INDUCED WITHIN INTRA-ABDOMINAL ABSCESSES. DELETION OF C. GLABRATA MSH2, A DNA MISMATCH REPAIR (MMR) GENE, RESULTS IN A MUTATOR PHENOTYPE THAT FACILITATES MULTIDRUG RESISTANCE IN VITRO AND IN MOUSE GASTROINTESTINAL TRACTS. OUR GOAL WAS TO DETERMINE IF CGMSH2 CONTRIBUTED TO PATHOGENESIS OR RESISTANCE TO THE NEW ANTIFUNGAL REZAFUNGIN DURING IAC.</p><p>METHODS:WE CREATEDΔMSH2 IN BG2 USING SAT-FLIPPER, AND TESTED VIRULENCE AND REZAFUNGIN RESPONSES IN A MOUSE MODEL OF IAC.
RESULTS:ΔMSH2 DISPLAYED NO GROWTH DEFECTS AT 30○C IN LIQUID (YPD, YPGLYCEROL) OR SOLID MEDIA (YPD+0.02% MMS, 1MM H2O2, 1M NACL, 20 UG/ML CW, 250 UG/ML OR 0.02% SDS). ΔMSH2LONGEVITY IN YPD WAS COMPARABLE TO BG2.CASPOFUNGIN-, REZAFUNGIN- AND FLUCONAZOLE-RESISTANT MUTANTS AROSE 24-, 16- AND 3-FOLD MORE OFTEN, RESPECTIVELY, FOR ΔMSH2 THAN BG2 (108-106 CFU OVERNIGHT IN YPD, SELECTED ON 8XMIC-CONTAINING PLATES).HOWEVER, RESPECTIVE MINIMUM INHIBITORY CONCENTRATIONS (MICS) WERE NOT DIFFERENT, NOR WERE REZAFUNGIN TIME-KILLS.ΔMSH2 WAS COMPARABLE TO BG2 IN PERITONITIS AND ABSCESS BURDENS IN MOUSE IAC.ΔMSH2 DEMONSTRATED SIGNIFICANTLY GREATER CASPOFUNGIN- AND FLUCONAZOLE-TOLERANCE THAN BG2 IN ABSCESSES. REZAFUNGINREDUCED PERITONITIS AND ABSCESS BURDENS OFΔMSH2,BG2 ANDFKS MUTANT STRAINS TO SIMILAR EXTENTS.
Conclusions:CgMSH2 deletionincreased the frequency of spontaneously-arising echinocandin- and fluconazole-resistant colonies in vitro and tolerance in intra-abdominal abscesses, but it did not attenuate virulence or rezafungin responses during IAC.</p></abstract><custom-meta-group><custom-meta><meta-name>OpenAccessEmbargo</meta-name><meta-value>0</meta-value></custom-meta></custom-meta-group></article-meta></front></article>