<?xml version="1.0" encoding="UTF-8"?><!DOCTYPE article PUBLIC "-//NLM//DTD JATS (Z39.96) Journal Archiving and Interchange DTD v1.1 20151215//EN" "JATS-archivearticle1.dtd"><article xmlns:mml="http://www.w3.org/1998/Math/MathML" xmlns:xlink="http://www.w3.org/1999/xlink" article-type="meeting-report" dtd-version="1.1" xml:lang="EN"><front><journal-meta><journal-id journal-id-type="nlm-ta">Access Microbiology</journal-id><journal-id journal-id-type="hwp">acmi</journal-id><journal-id journal-id-type="publisher-id">acmi</journal-id><journal-title-group><journal-title>Access Microbiology</journal-title><abbrev-journal-title abbrev-type="pubmed">acmi</abbrev-journal-title></journal-title-group><issn pub-type="epub">2516-8290</issn><publisher><publisher-name>Microbiology Society</publisher-name></publisher></journal-meta><article-meta><article-id pub-id-type="publisher-id">acmi.cc2021.po0013</article-id><article-id pub-id-type="doi">26</article-id><article-categories><subj-group subj-group-type="heading"><subject>Poster Presentation</subject></subj-group><subj-group subj-group-type="heading"><subject>Abstracts from the Candida and Candidiasis Meeting 2021</subject></subj-group></article-categories><title-group><article-title>Discovering the chlamydospore regulatory network in Candida albicans</article-title><alt-title alt-title-type="recto-page-foot"><ext-link ext-link-type="uri" xlink:type="simple" xlink:href="http://jmmcr.microbiologyresearch.org">http://jmmcr.microbiologyresearch.org</ext-link></alt-title></title-group><contrib-group><contrib contrib-type="author"><name><surname>Bapat</surname><given-names>Priyanka</given-names></name><xref ref-type="aff" rid="aff2"/><xref ref-type="aff" rid="aff3"/><xref ref-type="aff" rid="aff4"/><xref ref-type="corresp" rid="cor1">&amp;#x002A;</xref></contrib><contrib contrib-type="author"><name><surname>Nobile</surname><given-names>Clarissa</given-names></name><xref ref-type="aff" rid="aff1"/><xref ref-type="aff" rid="aff2"/><xref ref-type="aff" rid="aff3"/><xref ref-type="aff" rid="aff4"/></contrib><aff id="aff1"><institution>University of California</institution>, <country> USA</country></aff><aff id="aff5"><institution>University of California</institution>, <country> USA</country></aff></contrib-group><author-notes><corresp id="cor1">&amp;#x002A;<bold>Correspondence:</bold>Priyanka Bapat, <email xlink:href="pbapat@ucmerced.edu" xlink:type="simple">pbapat@ucmerced.edu</email></corresp></author-notes><pub-date pub-type="ppub"><month>7</month><year>2020</year></pub-date><pub-date pub-type="epub"><day>10</day><month>07</month><year>2020</year></pub-date><volume>2</volume><issue>7A</issue><elocation-id>2</elocation-id><permissions><copyright-statement>&amp;#x00A9; 2021 The Authors</copyright-statement><copyright-year>2021</copyright-year><license license-type="open-access" xlink:href="http://creativecommons.org/licenses/by/4.0/"><license-p>This is an open-access article distributed under the terms of the Creative Commons Attribution License.</license-p></license></permissions><self-uri xlink:href="acmi.cc2021.po0013.pdf" content-type="pdf"/><abstract><p>A normal resident of healthy humans and warm-blooded animals, C. albicansis a commensal fungus that is also among the most common opportunistic pathogens of humans. C. albicansforms unique morphological structures called chlamydospores, which are large, spherical, thick-walled structures formed at the ends of hyphae that have unknown biological function.My goal is to discover the regulatory network controlling chlamydospore formation in C. albicans. By determining this network, we can gain insight into the biological roles of chlamydospores in the C. albicanslifestyle, better understand C. albicansmorphological transitions, and determine the selective advantage (if any) provided by chlamydospores to this pathogenic fungus. To determine this regulatory network, I have screened a library of 211 C. albicans transcription factor (TF) homozygous deletion mutants to assay for their abilities to form chlamydospores under standard chlamydospore-inducing growth conditions. I have identified seven TF mutants that fail to produce any chlamydospores andthree TF mutants that produce high levels of chlamydospores relative to WT. To characterize the transcriptional changes occurring during chlamydospore formation, I have performed RNA sequencing (RNA-seq) on these identified regulator mutants to uncover the differentially regulated target genes of each chlamydospore regulator. I will use genome-wide chromatin immunoprecipitation followed by sequencing (ChIP-seq) on epitope-tagged versions of these regulators to determine which genes are directly under the control of each TF. RNA-seq coupled with ChIP-seq will allow me to determine the regulatory network controlling chlamydospore formation in C. albicans.</p></abstract><custom-meta-group><custom-meta><meta-name>OpenAccessEmbargo</meta-name><meta-value>0</meta-value></custom-meta></custom-meta-group></article-meta></front></article>