<?xml version="1.0" encoding="UTF-8"?><!DOCTYPE article PUBLIC "-//NLM//DTD JATS (Z39.96) Journal Archiving and Interchange DTD v1.1 20151215//EN" "JATS-archivearticle1.dtd"><article xmlns:mml="http://www.w3.org/1998/Math/MathML" xmlns:xlink="http://www.w3.org/1999/xlink" article-type="meeting-report" dtd-version="1.1" xml:lang="EN"><front><journal-meta><journal-id journal-id-type="nlm-ta">Access Microbiology</journal-id><journal-id journal-id-type="hwp">acmi</journal-id><journal-id journal-id-type="publisher-id">acmi</journal-id><journal-title-group><journal-title>Access Microbiology</journal-title><abbrev-journal-title abbrev-type="pubmed">acmi</abbrev-journal-title></journal-title-group><issn pub-type="epub">2516-8290</issn><publisher><publisher-name>Microbiology Society</publisher-name></publisher></journal-meta><article-meta><article-id pub-id-type="publisher-id">acmi.cc2021.po0122</article-id><article-id pub-id-type="doi">241</article-id><article-categories><subj-group subj-group-type="heading"><subject>Oral Abstract</subject></subj-group><subj-group subj-group-type="heading"><subject>Abstracts from the Candida and Candidiasis Meeting 2021</subject></subj-group></article-categories><title-group><article-title>Azole Uptake in Candida auris is Strongly Correlated with Drug Resistance</article-title><alt-title alt-title-type="recto-page-foot"><ext-link ext-link-type="uri" xlink:type="simple" xlink:href="http://jmmcr.microbiologyresearch.org">http://jmmcr.microbiologyresearch.org</ext-link></alt-title></title-group><contrib-group><contrib contrib-type="author"><name><surname>Esquivel</surname><given-names>Brooke</given-names></name><xref ref-type="aff" rid="aff2"/><xref ref-type="aff" rid="aff3"/><xref ref-type="aff" rid="aff4"/><xref ref-type="corresp" rid="cor1">&amp;#x002A;</xref></contrib><contrib contrib-type="author"><name><surname>C.</surname><given-names>Theodore</given-names></name><xref ref-type="aff" rid="aff1"/><xref ref-type="aff" rid="aff2"/><xref ref-type="aff" rid="aff3"/><xref ref-type="aff" rid="aff4"/></contrib><aff id="aff1"><institution>University Missouri Kansas City</institution>, <country> USA</country></aff><aff id="aff5"><institution>University Missouri Kansas City</institution>, <country> USA</country></aff></contrib-group><author-notes><corresp id="cor1">&amp;#x002A;<bold>Correspondence:</bold>Brooke Esquivel, <email xlink:href="bdp3k9@mail.umkc.edu" xlink:type="simple">bdp3k9@mail.umkc.edu</email></corresp></author-notes><pub-date pub-type="ppub"><month>7</month><year>2020</year></pub-date><pub-date pub-type="epub"><day>10</day><month>07</month><year>2020</year></pub-date><volume>2</volume><issue>7A</issue><elocation-id>2</elocation-id><permissions><copyright-statement>&amp;#x00A9; 2021 The Authors</copyright-statement><copyright-year>2021</copyright-year><license license-type="open-access" xlink:href="http://creativecommons.org/licenses/by/4.0/"><license-p>This is an open-access article distributed under the terms of the Creative Commons Attribution License.</license-p></license></permissions><self-uri xlink:href="acmi.cc2021.po0122.pdf" content-type="pdf"/><abstract><p>Analyses of fluconazole uptake in clinical isolates of C. auris, with wide ranging drug resistance profiles, has revealed interesting differences within the species as well as major distinctions from other yeast species. We previously proposed that prevention of drug uptake is a potential mechanism of drug resistance and our C. auris data provide further support for this.</p><p>
We developed an assay using radio-labeled fluconazole to measure intracellular azole accumulation in fungal cells. The assay is performed under glucose-replete conditions to inhibit ATP-dependent efflux. A comparative study measuring fluconazole uptake in 63 C. auris isolates as well as a panel of other species such as C. albicans, S. cerevisiae, C. glabrata, C. krusie, C. lusitanea, C. tropicalis, and C. dublinienses revealed striking C. auris phenotypes that we have not seen in other fungal species.

There is a strong correlation between fluconazole resistance and reduced drug uptake in C. auris. Fluconazole-resistant C. auris isolates had reduced levels of intracellular fluconazole accumulation compared to susceptible isolates. Drug-resistant C. auris isolates had the lowest drug accumulation of any of the yeast species tested. Fluconazole-susceptible C. auris isolates had dramatically increased fluconazole accumulation compared to the resistant isolates as well as when compared to other yeast species.

Of the 63 C. auris isolates, 28 of 32 (~88%) resistant isolates had extremely low fluconazole uptake, whereas 15 of 18 (~83%) susceptible isolates had high fluconazole uptake. This association between reduced drug uptake and resistance could be a C. auris-distinctive mechanism of drug resistance.</p></abstract><custom-meta-group><custom-meta><meta-name>OpenAccessEmbargo</meta-name><meta-value>0</meta-value></custom-meta></custom-meta-group></article-meta></front></article>