<?xml version="1.0" encoding="UTF-8"?><!DOCTYPE article PUBLIC "-//NLM//DTD JATS (Z39.96) Journal Archiving and Interchange DTD v1.1 20151215//EN" "JATS-archivearticle1.dtd"><article xmlns:mml="http://www.w3.org/1998/Math/MathML" xmlns:xlink="http://www.w3.org/1999/xlink" article-type="meeting-report" dtd-version="1.1" xml:lang="EN"><front><journal-meta><journal-id journal-id-type="nlm-ta">Access Microbiology</journal-id><journal-id journal-id-type="hwp">acmi</journal-id><journal-id journal-id-type="publisher-id">acmi</journal-id><journal-title-group><journal-title>Access Microbiology</journal-title><abbrev-journal-title abbrev-type="pubmed">acmi</abbrev-journal-title></journal-title-group><issn pub-type="epub">2516-8290</issn><publisher><publisher-name>Microbiology Society</publisher-name></publisher></journal-meta><article-meta><article-id pub-id-type="publisher-id">acmi.cc2021.po0015</article-id><article-id pub-id-type="doi">31</article-id><article-categories><subj-group subj-group-type="heading"><subject>Poster Presentation</subject></subj-group><subj-group subj-group-type="heading"><subject>Abstracts from the Candida and Candidiasis Meeting 2021</subject></subj-group></article-categories><title-group><article-title>Genotypic and Phenotypic Portrait of Candida albicans Clinical Isolates Colonizing the Airways of Patients with Cystic Fibrosis</article-title><alt-title alt-title-type="recto-page-foot"><ext-link ext-link-type="uri" xlink:type="simple" xlink:href="http://jmmcr.microbiologyresearch.org">http://jmmcr.microbiologyresearch.org</ext-link></alt-title></title-group><contrib-group><contrib contrib-type="author"><name><surname>GNAIEN</surname><given-names>Mayssa</given-names></name><xref ref-type="aff" rid="aff2"/><xref ref-type="aff" rid="aff3"/><xref ref-type="aff" rid="aff4"/></contrib><contrib contrib-type="author"><name><surname>KALLEL</surname><given-names>Aicha</given-names></name><xref ref-type="aff" rid="aff1"/><xref ref-type="aff" rid="aff2"/><xref ref-type="aff" rid="aff3"/><xref ref-type="aff" rid="aff4"/></contrib><contrib contrib-type="author"><name><surname>KHALSI</surname><given-names>Fatma</given-names></name><xref ref-type="aff" rid="aff1"/><xref ref-type="aff" rid="aff2"/><xref ref-type="aff" rid="aff3"/><xref ref-type="aff" rid="aff4"/></contrib><contrib contrib-type="author"><name><surname>HAMOUDA</surname><given-names>Samia</given-names></name><xref ref-type="aff" rid="aff1"/><xref ref-type="aff" rid="aff2"/><xref ref-type="aff" rid="aff3"/><xref ref-type="aff" rid="aff4"/></contrib><contrib contrib-type="author"><name><surname>SMAOUI</surname><given-names>Hanen</given-names></name><xref ref-type="aff" rid="aff1"/><xref ref-type="aff" rid="aff2"/><xref ref-type="aff" rid="aff3"/><xref ref-type="aff" rid="aff4"/></contrib><contrib contrib-type="author"><name><surname>KHEMIRI</surname><given-names>Monia</given-names></name><xref ref-type="aff" rid="aff1"/><xref ref-type="aff" rid="aff2"/><xref ref-type="aff" rid="aff3"/><xref ref-type="aff" rid="aff4"/></contrib><contrib contrib-type="author"><name><surname>HADJ</surname><given-names>Sondes</given-names></name><xref ref-type="aff" rid="aff1"/><xref ref-type="aff" rid="aff2"/><xref ref-type="aff" rid="aff3"/><xref ref-type="aff" rid="aff4"/></contrib><contrib contrib-type="author"><name><surname>MESSAOUD</surname><given-names>Taieb</given-names></name><xref ref-type="aff" rid="aff1"/><xref ref-type="aff" rid="aff2"/><xref ref-type="aff" rid="aff3"/><xref ref-type="aff" rid="aff4"/></contrib><contrib contrib-type="author"><name><surname>BOUSSETTA</surname><given-names>Khadija</given-names></name><xref ref-type="aff" rid="aff1"/><xref ref-type="aff" rid="aff2"/><xref ref-type="aff" rid="aff3"/><xref ref-type="aff" rid="aff4"/></contrib><contrib contrib-type="author"><name><surname>KALLEL</surname><given-names>Kalthoum</given-names></name><xref ref-type="aff" rid="aff1"/><xref ref-type="aff" rid="aff2"/><xref ref-type="aff" rid="aff3"/><xref ref-type="aff" rid="aff4"/></contrib><contrib contrib-type="author"><name><surname>d'ENFERT</surname><given-names>Christophe</given-names></name><xref ref-type="aff" rid="aff1"/><xref ref-type="aff" rid="aff2"/><xref ref-type="aff" rid="aff3"/><xref ref-type="aff" rid="aff4"/></contrib><contrib contrib-type="author"><name><surname>BOUGNOUX</surname><given-names>Marie-Elisabeth</given-names></name><xref ref-type="aff" rid="aff1"/><xref ref-type="aff" rid="aff2"/><xref ref-type="aff" rid="aff3"/><xref ref-type="aff" rid="aff4"/></contrib><contrib contrib-type="author"><name><surname>MARDASSI</surname><given-names>Helmi</given-names></name><xref ref-type="aff" rid="aff1"/><xref ref-type="aff" rid="aff2"/><xref ref-type="aff" rid="aff3"/><xref ref-type="aff" rid="aff4"/></contrib><contrib contrib-type="author"><name><surname>ZNAIDI</surname><given-names>Sadri</given-names></name><xref ref-type="aff" rid="aff1"/><xref ref-type="aff" rid="aff2"/><xref ref-type="aff" rid="aff3"/><xref ref-type="aff" rid="aff4"/></contrib><aff id="aff1"><institution>Institut Pasteur de Tunis</institution>, <country> Tunisia</country></aff><aff id="aff5"><institution>Institut Pasteur de Tunis</institution>, <country> Tunisia</country></aff><aff id="aff6"><institution>La Rabta Hospital</institution>, <country> Tunisia</country></aff><aff id="aff9"><institution>Children's Hospital Tunis</institution>, <country> Tunisia</country></aff><aff id="aff13"><institution>Children's Hospital Tunis</institution>, <country> Tunisia</country></aff><aff id="aff17"><institution>Children's Hospital Tunis</institution>, <country> Tunisia</country></aff><aff id="aff21"><institution>Children's Hospital Tunis</institution>, <country> Tunisia</country></aff><aff id="aff25"><institution>Children's Hospital Tunis</institution>, <country> Tunisia</country></aff><aff id="aff29"><institution>Children's Hospital Tunis</institution>, <country> Tunisia</country></aff><aff id="aff33"><institution>Children's Hospital Tunis</institution>, <country> Tunisia</country></aff><aff id="aff37"><institution>La Rabta Hospital</institution>, <country> Tunisia</country></aff><aff id="aff41"><institution>Institut Pasteur</institution>, <country> France</country></aff><aff id="aff45"><institution>Institut Pasteur</institution>, <country> France</country></aff><aff id="aff49"><institution>Institut Pasteur de Tunis</institution>, <country> Tunisia</country></aff><aff id="aff53"><institution>Institut Pasteur de Tunis</institution>, <country> Tunisia</country></aff><aff id="aff54"><institution>Institut Pasteur</institution>, <country> France</country></aff></contrib-group><author-notes><corresp id="cor1">&amp;#x002A;<bold>Correspondence:</bold>Sadri ZNAIDI, <email xlink:href="sadri.znaidi@gmail.com" xlink:type="simple">sadri.znaidi@gmail.com</email></corresp></author-notes><pub-date pub-type="ppub"><month>7</month><year>2020</year></pub-date><pub-date pub-type="epub"><day>10</day><month>07</month><year>2020</year></pub-date><volume>2</volume><issue>7A</issue><elocation-id>2</elocation-id><permissions><copyright-statement>&amp;#x00A9; 2021 The Authors</copyright-statement><copyright-year>2021</copyright-year><license license-type="open-access" xlink:href="http://creativecommons.org/licenses/by/4.0/"><license-p>This is an open-access article distributed under the terms of the Creative Commons Attribution License.</license-p></license></permissions><self-uri xlink:href="acmi.cc2021.po0015.pdf" content-type="pdf"/><abstract><p>Candida albicanscolonizes the respiratory tract of patients with Cystic Fibrosis (CF). It competes with CF-associated pathogens, such as Pseudomonas aeruginosa and Staphylococcus aureus, and contributes to disease severity. We serially recovered 160 C. albicans clinical isolates over a period of 30 months from the sputum of 23 pediatric and 2 adult antifungal-naive CF patients at Children’s Hospital Tunis and characterized the genotype and phenotype of a subset of strains using multilocus sequence typing (MLST) and growth assays on multiple stress-, filamentous growth- and biofilm-inducing media. Out of 16 patients regularly sampled for at least 9 months, 8 and 4 were chronically and transiently colonized with C. albicans, respectively. MLST analyses of 56 strains originating from 15 patients indicated that each patient was colonized with a single strain, while 8 patients (53%) carried isolates from clade 4 known to be enriched with strains from Middle East-Africa. A subset of these isolates with the same sequence type and colonizing 3 unrelated patients displayed altered susceptibility to cell wall-perturbing agents, suggesting changes in cell wall structure/function during growth in the CF lung. We also observed differential ability to filament and/or form biofilms in a set of identical isolates from clade 10 sampled over a period of 9 months in a pediatric CF patient, suggesting alterations in phenotypes associated with virulence. Our findings will rely on future whole-genome sequencing analyses to identify polymorphisms that could explain the emergence of new traits in C. albicans strains thriving in the CF host environment.</p></abstract><custom-meta-group><custom-meta><meta-name>OpenAccessEmbargo</meta-name><meta-value>0</meta-value></custom-meta></custom-meta-group></article-meta></front></article>