<?xml version="1.0" encoding="UTF-8"?><!DOCTYPE article PUBLIC "-//NLM//DTD JATS (Z39.96) Journal Archiving and Interchange DTD v1.1 20151215//EN" "JATS-archivearticle1.dtd"><article xmlns:mml="http://www.w3.org/1998/Math/MathML" xmlns:xlink="http://www.w3.org/1999/xlink" article-type="meeting-report" dtd-version="1.1" xml:lang="EN"><front><journal-meta><journal-id journal-id-type="nlm-ta">Access Microbiology</journal-id><journal-id journal-id-type="hwp">acmi</journal-id><journal-id journal-id-type="publisher-id">acmi</journal-id><journal-title-group><journal-title>Access Microbiology</journal-title><abbrev-journal-title abbrev-type="pubmed">acmi</abbrev-journal-title></journal-title-group><issn pub-type="epub">2516-8290</issn><publisher><publisher-name>Microbiology Society</publisher-name></publisher></journal-meta><article-meta><article-id pub-id-type="publisher-id">acmi.cc2021.po0099</article-id><article-id pub-id-type="doi">203</article-id><article-categories><subj-group subj-group-type="heading"><subject>Oral Abstract</subject></subj-group><subj-group subj-group-type="heading"><subject>Abstracts from the Candida and Candidiasis Meeting 2021</subject></subj-group></article-categories><title-group><article-title>Unveiling azole resistance mechanisms in Candida glabrata clinical isolates encoding wild-type or gain-of-function CgPdr1 alleles</article-title><alt-title alt-title-type="recto-page-foot"><ext-link ext-link-type="uri" xlink:type="simple" xlink:href="http://jmmcr.microbiologyresearch.org">http://jmmcr.microbiologyresearch.org</ext-link></alt-title></title-group><contrib-group><contrib contrib-type="author"><name><surname>B.</surname><given-names>Sara</given-names></name><xref ref-type="aff" rid="aff2"/><xref ref-type="aff" rid="aff3"/><xref ref-type="aff" rid="aff4"/><xref ref-type="corresp" rid="cor1">&amp;#x002A;</xref></contrib><contrib contrib-type="author"><name><surname>Valez</surname><given-names>Noémi</given-names></name><xref ref-type="aff" rid="aff1"/><xref ref-type="aff" rid="aff2"/><xref ref-type="aff" rid="aff3"/><xref ref-type="aff" rid="aff4"/></contrib><contrib contrib-type="author"><name><surname>Sotti-Novais</surname><given-names>Danielle</given-names></name><xref ref-type="aff" rid="aff1"/><xref ref-type="aff" rid="aff2"/><xref ref-type="aff" rid="aff3"/><xref ref-type="aff" rid="aff4"/></contrib><contrib contrib-type="author"><name><surname>Simões</surname><given-names>Rita</given-names></name><xref ref-type="aff" rid="aff1"/><xref ref-type="aff" rid="aff2"/><xref ref-type="aff" rid="aff3"/><xref ref-type="aff" rid="aff4"/></contrib><contrib contrib-type="author"><name><surname>António</surname><given-names>José</given-names></name><xref ref-type="aff" rid="aff1"/><xref ref-type="aff" rid="aff2"/><xref ref-type="aff" rid="aff3"/><xref ref-type="aff" rid="aff4"/></contrib><contrib contrib-type="author"><name><surname>Joana</surname><given-names>Maria</given-names></name><xref ref-type="aff" rid="aff1"/><xref ref-type="aff" rid="aff2"/><xref ref-type="aff" rid="aff3"/><xref ref-type="aff" rid="aff4"/></contrib><contrib contrib-type="author"><name><surname>Mendonça</surname><given-names>Catarina</given-names></name><xref ref-type="aff" rid="aff1"/><xref ref-type="aff" rid="aff2"/><xref ref-type="aff" rid="aff3"/><xref ref-type="aff" rid="aff4"/></contrib><contrib contrib-type="author"><name><surname>Manuel</surname><given-names>Maria</given-names></name><xref ref-type="aff" rid="aff1"/><xref ref-type="aff" rid="aff2"/><xref ref-type="aff" rid="aff3"/><xref ref-type="aff" rid="aff4"/></contrib><contrib contrib-type="author"><name><surname>Rodrigues</surname><given-names>Vitória</given-names></name><xref ref-type="aff" rid="aff1"/><xref ref-type="aff" rid="aff2"/><xref ref-type="aff" rid="aff3"/><xref ref-type="aff" rid="aff4"/></contrib><contrib contrib-type="author"><name><surname>P.</surname><given-names>Nuno</given-names></name><xref ref-type="aff" rid="aff1"/><xref ref-type="aff" rid="aff2"/><xref ref-type="aff" rid="aff3"/><xref ref-type="aff" rid="aff4"/></contrib><aff id="aff1"><institution>1Department of Bioengineering</institution>, <country> Institute for Bioengineering and Biosciences</country></aff><aff id="aff5"><institution>1Department of Bioengineering</institution>, <country> Institute for Bioengineering and Biosciences</country></aff><aff id="aff9"><institution>1Department of Bioengineering</institution>, <country> Institute for Bioengineering and Biosciences</country></aff><aff id="aff13"><institution>1Department of Bioengineering</institution>, <country> Institute for Bioengineering and Biosciences</country></aff><aff id="aff17"><institution>1Department of Bioengineering</institution>, <country> Institute for Bioengineering and Biosciences</country></aff><aff id="aff21"><institution>1Department of Bioengineering</institution>, <country> Institute for Bioengineering and Biosciences</country></aff><aff id="aff25"><institution>1Department of Bioengineering</institution>, <country> Institute for Bioengineering and Biosciences</country></aff><aff id="aff29"><institution>2Faculdade de Farmácia da Universidade de Lisboa</institution>, <country> Departamento de Microbiologia e Imunologia</country></aff><aff id="aff33"><institution>Laboratórios SynLab</institution>, <country> Portugal</country></aff><aff id="aff37"><institution>1Department of Bioengineering</institution>, <country> Institute for Bioengineering and Biosciences</country></aff></contrib-group><author-notes><corresp id="cor1">&amp;#x002A;<bold>Correspondence:</bold>Sara B. Salazar, <email xlink:href="sara.barbosa.salazar@gmail.com" xlink:type="simple">sara.barbosa.salazar@gmail.com</email></corresp></author-notes><pub-date pub-type="ppub"><month>7</month><year>2020</year></pub-date><pub-date pub-type="epub"><day>10</day><month>07</month><year>2020</year></pub-date><volume>2</volume><issue>7A</issue><elocation-id>2</elocation-id><permissions><copyright-statement>&amp;#x00A9; 2021 The Authors</copyright-statement><copyright-year>2021</copyright-year><license license-type="open-access" xlink:href="http://creativecommons.org/licenses/by/4.0/"><license-p>This is an open-access article distributed under the terms of the Creative Commons Attribution License.</license-p></license></permissions><self-uri xlink:href="acmi.cc2021.po0099.pdf" content-type="pdf"/><abstract><p>The relevance of C. glabrataas a human pathogen is linked with its poor susceptibility to azoles as well as its extreme genomic plasticity that allows the rapid acquisition of resistance. Extensive characterization of azole-resistant C. glabrata strains unveiled the central role of the transcriptional regulator CgPdr1 in the resistance phenotype, with many strains encoding hyperactive (or gain-of-function; GOF) CgPdr1 alleles. Large scale profiling of a collection of clinical C. glabrata isolates recovered in hospitals of the Lisbon area, in Portugal, led to the identification of 11 strains exhibiting resistance to fluconazole and voriconazole, while 2 were only resistant to fluconazole. Among these strains, 10 were found to encode alleles of the CgPDR1 gene harbouring multiple non-synonymous SNPs that were not found in the alleles encoded by susceptible strains, including K274Q, I392M and I803T not previously described as GOF mutations. The isolates encoding these alleles were found to over-express several CgPdr1 target genes including the azole efflux pump CgCDR1 sustaining the idea that these represent new gain-of-function CgPdr1 alleles. Only one of the identified azole-resistant strains was found to encode a CgPDR1 allele fully identical to the one encoded by susceptible strains. To better understand the resistance phenotype of this strain, its transcriptome was compared with the one of a susceptible strain and of strains encoding CgPdr1 GOF alleles. The results of this comparative transcriptomic analysis will be discussed shedding light into the different azole-resistance mechanisms evolved by C. glabrata, including those independent of CgPdr1 GOF strains.</p></abstract><custom-meta-group><custom-meta><meta-name>OpenAccessEmbargo</meta-name><meta-value>0</meta-value></custom-meta></custom-meta-group></article-meta></front></article>