<?xml version="1.0" encoding="UTF-8"?><!DOCTYPE article PUBLIC "-//NLM//DTD JATS (Z39.96) Journal Archiving and Interchange DTD v1.1 20151215//EN" "JATS-archivearticle1.dtd"><article xmlns:mml="http://www.w3.org/1998/Math/MathML" xmlns:xlink="http://www.w3.org/1999/xlink" article-type="meeting-report" dtd-version="1.1" xml:lang="EN"><front><journal-meta><journal-id journal-id-type="nlm-ta">Access Microbiology</journal-id><journal-id journal-id-type="hwp">acmi</journal-id><journal-id journal-id-type="publisher-id">acmi</journal-id><journal-title-group><journal-title>Access Microbiology</journal-title><abbrev-journal-title abbrev-type="pubmed">acmi</abbrev-journal-title></journal-title-group><issn pub-type="epub">2516-8290</issn><publisher><publisher-name>Microbiology Society</publisher-name></publisher></journal-meta><article-meta><article-id pub-id-type="publisher-id">acmi.cc2021.po0176</article-id><article-id pub-id-type="doi">363</article-id><article-categories><subj-group subj-group-type="heading"><subject>Poster Presentation</subject></subj-group><subj-group subj-group-type="heading"><subject>Abstracts from the Candida and Candidiasis Meeting 2021</subject></subj-group></article-categories><title-group><article-title>Precise editing using CRISPR-Cas9 to explore the contribution of clinically-derived mutations to antifungal resistance in the pathogenic yeast Candida parapsilosis</article-title><alt-title alt-title-type="recto-page-foot"><ext-link ext-link-type="uri" xlink:type="simple" xlink:href="http://jmmcr.microbiologyresearch.org">http://jmmcr.microbiologyresearch.org</ext-link></alt-title></title-group><contrib-group><contrib contrib-type="author"><name><surname>Hartuis</surname><given-names>Sophie</given-names></name><xref ref-type="aff" rid="aff2"/><xref ref-type="aff" rid="aff3"/><xref ref-type="aff" rid="aff4"/></contrib><contrib contrib-type="author"><name><surname>Robert</surname><given-names>Estelle</given-names></name><xref ref-type="aff" rid="aff1"/><xref ref-type="aff" rid="aff2"/><xref ref-type="aff" rid="aff3"/><xref ref-type="aff" rid="aff4"/></contrib><contrib contrib-type="author"><name><surname>Lombardi</surname><given-names>Lisa</given-names></name><xref ref-type="aff" rid="aff1"/><xref ref-type="aff" rid="aff2"/><xref ref-type="aff" rid="aff3"/><xref ref-type="aff" rid="aff4"/></contrib><contrib contrib-type="author"><name><surname>Butler</surname><given-names>Geraldine</given-names></name><xref ref-type="aff" rid="aff1"/><xref ref-type="aff" rid="aff2"/><xref ref-type="aff" rid="aff3"/><xref ref-type="aff" rid="aff4"/></contrib><contrib contrib-type="author"><name><surname>Le</surname><given-names>Patrice</given-names></name><xref ref-type="aff" rid="aff1"/><xref ref-type="aff" rid="aff2"/><xref ref-type="aff" rid="aff3"/><xref ref-type="aff" rid="aff4"/></contrib><contrib contrib-type="author"><name><surname>Morio</surname><given-names>Florent</given-names></name><xref ref-type="aff" rid="aff1"/><xref ref-type="aff" rid="aff2"/><xref ref-type="aff" rid="aff3"/><xref ref-type="aff" rid="aff4"/></contrib><aff id="aff1"><institution>Laboratoire de Parasitologie-Mycologie</institution>, <country> Institut de Biologie</country></aff><aff id="aff2"><institution>Département de Parasitologie Et Mycologie Médicale</institution>, <country> EA1155 IICiMed</country></aff><aff id="aff5"><institution>Département de Parasitologie Et Mycologie Médicale</institution>, <country> EA1155 IICiMed</country></aff><aff id="aff9"><institution>School of Biomolecular and Biomedical Science</institution>, <country> Conway Institute</country></aff><aff id="aff13"><institution>School of Biomolecular and Biomedical Science</institution>, <country> Conway Institute</country></aff><aff id="aff17"><institution>Laboratoire de Parasitologie-Mycologie</institution>, <country> Institut de Biologie</country></aff><aff id="aff18"><institution>Département de Parasitologie Et Mycologie Médicale</institution>, <country> EA1155 IICiMed</country></aff><aff id="aff21"><institution>Laboratoire de Parasitologie-Mycologie</institution>, <country> Institut de Biologie</country></aff><aff id="aff22"><institution>Département de Parasitologie Et Mycologie Médicale</institution>, <country> EA1155 IICiMed</country></aff></contrib-group><author-notes><corresp id="cor1">&amp;#x002A;<bold>Correspondence:</bold>Florent Morio, <email xlink:href="florent.morio@gmail.com" xlink:type="simple">florent.morio@gmail.com</email></corresp></author-notes><pub-date pub-type="ppub"><month>7</month><year>2020</year></pub-date><pub-date pub-type="epub"><day>10</day><month>07</month><year>2020</year></pub-date><volume>2</volume><issue>7A</issue><elocation-id>2</elocation-id><permissions><copyright-statement>&amp;#x00A9; 2021 The Authors</copyright-statement><copyright-year>2021</copyright-year><license license-type="open-access" xlink:href="http://creativecommons.org/licenses/by/4.0/"><license-p>This is an open-access article distributed under the terms of the Creative Commons Attribution License.</license-p></license></permissions><self-uri xlink:href="acmi.cc2021.po0176.pdf" content-type="pdf"/><abstract><p>Introduction</p><p>
Candida parapsilosis is both a commensal/saprophytic yeast of the human skin and an opportunistic pathogen which can be responsible for life-threatening infections. The increasing reports of clonal outbreaks involving azole-resistant C. parapsilosis in the clinical setting is worrisome and urges for a better understanding of antifungal resistance in this species. Previous studies have identified mutations in key genes which can explain acquired fluconazole resistance. Reverse genetics approaches are now warranted to confirm their involvement and to determine whether they can affect other clinically-licensed antifungals. Here, we used a CRISPR-Cas9 technique to study the relative contributions of clinically-derived mutations to antifungal resistance and provide answers to these questions.

Materials and Methods

Six clinically-derived mutations were selected (ERG11Y132F, ERG11K143R,ERG11R398I, TAC1G650E, MRR1G583R, ERG3G111R) to be engineered in two C. parapsilosis fluconazole-susceptible backgrounds (ATCC22019, STZ5) using a previously described CRISPR-Cas9 method. In vitrosusceptibility of the transformants to fluconazole, voriconazole, posaconazole, isavuconazole and micafungin was determined by Etest®.

Results/Discussion

The impact on fluconazole susceptibility was highly variable depending on the residue/gene involved, but roughly similar between the two genetic backgrounds. All but two(ERG11R398I, ERG3G111R) conferred fluconazole resistance, though the highest MIC increase was observed for MRR1G583R (≥650 fold). As expected in a diploid species, we noted an impact of allelic dosage. Some kind of cross-resistance to the other azoles was noted from some mutations, although the impact was lower for posaconazole and isavuconazole, except for MRR1G583R which led to multi-azole resistance. Finally, ERG3G111R increased tolerance to both azoles and echinocandins.</p></abstract><custom-meta-group><custom-meta><meta-name>OpenAccessEmbargo</meta-name><meta-value>0</meta-value></custom-meta></custom-meta-group></article-meta></front></article>