<?xml version="1.0" encoding="UTF-8"?><!DOCTYPE article PUBLIC "-//NLM//DTD JATS (Z39.96) Journal Archiving and Interchange DTD v1.1 20151215//EN" "JATS-archivearticle1.dtd"><article xmlns:mml="http://www.w3.org/1998/Math/MathML" xmlns:xlink="http://www.w3.org/1999/xlink" article-type="meeting-report" dtd-version="1.1" xml:lang="EN"><front><journal-meta><journal-id journal-id-type="nlm-ta">Access Microbiology</journal-id><journal-id journal-id-type="hwp">acmi</journal-id><journal-id journal-id-type="publisher-id">acmi</journal-id><journal-title-group><journal-title>Access Microbiology</journal-title><abbrev-journal-title abbrev-type="pubmed">acmi</abbrev-journal-title></journal-title-group><issn pub-type="epub">2516-8290</issn><publisher><publisher-name>Microbiology Society</publisher-name></publisher></journal-meta><article-meta><article-id pub-id-type="publisher-id">acmi.cc2021.po0039</article-id><article-id pub-id-type="doi">89</article-id><article-categories><subj-group subj-group-type="heading"><subject>Oral Abstract</subject></subj-group><subj-group subj-group-type="heading"><subject>Abstracts from the Candida and Candidiasis Meeting 2021</subject></subj-group></article-categories><title-group><article-title>The first multi-omic interaction network in the human pathogen Candida glabrata provides novel insights into the virulence regulator, Hsp90.</article-title><alt-title alt-title-type="recto-page-foot"><ext-link ext-link-type="uri" xlink:type="simple" xlink:href="http://jmmcr.microbiologyresearch.org">http://jmmcr.microbiologyresearch.org</ext-link></alt-title></title-group><contrib-group><contrib contrib-type="author"><name><surname>Crunden</surname><given-names>Julia</given-names></name><xref ref-type="aff" rid="aff2"/><xref ref-type="aff" rid="aff3"/><xref ref-type="aff" rid="aff4"/><xref ref-type="corresp" rid="cor1">&amp;#x002A;</xref></contrib><contrib contrib-type="author"><name><surname>Haynes</surname><given-names>Ken</given-names></name><xref ref-type="aff" rid="aff1"/><xref ref-type="aff" rid="aff2"/><xref ref-type="aff" rid="aff3"/><xref ref-type="aff" rid="aff4"/></contrib><contrib contrib-type="author"><name><surname>Diezmann</surname><given-names>Stephanie</given-names></name><xref ref-type="aff" rid="aff1"/><xref ref-type="aff" rid="aff2"/><xref ref-type="aff" rid="aff3"/><xref ref-type="aff" rid="aff4"/></contrib><aff id="aff1"><institution>School of Cellular and Molecular Medicine</institution>, <country> University of Bristol</country></aff><aff id="aff5"><institution>Biosciences</institution>, <country> University of Exeter</country></aff><aff id="aff9"><institution>School of Cellular and Molecular Medicine</institution>, <country> University of Bristol</country></aff></contrib-group><author-notes><corresp id="cor1">&amp;#x002A;<bold>Correspondence:</bold>Julia Crunden, <email xlink:href="jc1843@bristol.ac.uk" xlink:type="simple">jc1843@bristol.ac.uk</email></corresp></author-notes><pub-date pub-type="ppub"><month>7</month><year>2020</year></pub-date><pub-date pub-type="epub"><day>10</day><month>07</month><year>2020</year></pub-date><volume>2</volume><issue>7A</issue><elocation-id>2</elocation-id><permissions><copyright-statement>&amp;#x00A9; 2021 The Authors</copyright-statement><copyright-year>2021</copyright-year><license license-type="open-access" xlink:href="http://creativecommons.org/licenses/by/4.0/"><license-p>This is an open-access article distributed under the terms of the Creative Commons Attribution License.</license-p></license></permissions><self-uri xlink:href="acmi.cc2021.po0039.pdf" content-type="pdf"/><abstract><p>Candida glabrata-caused candidiasis is growing but treatments remain limited by paucity of drug targets, intrinsic azole resistance and increasing resistance to other drug classes. Drug resistance is one of numerous virulence traits regulated by the chaperone, heat shock protein 90 (Hsp90) in Candida albicans via its interactions with 5% of the genome. Hsp90 also regulates key drug resistance mechanisms in C. glabrata, but little else was known about Hsp90 in this organism. Therefore, CgHsp90 interactions were elucidated by genetic and proteomic methods. </p><p>A genetic network was produced by a chemical-genetic, synthetic-sick screen on a gene-deletion library covering 16% of the genome; whilst quantitative proteomics was undertaken by tandem mass tagging on wild-type cells. Both experiments were undertaken at 30°C, 37°C and 39°C and Hsp90 was perturbed using sub-lethal concentrations of Hsp90 inhibitor.
Efforts to identify Hsp90 interactors at these host-infection associated temperatures produced a genetic network of 68 genes and a protein network of 2298 proteins. Of these, 4 genes and 261 proteins interacted with Hsp90 at all three temperatures, indicating a core Hsp90 interaction network. Intriguingly, both networks had enrichment for the “antibiotic biosynthesis” GO term. Two genes, BCY1 and MCM16, were found to interact with Hsp90 at multiple temperatures in both networks. These data indicate the divergence of Hsp90 networks between C. glabrata and its close relatives and offer important targets for further research. 
Presented here is the first multi-omic interaction network in C. glabrata, focused on the virulence and drug resistance regulator, Hsp90.</p></abstract><custom-meta-group><custom-meta><meta-name>OpenAccessEmbargo</meta-name><meta-value>0</meta-value></custom-meta></custom-meta-group></article-meta></front></article>