<?xml version="1.0" encoding="UTF-8"?><!DOCTYPE article PUBLIC "-//NLM//DTD JATS (Z39.96) Journal Archiving and Interchange DTD v1.1 20151215//EN" "JATS-archivearticle1.dtd"><article xmlns:mml="http://www.w3.org/1998/Math/MathML" xmlns:xlink="http://www.w3.org/1999/xlink" article-type="meeting-report" dtd-version="1.1" xml:lang="EN"><front><journal-meta><journal-id journal-id-type="nlm-ta">Access Microbiology</journal-id><journal-id journal-id-type="hwp">acmi</journal-id><journal-id journal-id-type="publisher-id">acmi</journal-id><journal-title-group><journal-title>Access Microbiology</journal-title><abbrev-journal-title abbrev-type="pubmed">acmi</abbrev-journal-title></journal-title-group><issn pub-type="epub">2516-8290</issn><publisher><publisher-name>Microbiology Society</publisher-name></publisher></journal-meta><article-meta><article-id pub-id-type="publisher-id">acmi.cc2021.po0036</article-id><article-id pub-id-type="doi">83</article-id><article-categories><subj-group subj-group-type="heading"><subject>Oral Abstract</subject></subj-group><subj-group subj-group-type="heading"><subject>Abstracts from the Candida and Candidiasis Meeting 2021</subject></subj-group></article-categories><title-group><article-title>Candida albicans phosphate transport, facilitating nucleotide sugar biosynthesis, contributes to cell wall stability.</article-title><alt-title alt-title-type="recto-page-foot"><ext-link ext-link-type="uri" xlink:type="simple" xlink:href="http://jmmcr.microbiologyresearch.org">http://jmmcr.microbiologyresearch.org</ext-link></alt-title></title-group><contrib-group><contrib contrib-type="author"><name><surname>Acosta-Zaldivar</surname><given-names>Maikel</given-names></name><xref ref-type="aff" rid="aff2"/><xref ref-type="aff" rid="aff3"/><xref ref-type="aff" rid="aff4"/><xref ref-type="corresp" rid="cor1">&amp;#x002A;</xref></contrib><contrib contrib-type="author"><name><surname>Qi</surname><given-names>Wanjun</given-names></name><xref ref-type="aff" rid="aff1"/><xref ref-type="aff" rid="aff2"/><xref ref-type="aff" rid="aff3"/><xref ref-type="aff" rid="aff4"/></contrib><contrib contrib-type="author"><name><surname>Liu</surname><given-names>Ning-Ning</given-names></name><xref ref-type="aff" rid="aff1"/><xref ref-type="aff" rid="aff2"/><xref ref-type="aff" rid="aff3"/><xref ref-type="aff" rid="aff4"/></contrib><contrib contrib-type="author"><name><surname>Diray-Arce</surname><given-names>Joann</given-names></name><xref ref-type="aff" rid="aff1"/><xref ref-type="aff" rid="aff2"/><xref ref-type="aff" rid="aff3"/><xref ref-type="aff" rid="aff4"/></contrib><contrib contrib-type="author"><name><surname>A.</surname><given-names>Louise</given-names></name><xref ref-type="aff" rid="aff1"/><xref ref-type="aff" rid="aff2"/><xref ref-type="aff" rid="aff3"/><xref ref-type="aff" rid="aff4"/></contrib><contrib contrib-type="author"><name><surname>J.</surname><given-names>Theodore</given-names></name><xref ref-type="aff" rid="aff1"/><xref ref-type="aff" rid="aff2"/><xref ref-type="aff" rid="aff3"/><xref ref-type="aff" rid="aff4"/></contrib><contrib contrib-type="author"><name><surname>Kelly</surname><given-names>Rachel</given-names></name><xref ref-type="aff" rid="aff1"/><xref ref-type="aff" rid="aff2"/><xref ref-type="aff" rid="aff3"/><xref ref-type="aff" rid="aff4"/></contrib><contrib contrib-type="author"><name><surname>Yuan</surname><given-names>Min</given-names></name><xref ref-type="aff" rid="aff1"/><xref ref-type="aff" rid="aff2"/><xref ref-type="aff" rid="aff3"/><xref ref-type="aff" rid="aff4"/></contrib><contrib contrib-type="author"><name><surname>M.</surname><given-names>John</given-names></name><xref ref-type="aff" rid="aff1"/><xref ref-type="aff" rid="aff2"/><xref ref-type="aff" rid="aff3"/><xref ref-type="aff" rid="aff4"/></contrib><contrib contrib-type="author"><name><surname>Ann</surname><given-names>Jessica</given-names></name><xref ref-type="aff" rid="aff1"/><xref ref-type="aff" rid="aff2"/><xref ref-type="aff" rid="aff3"/><xref ref-type="aff" rid="aff4"/></contrib><contrib contrib-type="author"><name><surname>Levy</surname><given-names>Ofer</given-names></name><xref ref-type="aff" rid="aff1"/><xref ref-type="aff" rid="aff2"/><xref ref-type="aff" rid="aff3"/><xref ref-type="aff" rid="aff4"/></contrib><contrib contrib-type="author"><name><surname>H.</surname><given-names>Andrew</given-names></name><xref ref-type="aff" rid="aff1"/><xref ref-type="aff" rid="aff2"/><xref ref-type="aff" rid="aff3"/><xref ref-type="aff" rid="aff4"/></contrib><contrib contrib-type="author"><name><surname>A.</surname><given-names>Neil</given-names></name><xref ref-type="aff" rid="aff1"/><xref ref-type="aff" rid="aff2"/><xref ref-type="aff" rid="aff3"/><xref ref-type="aff" rid="aff4"/></contrib><contrib contrib-type="author"><name><surname>Ruth</surname><given-names>Julia</given-names></name><xref ref-type="aff" rid="aff1"/><xref ref-type="aff" rid="aff2"/><xref ref-type="aff" rid="aff3"/><xref ref-type="aff" rid="aff4"/></contrib><aff id="aff1"><institution>Boston Children's Hospital/ Harvard Medical School</institution>, <country> USA</country></aff><aff id="aff5"><institution>Boston Children's Hospital/ Harvard Medical School</institution>, <country> USA</country></aff><aff id="aff9"><institution>School of Public Health</institution>, <country> Shanghai Jiao Tong University</country></aff><aff id="aff13"><institution>Boston Children's Hospital/ Harvard Medical School</institution>, <country> USA</country></aff><aff id="aff14"><institution>Precision Vaccines Program</institution>, <country> Boston Children’s Hospital</country></aff><aff id="aff17"><institution>Medical Research Council Centre for Medical Mycology at the University of Aberdeen</institution>, <country> United Kingdom</country></aff><aff id="aff21"><institution>Thoracic Diseases Research Unit</institution>, <country> Departments of Medicine and Biochemistry</country></aff><aff id="aff25"><institution>Channing Division of Network Medicine</institution>, <country> Brigham and Women’s Hospital/Harvard Medical School</country></aff><aff id="aff29"><institution>Division of Signal Transduction and Mass Spectrometry Core</institution>, <country> Beth Israel Deaconess Medical Center</country></aff><aff id="aff33"><institution>Division of Signal Transduction</institution>, <country> Beth Israel Deaconess Medical Center and Department of Medicine</country></aff><aff id="aff37"><institution>Channing Division of Network Medicine</institution>, <country> Brigham and Women’s Hospital/Harvard Medical School</country></aff><aff id="aff41"><institution>Boston Children's Hospital/ Harvard Medical School</institution>, <country> USA</country></aff><aff id="aff42"><institution>Precision Vaccines Program</institution>, <country> Boston Children’s Hospital</country></aff><aff id="aff45"><institution>Thoracic Diseases Research Unit</institution>, <country> Departments of Medicine and Biochemistry</country></aff><aff id="aff49"><institution>School of Biosciences</institution>, <country> Geoffrey Pope Building</country></aff><aff id="aff53"><institution>Boston Children's Hospital/ Harvard Medical School</institution>, <country> USA</country></aff></contrib-group><author-notes><corresp id="cor1">&amp;#x002A;<bold>Correspondence:</bold>Maikel Acosta-Zaldivar, <email xlink:href="maikel.acostazaldivar@childrens.harvard.edu" xlink:type="simple">maikel.acostazaldivar@childrens.harvard.edu</email></corresp></author-notes><pub-date pub-type="ppub"><month>7</month><year>2020</year></pub-date><pub-date pub-type="epub"><day>10</day><month>07</month><year>2020</year></pub-date><volume>2</volume><issue>7A</issue><elocation-id>2</elocation-id><permissions><copyright-statement>&amp;#x00A9; 2021 The Authors</copyright-statement><copyright-year>2021</copyright-year><license license-type="open-access" xlink:href="http://creativecommons.org/licenses/by/4.0/"><license-p>This is an open-access article distributed under the terms of the Creative Commons Attribution License.</license-p></license></permissions><self-uri xlink:href="acmi.cc2021.po0036.pdf" content-type="pdf"/><abstract><p>The Candida albicans high-affinity phosphate transporter Pho84 is required for normal Target of Rapamycin signaling, oxidative stress resistance and virulence of this fungal pathogen. It also contributes to C. albicans’ tolerance of two antifungal drug classes, polyenes and echinocandins. Echinocandins inhibit biosynthesis of a major cell wall component, beta-1,3-glucan. Cells lacking Pho84 were hypersensitive to other forms of cell wall stress beyond echinocandin exposure, while their cell wall integrity signaling response was weak. Metabolomics experiments showed that levels of phosphoric intermediates, including nucleotides like ATP and nucleotide sugars, were low in pho84 mutant compared to wild type cells recovering from phosphate starvation. Non-phosphoric precursors like nucleobases and nucleosides were elevated. Outer cell wall phosphomannan biosynthesis requires a nucleotide sugar,GDP-mannose. The nucleotide sugar UDP-glucose is the substrate of enzymes that synthesize two major structural cell wall polysaccharides, beta-1,3- and beta-1,6-glucan. Another nucleotide sugar, UDP-N-acetylglucosamine, is the substrate of chitin synthases which produce a stabilizing component of the intercellular septum and of lateral cell walls. Lack of Pho84 activity, and phosphate starvation, potentiated pharmacological or genetic perturbation of these enzymes. Our model is that low substrate concentrations of beta-D-glucan- and chitin synthases diminish enzymatic reaction rates and potentiate pharmacologic inhibitors to decrease the yield of their cell wall-stabilizing products. Phosphate import is not conserved between fungal and human cells, and humans do not synthesize beta-D-glucans or chitin. Hence inhibiting these processes simultaneously could yield potent antifungal effects with low toxicity to humans.</p></abstract><custom-meta-group><custom-meta><meta-name>OpenAccessEmbargo</meta-name><meta-value>0</meta-value></custom-meta></custom-meta-group></article-meta></front></article>