<?xml version="1.0" encoding="UTF-8"?><!DOCTYPE article PUBLIC "-//NLM//DTD JATS (Z39.96) Journal Archiving and Interchange DTD v1.1 20151215//EN" "JATS-archivearticle1.dtd"><article xmlns:mml="http://www.w3.org/1998/Math/MathML" xmlns:xlink="http://www.w3.org/1999/xlink" article-type="meeting-report" dtd-version="1.1" xml:lang="EN"><front><journal-meta><journal-id journal-id-type="nlm-ta">Access Microbiology</journal-id><journal-id journal-id-type="hwp">acmi</journal-id><journal-id journal-id-type="publisher-id">acmi</journal-id><journal-title-group><journal-title>Access Microbiology</journal-title><abbrev-journal-title abbrev-type="pubmed">acmi</abbrev-journal-title></journal-title-group><issn pub-type="epub">2516-8290</issn><publisher><publisher-name>Microbiology Society</publisher-name></publisher></journal-meta><article-meta><article-id pub-id-type="publisher-id">acmi.cc2021.po0168</article-id><article-id pub-id-type="doi">352</article-id><article-categories><subj-group subj-group-type="heading"><subject>Poster Presentation</subject></subj-group><subj-group subj-group-type="heading"><subject>Abstracts from the Candida and Candidiasis Meeting 2021</subject></subj-group></article-categories><title-group><article-title>The gut commensal Bacteroides vulgatus mpk reduces Candida albicans pathogenicity towards epithelial cells</article-title><alt-title alt-title-type="recto-page-foot"><ext-link ext-link-type="uri" xlink:type="simple" xlink:href="http://jmmcr.microbiologyresearch.org">http://jmmcr.microbiologyresearch.org</ext-link></alt-title></title-group><contrib-group><contrib contrib-type="author"><name><surname>Lisa</surname><given-names>Merle</given-names></name><xref ref-type="aff" rid="aff2"/><xref ref-type="aff" rid="aff3"/><xref ref-type="aff" rid="aff4"/></contrib><contrib contrib-type="author"><name><surname>Joanna</surname><given-names>Maria</given-names></name><xref ref-type="aff" rid="aff1"/><xref ref-type="aff" rid="aff2"/><xref ref-type="aff" rid="aff3"/><xref ref-type="aff" rid="aff4"/></contrib><contrib contrib-type="author"><name><surname>Auge</surname><given-names>Isabel</given-names></name><xref ref-type="aff" rid="aff1"/><xref ref-type="aff" rid="aff2"/><xref ref-type="aff" rid="aff3"/><xref ref-type="aff" rid="aff4"/></contrib><contrib contrib-type="author"><name><surname>van</surname><given-names>Pim</given-names></name><xref ref-type="aff" rid="aff1"/><xref ref-type="aff" rid="aff2"/><xref ref-type="aff" rid="aff3"/><xref ref-type="aff" rid="aff4"/></contrib><contrib contrib-type="author"><name><surname>Gorki</surname><given-names>Friederike</given-names></name><xref ref-type="aff" rid="aff1"/><xref ref-type="aff" rid="aff2"/><xref ref-type="aff" rid="aff3"/><xref ref-type="aff" rid="aff4"/></contrib><contrib contrib-type="author"><name><surname>Steimle</surname><given-names>Alexander</given-names></name><xref ref-type="aff" rid="aff1"/><xref ref-type="aff" rid="aff2"/><xref ref-type="aff" rid="aff3"/><xref ref-type="aff" rid="aff4"/></contrib><contrib contrib-type="author"><name><surname>Frick</surname><given-names>Julia-Stefanie</given-names></name><xref ref-type="aff" rid="aff1"/><xref ref-type="aff" rid="aff2"/><xref ref-type="aff" rid="aff3"/><xref ref-type="aff" rid="aff4"/></contrib><contrib contrib-type="author"><name><surname>Denise</surname><given-names>Ilse</given-names></name><xref ref-type="aff" rid="aff1"/><xref ref-type="aff" rid="aff2"/><xref ref-type="aff" rid="aff3"/><xref ref-type="aff" rid="aff4"/></contrib><aff id="aff1"><institution>Leibniz Institute for Natural Product Research and Infection Biology – Hans Knöll Institute (HKI)</institution>, <country> Germany</country></aff><aff id="aff5"><institution>Leibniz Institute for Natural Product Research and Infection Biology – Hans Knöll Institute (HKI)</institution>, <country> Germany</country></aff><aff id="aff6"><institution>Centre for Sepsis Control and Care</institution>, <country> Germany</country></aff><aff id="aff9"><institution>Leibniz Institute for Natural Product Research and Infection Biology – Hans Knöll Institute (HKI)</institution>, <country> Germany</country></aff><aff id="aff13"><institution>Leibniz Institute for Natural Product Research and Infection Biology – Hans Knöll Institute (HKI)</institution>, <country> Germany</country></aff><aff id="aff17"><institution>Leibniz Institute for Natural Product Research and Infection Biology – Hans Knöll Institute (HKI)</institution>, <country> Germany</country></aff><aff id="aff21"><institution>Luxembourg Institute of Health</institution>, <country> Luxembourg</country></aff><aff id="aff25"><institution>Interfaculty Institute of Microbiology and Infection Medicine Tübingen (IMIT)</institution>, <country> Germany</country></aff><aff id="aff29"><institution>Leibniz Institute for Natural Product Research and Infection Biology – Hans Knöll Institute (HKI)</institution>, <country> Germany</country></aff><aff id="aff30"><institution>Centre for Sepsis Control and Care</institution>, <country> Germany</country></aff><aff id="aff31"><institution>Friedrich Schiller Univeristy</institution>, <country> Germany</country></aff></contrib-group><author-notes><corresp id="cor1">&amp;#x002A;<bold>Correspondence:</bold>Merle Hammer, <email xlink:href="merle.hammer@hki-jena.de" xlink:type="simple">merle.hammer@hki-jena.de</email></corresp></author-notes><pub-date pub-type="ppub"><month>7</month><year>2020</year></pub-date><pub-date pub-type="epub"><day>10</day><month>07</month><year>2020</year></pub-date><volume>2</volume><issue>7A</issue><elocation-id>2</elocation-id><permissions><copyright-statement>&amp;#x00A9; 2021 The Authors</copyright-statement><copyright-year>2021</copyright-year><license license-type="open-access" xlink:href="http://creativecommons.org/licenses/by/4.0/"><license-p>This is an open-access article distributed under the terms of the Creative Commons Attribution License.</license-p></license></permissions><self-uri xlink:href="acmi.cc2021.po0168.pdf" content-type="pdf"/><abstract><p>The human body is colonized by various microbes, among them the yeast Candida albicans. Mostly harmless, this opportunist causes also disease, ranging from superficial infections to sepsis. Risk factors are disturbed host defenses, mucosal barrier breakdown, and antibiotic-induced dysbiosis. Hence, residing bacteria are important to protect from Candida-mediated damage or inflammation. Bacteroides vulgatus mpk, e.g., is described as positively immunomodulatory in mouse models of inflammatory bowel disease, but its effect on the mycobiota is unknown.</p><p>
In this study we aimed to determine if B. vulgatus mpk affects C. albicans pathogenicity.

Therefore, intestinal and oral epithelial cellswere pre-infectedin vitrowith B.vulgatusmpkandthen challengedwith C. albicansSC5314. The role of soluble factors was investigated by spatial separation or use of Bacteroides-conditioned medium (BCM).

Preincubation of host cells with B. vulgatus mpk strongly reduced C. albicans-mediated damage while fungal burden and hyphal length were unaffected by the bacterium. The protective effect did not depend on direct contact of Bacteroidesto host cellsor Candida and could be mimicked using BCM.Contact independency suggests that diffusible factors modulate host cell susceptibility.

Ongoing experiments aim to identifykey solubleBacteroidesmediatorsas well as subsequent host cell signaling.Additionally, co-colonization experiments of germ-free mice are planned to investigate B. vulgatus mpk’s potential to mediate colonization resistance towards C. albicans. This will contribute to our understanding of how commensal bacteria affect C. albicans and host protection.</p></abstract><custom-meta-group><custom-meta><meta-name>OpenAccessEmbargo</meta-name><meta-value>0</meta-value></custom-meta></custom-meta-group></article-meta></front></article>