<?xml version="1.0" encoding="UTF-8"?><!DOCTYPE article PUBLIC "-//NLM//DTD JATS (Z39.96) Journal Archiving and Interchange DTD v1.1 20151215//EN" "JATS-archivearticle1.dtd"><article xmlns:mml="http://www.w3.org/1998/Math/MathML" xmlns:xlink="http://www.w3.org/1999/xlink" article-type="meeting-report" dtd-version="1.1" xml:lang="EN"><front><journal-meta><journal-id journal-id-type="nlm-ta">Access Microbiology</journal-id><journal-id journal-id-type="hwp">acmi</journal-id><journal-id journal-id-type="publisher-id">acmi</journal-id><journal-title-group><journal-title>Access Microbiology</journal-title><abbrev-journal-title abbrev-type="pubmed">acmi</abbrev-journal-title></journal-title-group><issn pub-type="epub">2516-8290</issn><publisher><publisher-name>Microbiology Society</publisher-name></publisher></journal-meta><article-meta><article-id pub-id-type="publisher-id">acmi.cc2021.po0006</article-id><article-id pub-id-type="doi">17</article-id><article-categories><subj-group subj-group-type="heading"><subject>Oral Abstract</subject></subj-group><subj-group subj-group-type="heading"><subject>Abstracts from the Candida and Candidiasis Meeting 2021</subject></subj-group></article-categories><title-group><article-title>Exploiting Diverse Chemical Collections to Uncover Novel Antifungals</article-title><alt-title alt-title-type="recto-page-foot"><ext-link ext-link-type="uri" xlink:type="simple" xlink:href="http://jmmcr.microbiologyresearch.org">http://jmmcr.microbiologyresearch.org</ext-link></alt-title></title-group><contrib-group><contrib contrib-type="author"><name><surname>Iyer</surname><given-names>Kali</given-names></name><xref ref-type="aff" rid="aff2"/><xref ref-type="aff" rid="aff3"/><xref ref-type="aff" rid="aff4"/><xref ref-type="corresp" rid="cor1">&amp;#x002A;</xref></contrib><contrib contrib-type="author"><name><surname>Camara</surname><given-names>Kaddy</given-names></name><xref ref-type="aff" rid="aff1"/><xref ref-type="aff" rid="aff2"/><xref ref-type="aff" rid="aff3"/><xref ref-type="aff" rid="aff4"/></contrib><contrib contrib-type="author"><name><surname>Daniel-Ivad</surname><given-names>Martin</given-names></name><xref ref-type="aff" rid="aff1"/><xref ref-type="aff" rid="aff2"/><xref ref-type="aff" rid="aff3"/><xref ref-type="aff" rid="aff4"/></contrib><contrib contrib-type="author"><name><surname>Revie</surname><given-names>Nicole</given-names></name><xref ref-type="aff" rid="aff1"/><xref ref-type="aff" rid="aff2"/><xref ref-type="aff" rid="aff3"/><xref ref-type="aff" rid="aff4"/></contrib><contrib contrib-type="author"><name><surname>Lou</surname><given-names>Jennifer</given-names></name><xref ref-type="aff" rid="aff1"/><xref ref-type="aff" rid="aff2"/><xref ref-type="aff" rid="aff3"/><xref ref-type="aff" rid="aff4"/></contrib><contrib contrib-type="author"><name><surname>Li</surname><given-names>Sheena</given-names></name><xref ref-type="aff" rid="aff1"/><xref ref-type="aff" rid="aff2"/><xref ref-type="aff" rid="aff3"/><xref ref-type="aff" rid="aff4"/></contrib><contrib contrib-type="author"><name><surname>Trilles</surname><given-names>Richard</given-names></name><xref ref-type="aff" rid="aff1"/><xref ref-type="aff" rid="aff2"/><xref ref-type="aff" rid="aff3"/><xref ref-type="aff" rid="aff4"/></contrib><contrib contrib-type="author"><name><surname>Elardo</surname><given-names>Sheila</given-names></name><xref ref-type="aff" rid="aff1"/><xref ref-type="aff" rid="aff2"/><xref ref-type="aff" rid="aff3"/><xref ref-type="aff" rid="aff4"/></contrib><contrib contrib-type="author"><name><surname>Yashiroda</surname><given-names>Yoko</given-names></name><xref ref-type="aff" rid="aff1"/><xref ref-type="aff" rid="aff2"/><xref ref-type="aff" rid="aff3"/><xref ref-type="aff" rid="aff4"/></contrib><contrib contrib-type="author"><name><surname>Fossen</surname><given-names>Jen</given-names></name><xref ref-type="aff" rid="aff1"/><xref ref-type="aff" rid="aff2"/><xref ref-type="aff" rid="aff3"/><xref ref-type="aff" rid="aff4"/></contrib><contrib contrib-type="author"><name><surname>Marchillo</surname><given-names>Karen</given-names></name><xref ref-type="aff" rid="aff1"/><xref ref-type="aff" rid="aff2"/><xref ref-type="aff" rid="aff3"/><xref ref-type="aff" rid="aff4"/></contrib><contrib contrib-type="author"><name><surname>Liu</surname><given-names>Zhongle</given-names></name><xref ref-type="aff" rid="aff1"/><xref ref-type="aff" rid="aff2"/><xref ref-type="aff" rid="aff3"/><xref ref-type="aff" rid="aff4"/></contrib><contrib contrib-type="author"><name><surname>Singh</surname><given-names>Shakti</given-names></name><xref ref-type="aff" rid="aff1"/><xref ref-type="aff" rid="aff2"/><xref ref-type="aff" rid="aff3"/><xref ref-type="aff" rid="aff4"/></contrib><contrib contrib-type="author"><name><surname>Muñoz</surname><given-names>Jose</given-names></name><xref ref-type="aff" rid="aff1"/><xref ref-type="aff" rid="aff2"/><xref ref-type="aff" rid="aff3"/><xref ref-type="aff" rid="aff4"/></contrib><contrib contrib-type="author"><name><surname>Hu</surname><given-names>Sang</given-names></name><xref ref-type="aff" rid="aff1"/><xref ref-type="aff" rid="aff2"/><xref ref-type="aff" rid="aff3"/><xref ref-type="aff" rid="aff4"/></contrib><contrib contrib-type="author"><name><surname>Hirano</surname><given-names>Hiroyuki</given-names></name><xref ref-type="aff" rid="aff1"/><xref ref-type="aff" rid="aff2"/><xref ref-type="aff" rid="aff3"/><xref ref-type="aff" rid="aff4"/></contrib><contrib contrib-type="author"><name><surname>Yoshida</surname><given-names>Minoru</given-names></name><xref ref-type="aff" rid="aff1"/><xref ref-type="aff" rid="aff2"/><xref ref-type="aff" rid="aff3"/><xref ref-type="aff" rid="aff4"/></contrib><contrib contrib-type="author"><name><surname>Osada</surname><given-names>Hiroyuki</given-names></name><xref ref-type="aff" rid="aff1"/><xref ref-type="aff" rid="aff2"/><xref ref-type="aff" rid="aff3"/><xref ref-type="aff" rid="aff4"/></contrib><contrib contrib-type="author"><name><surname>Cuomo</surname><given-names>Christina</given-names></name><xref ref-type="aff" rid="aff1"/><xref ref-type="aff" rid="aff2"/><xref ref-type="aff" rid="aff3"/><xref ref-type="aff" rid="aff4"/></contrib><contrib contrib-type="author"><name><surname>Williams</surname><given-names>Noelle</given-names></name><xref ref-type="aff" rid="aff1"/><xref ref-type="aff" rid="aff2"/><xref ref-type="aff" rid="aff3"/><xref ref-type="aff" rid="aff4"/></contrib><contrib contrib-type="author"><name><surname>Ibrahim</surname><given-names>Ashraf</given-names></name><xref ref-type="aff" rid="aff1"/><xref ref-type="aff" rid="aff2"/><xref ref-type="aff" rid="aff3"/><xref ref-type="aff" rid="aff4"/></contrib><contrib contrib-type="author"><name><surname>Edwards</surname><given-names>Jack</given-names></name><xref ref-type="aff" rid="aff1"/><xref ref-type="aff" rid="aff2"/><xref ref-type="aff" rid="aff3"/><xref ref-type="aff" rid="aff4"/></contrib><contrib contrib-type="author"><name><surname>Andes</surname><given-names>David</given-names></name><xref ref-type="aff" rid="aff1"/><xref ref-type="aff" rid="aff2"/><xref ref-type="aff" rid="aff3"/><xref ref-type="aff" rid="aff4"/></contrib><contrib contrib-type="author"><name><surname>Nodwell</surname><given-names>Justin</given-names></name><xref ref-type="aff" rid="aff1"/><xref ref-type="aff" rid="aff2"/><xref ref-type="aff" rid="aff3"/><xref ref-type="aff" rid="aff4"/></contrib><contrib contrib-type="author"><name><surname>Porco</surname><given-names>John</given-names></name><xref ref-type="aff" rid="aff1"/><xref ref-type="aff" rid="aff2"/><xref ref-type="aff" rid="aff3"/><xref ref-type="aff" rid="aff4"/></contrib><contrib contrib-type="author"><name><surname>Boone</surname><given-names>Charlie</given-names></name><xref ref-type="aff" rid="aff1"/><xref ref-type="aff" rid="aff2"/><xref ref-type="aff" rid="aff3"/><xref ref-type="aff" rid="aff4"/></contrib><contrib contrib-type="author"><name><surname>Mazhab-Jafari</surname><given-names>Mohammad</given-names></name><xref ref-type="aff" rid="aff1"/><xref ref-type="aff" rid="aff2"/><xref ref-type="aff" rid="aff3"/><xref ref-type="aff" rid="aff4"/></contrib><contrib contrib-type="author"><name><surname>Brown</surname><given-names>Lauren</given-names></name><xref ref-type="aff" rid="aff1"/><xref ref-type="aff" rid="aff2"/><xref ref-type="aff" rid="aff3"/><xref ref-type="aff" rid="aff4"/></contrib><contrib contrib-type="author"><name><surname>Whitesell</surname><given-names>Luke</given-names></name><xref ref-type="aff" rid="aff1"/><xref ref-type="aff" rid="aff2"/><xref ref-type="aff" rid="aff3"/><xref ref-type="aff" rid="aff4"/></contrib><contrib contrib-type="author"><name><surname>Robbins</surname><given-names>Nicole</given-names></name><xref ref-type="aff" rid="aff1"/><xref ref-type="aff" rid="aff2"/><xref ref-type="aff" rid="aff3"/><xref ref-type="aff" rid="aff4"/></contrib><contrib contrib-type="author"><name><surname>Cowen</surname><given-names>Leah</given-names></name><xref ref-type="aff" rid="aff1"/><xref ref-type="aff" rid="aff2"/><xref ref-type="aff" rid="aff3"/><xref ref-type="aff" rid="aff4"/></contrib><aff id="aff1"><institution>University of Toronto</institution>, <country> Canada</country></aff><aff id="aff5"><institution>Boston University</institution>, <country> USA</country></aff><aff id="aff9"><institution>University of Toronto</institution>, <country> Canada</country></aff><aff id="aff13"><institution>University of Toronto</institution>, <country> Canada</country></aff><aff id="aff17"><institution>University of Toronto</institution>, <country> Canada</country></aff><aff id="aff21"><institution>University of Toronto</institution>, <country> Canada</country></aff><aff id="aff25"><institution>Boston University</institution>, <country> USA</country></aff><aff id="aff29"><institution>University of Toronto</institution>, <country> Canada</country></aff><aff id="aff33"><institution>RIKEN Center for Sustainable Resource Science</institution>, <country> Japan</country></aff><aff id="aff37"><institution>University of Wisconsin</institution>, <country> USA</country></aff><aff id="aff41"><institution>University of Wisconsin</institution>, <country> USA</country></aff><aff id="aff45"><institution>University of Toronto</institution>, <country> Canada</country></aff><aff id="aff49"><institution>University of California</institution>, <country> Los Angeles</country></aff><aff id="aff53"><institution>Broad Institute of MIT and Harvard</institution>, <country> USA</country></aff><aff id="aff57"><institution>University of Toronto</institution>, <country> Canada</country></aff><aff id="aff61"><institution>RIKEN Center for Sustainable Resource Science</institution>, <country> Japan</country></aff><aff id="aff65"><institution>RIKEN Center for Sustainable Resource Science</institution>, <country> Japan</country></aff><aff id="aff69"><institution>RIKEN Center for Sustainable Resource Science</institution>, <country> Japan</country></aff><aff id="aff73"><institution>Broad Institute of MIT and Harvard</institution>, <country> USA</country></aff><aff id="aff77"><institution>University of Texas Southwestern</institution>, <country> USA</country></aff><aff id="aff81"><institution>University of California</institution>, <country> Los Angeles</country></aff><aff id="aff82"><institution>David Geffen School of Medicine</institution>, <country> USA</country></aff><aff id="aff85"><institution>University of California</institution>, <country> Los Angeles</country></aff><aff id="aff86"><institution>David Geffen School of Medicine</institution>, <country> USA</country></aff><aff id="aff89"><institution>University of Wisconsin</institution>, <country> USA</country></aff><aff id="aff62"><institution>University of Toronto</institution>, <country> Canada</country></aff><aff id="aff62"><institution>Boston University</institution>, <country> USA</country></aff><aff id="aff62"><institution>University of Toronto</institution>, <country> Canada</country></aff><aff id="aff62"><institution>University of Toronto</institution>, <country> Canada</country></aff><aff id="aff62"><institution>Boston University</institution>, <country> USA</country></aff><aff id="aff62"><institution>University of Toronto</institution>, <country> Canada</country></aff><aff id="aff62"><institution>University of Toronto</institution>, <country> Canada</country></aff><aff id="aff62"><institution>University of Toronto</institution>, <country> Canada</country></aff></contrib-group><author-notes><corresp id="cor1">&amp;#x002A;<bold>Correspondence:</bold>Kali Iyer, <email xlink:href="kali.iyer@mail.utoronto.ca" xlink:type="simple">kali.iyer@mail.utoronto.ca</email></corresp></author-notes><pub-date pub-type="ppub"><month>7</month><year>2020</year></pub-date><pub-date pub-type="epub"><day>10</day><month>07</month><year>2020</year></pub-date><volume>2</volume><issue>7A</issue><elocation-id>2</elocation-id><permissions><copyright-statement>&amp;#x00A9; 2021 The Authors</copyright-statement><copyright-year>2021</copyright-year><license license-type="open-access" xlink:href="http://creativecommons.org/licenses/by/4.0/"><license-p>This is an open-access article distributed under the terms of the Creative Commons Attribution License.</license-p></license></permissions><self-uri xlink:href="acmi.cc2021.po0006.pdf" content-type="pdf"/><abstract><p>The rise in drug resistance amongst pathogenic fungi, paired with the limited arsenal of antifungals available is an imminent threat to our medical system. To address this, we screened two distinct compound libraries to identify novel strategies to expand the antifungal armamentarium. The first collection wasthe RIKEN Natural Product Depository (NPDepo), which was screened for antifungal activity against four major human fungal pathogens: Candida albicans, Candida glabrata, Candida auris, and Cryptococcus neoformans. Through a prioritization pipeline, one compound, NPD6433, emerged as having broad-spectrum antifungal activity and minimal mammalian cytotoxicity. Chemical-genetic and biochemical assays demonstrated that NPD6433 inhibits the essential fungal enzyme fatty acid synthase 1 (Fas1). Treatment with NPD6433 inhibited various virulence traits in C. neoformansandC. auris,and rescued mammalian cell growth in a co-culture model with C. auris.The second compound library screened was adiversity-oriented collectionfrom Boston University. This chemical screen was focused on identifying novel molecules that enhance the activity of the widely deployed antifungal, fluconazole, against C. auris. Through this endeavour,we discovered a potent compound that enhanced fluconazole efficacy against C. auristhrough increasing azole intracellular accumulation. This activity was dependent on expression of the multidrug transporter geneCDR1, suggesting that this compound targets efflux mechanisms. Furthermore, this molecule significantly reduced fungal burden alone and in combination with fluconazole in a murine model of C. aurisdisseminated infection. Overall, this work identifies novel compounds with bioactivity against fungal pathogens, revealing important biology, and paving the way for the critical development of therapeutic strategies.</p></abstract><custom-meta-group><custom-meta><meta-name>OpenAccessEmbargo</meta-name><meta-value>0</meta-value></custom-meta></custom-meta-group></article-meta></front></article>