<?xml version="1.0" encoding="UTF-8"?><!DOCTYPE article PUBLIC "-//NLM//DTD JATS (Z39.96) Journal Archiving and Interchange DTD v1.1 20151215//EN" "JATS-archivearticle1.dtd"><article xmlns:mml="http://www.w3.org/1998/Math/MathML" xmlns:xlink="http://www.w3.org/1999/xlink" article-type="meeting-report" dtd-version="1.1" xml:lang="EN"><front><journal-meta><journal-id journal-id-type="nlm-ta">Access Microbiology</journal-id><journal-id journal-id-type="hwp">acmi</journal-id><journal-id journal-id-type="publisher-id">acmi</journal-id><journal-title-group><journal-title>Access Microbiology</journal-title><abbrev-journal-title abbrev-type="pubmed">acmi</abbrev-journal-title></journal-title-group><issn pub-type="epub">2516-8290</issn><publisher><publisher-name>Microbiology Society</publisher-name></publisher></journal-meta><article-meta><article-id pub-id-type="publisher-id">acmi.cc2021.po0140</article-id><article-id pub-id-type="doi">316</article-id><article-categories><subj-group subj-group-type="heading"><subject>Poster Presentation</subject></subj-group><subj-group subj-group-type="heading"><subject>Abstracts from the Candida and Candidiasis Meeting 2021</subject></subj-group></article-categories><title-group><article-title>Genome-wide analysis of experimentally evolved Candida auris reveals multiple novel mechanisms of multidrug-resistance.</article-title><alt-title alt-title-type="recto-page-foot"><ext-link ext-link-type="uri" xlink:type="simple" xlink:href="http://jmmcr.microbiologyresearch.org">http://jmmcr.microbiologyresearch.org</ext-link></alt-title></title-group><contrib-group><contrib contrib-type="author"><name><surname>Carolus</surname><given-names>Hans</given-names></name><xref ref-type="aff" rid="aff2"/><xref ref-type="aff" rid="aff3"/><xref ref-type="aff" rid="aff4"/><xref ref-type="corresp" rid="cor1">&amp;#x002A;</xref></contrib><contrib contrib-type="author"><name><surname>Pierson</surname><given-names>Siebe</given-names></name><xref ref-type="aff" rid="aff1"/><xref ref-type="aff" rid="aff2"/><xref ref-type="aff" rid="aff3"/><xref ref-type="aff" rid="aff4"/></contrib><contrib contrib-type="author"><name><surname>F.</surname><given-names>José</given-names></name><xref ref-type="aff" rid="aff1"/><xref ref-type="aff" rid="aff2"/><xref ref-type="aff" rid="aff3"/><xref ref-type="aff" rid="aff4"/></contrib><contrib contrib-type="author"><name><surname>Subotić</surname><given-names>Ana</given-names></name><xref ref-type="aff" rid="aff1"/><xref ref-type="aff" rid="aff2"/><xref ref-type="aff" rid="aff3"/><xref ref-type="aff" rid="aff4"/></contrib><contrib contrib-type="author"><name><surname>B.</surname><given-names>Rita</given-names></name><xref ref-type="aff" rid="aff1"/><xref ref-type="aff" rid="aff2"/><xref ref-type="aff" rid="aff3"/><xref ref-type="aff" rid="aff4"/></contrib><contrib contrib-type="author"><name><surname>A.</surname><given-names>Christina</given-names></name><xref ref-type="aff" rid="aff1"/><xref ref-type="aff" rid="aff2"/><xref ref-type="aff" rid="aff3"/><xref ref-type="aff" rid="aff4"/></contrib><contrib contrib-type="author"><name><surname>Van</surname><given-names>Patrick</given-names></name><xref ref-type="aff" rid="aff1"/><xref ref-type="aff" rid="aff2"/><xref ref-type="aff" rid="aff3"/><xref ref-type="aff" rid="aff4"/></contrib><aff id="aff1"><institution>KU Leuven</institution>, <country> Belgium</country></aff><aff id="aff2"><institution>VIB Center for Microbiology</institution>, <country> Belgium</country></aff><aff id="aff5"><institution>KU Leuven</institution>, <country> Belgium</country></aff><aff id="aff9"><institution>Broad Institute of MIT and Harvard</institution>, <country> USA</country></aff><aff id="aff13"><institution>KU Leuven</institution>, <country> Belgium</country></aff><aff id="aff14"><institution>VIB Center for Microbiology</institution>, <country> Belgium</country></aff><aff id="aff17"><institution>KU Leuven</institution>, <country> Belgium</country></aff><aff id="aff21"><institution>Broad Institute of MIT and Harvard</institution>, <country> USA</country></aff><aff id="aff25"><institution>KU Leuven</institution>, <country> Belgium</country></aff><aff id="aff26"><institution>VIB Center for Microbiology</institution>, <country> Belgium</country></aff></contrib-group><author-notes><corresp id="cor1">&amp;#x002A;<bold>Correspondence:</bold>Hans Carolus, <email xlink:href="hanscarolus@gmail.com" xlink:type="simple">hanscarolus@gmail.com</email></corresp></author-notes><pub-date pub-type="ppub"><month>7</month><year>2020</year></pub-date><pub-date pub-type="epub"><day>10</day><month>07</month><year>2020</year></pub-date><volume>2</volume><issue>7A</issue><elocation-id>2</elocation-id><permissions><copyright-statement>&amp;#x00A9; 2021 The Authors</copyright-statement><copyright-year>2021</copyright-year><license license-type="open-access" xlink:href="http://creativecommons.org/licenses/by/4.0/"><license-p>This is an open-access article distributed under the terms of the Creative Commons Attribution License.</license-p></license></permissions><self-uri xlink:href="acmi.cc2021.po0140.pdf" content-type="pdf"/><abstract><p>Candida auris is globally recognized as an opportunistic fungal pathogen of high concern, due to its extensive multidrug-resistance (MDR). Still, molecular mechanisms of MDR are largely unexplored. This is the first account of genome wide evolution of MDR in C. aurisobtained through serial in vitroexposure to azoles, polyenes and echinocandins. We show the stepwise accumulation of multiple novel mutations in genes known and unknown in antifungal drug resistance, albeit almost all new for C. auris. Echinocandin resistance was accompanied by a codon deletion in FKS1hot spot 1 and a substitution in FKS1‘novel’ hot spot 3. Mutations in ERG3 and CIS2 further increased the echinocandin MIC. Decreased azole susceptibility was linked to a mutation in transcription factor TAC1b and overexpression of the drug efflux pump Cdr1; a segmental duplication of chromosome 1 containing ERG11; and a whole chromosome 5 duplication, which contains TAC1b. The latter was associated with increased expression of ERG11, TAC1band CDR2, but not CDR1. The simultaneous emergence of nonsense mutations in ERG3 and ERG11 was shown to decrease amphotericin B susceptibility, accompanied with fluconazole cross resistance. A mutation in MEC3, a gene mainly known for its role in DNA damage homeostasis, further increased the polyene MIC. Overall, this study shows the alarming potential and diversity for MDR development in C. auris,even in a clade until now not associated with MDR (clade II),hereby stressing its clinical importance and the urge for future research.</p></abstract><custom-meta-group><custom-meta><meta-name>OpenAccessEmbargo</meta-name><meta-value>0</meta-value></custom-meta></custom-meta-group></article-meta></front></article>