<?xml version="1.0" encoding="UTF-8"?><!DOCTYPE article PUBLIC "-//NLM//DTD JATS (Z39.96) Journal Archiving and Interchange DTD v1.1 20151215//EN" "JATS-archivearticle1.dtd"><article xmlns:mml="http://www.w3.org/1998/Math/MathML" xmlns:xlink="http://www.w3.org/1999/xlink" article-type="meeting-report" dtd-version="1.1" xml:lang="EN"><front><journal-meta><journal-id journal-id-type="nlm-ta">Access Microbiology</journal-id><journal-id journal-id-type="hwp">acmi</journal-id><journal-id journal-id-type="publisher-id">acmi</journal-id><journal-title-group><journal-title>Access Microbiology</journal-title><abbrev-journal-title abbrev-type="pubmed">acmi</abbrev-journal-title></journal-title-group><issn pub-type="epub">2516-8290</issn><publisher><publisher-name>Microbiology Society</publisher-name></publisher></journal-meta><article-meta><article-id pub-id-type="publisher-id">acmi.cc2021.po0117</article-id><article-id pub-id-type="doi">232</article-id><article-categories><subj-group subj-group-type="heading"><subject>Poster Presentation</subject></subj-group><subj-group subj-group-type="heading"><subject>Abstracts from the Candida and Candidiasis Meeting 2021</subject></subj-group></article-categories><title-group><article-title>Farnesol Secretion as a Possible Driving Force for Maintaining Candida albicans as a Diploid</article-title><alt-title alt-title-type="recto-page-foot"><ext-link ext-link-type="uri" xlink:type="simple" xlink:href="http://jmmcr.microbiologyresearch.org">http://jmmcr.microbiologyresearch.org</ext-link></alt-title></title-group><contrib-group><contrib contrib-type="author"><name><surname>Nickerson</surname><given-names>Kenneth</given-names></name><xref ref-type="aff" rid="aff2"/><xref ref-type="aff" rid="aff3"/><xref ref-type="aff" rid="aff4"/><xref ref-type="corresp" rid="cor1">&amp;#x002A;</xref></contrib><contrib contrib-type="author"><name><surname>Boone</surname><given-names>Cory</given-names></name><xref ref-type="aff" rid="aff1"/><xref ref-type="aff" rid="aff2"/><xref ref-type="aff" rid="aff3"/><xref ref-type="aff" rid="aff4"/></contrib><contrib contrib-type="author"><name><surname>Parker</surname><given-names>Kory</given-names></name><xref ref-type="aff" rid="aff1"/><xref ref-type="aff" rid="aff2"/><xref ref-type="aff" rid="aff3"/><xref ref-type="aff" rid="aff4"/></contrib><aff id="aff1"><institution>University of Nebraska</institution>, <country> USA</country></aff><aff id="aff5"><institution>University of Nebraska</institution>, <country> USA</country></aff><aff id="aff9"><institution>University of Nebraska</institution>, <country> USA</country></aff></contrib-group><author-notes><corresp id="cor1">&amp;#x002A;<bold>Correspondence:</bold>Kenneth Nickerson, <email xlink:href="knickerson1@unl.edu" xlink:type="simple">knickerson1@unl.edu</email></corresp></author-notes><pub-date pub-type="ppub"><month>7</month><year>2020</year></pub-date><pub-date pub-type="epub"><day>10</day><month>07</month><year>2020</year></pub-date><volume>2</volume><issue>7A</issue><elocation-id>2</elocation-id><permissions><copyright-statement>&amp;#x00A9; 2021 The Authors</copyright-statement><copyright-year>2021</copyright-year><license license-type="open-access" xlink:href="http://creativecommons.org/licenses/by/4.0/"><license-p>This is an open-access article distributed under the terms of the Creative Commons Attribution License.</license-p></license></permissions><self-uri xlink:href="acmi.cc2021.po0117.pdf" content-type="pdf"/><abstract><p>Candida albicans is a pathogenic dimorphic fungus which is invariably found as a diploid in patients.C. albicans secretes the sesquiterpene farnesol both as a quorum sensing molecule which blocks the yeast to hypha conversion and as a virulence factor for pathogenicity. 20-25 µM farnesol kills other competing yeasts and fungi, often by triggering apoptosis, and yet wild type diploid C. albicans tolerates 300-500 µM farnesol. The recent availability of 10 haploid strains of C. albicans(5 mating type aand 5 mating type α) allowed us to compare their production of and sensitivity to farnesol. On average, the heterozygous diploid strains of C. albicans were 2.4 times more resistant to 20-40 µM farnesol than MTLa haploid cells and 4.6 times more resistant than MTLα haploid cells. Furthermore, the MTLa haploids produce approximately 10 times more farnesol than do the MTLα haploids. Prior work concluded that haploid strains exhibited such low fitness that C. albicans was thought to be an obligate diploid. We now suggest that increased farnesol secretion by the MTLa haploids and increased farnesol sensitivity of the MTLα haploids is a mechanism for maintaining the dominant heterozygous diploid status of C. albicans. This idea is based on the observation that the a-factor peptide pheromone is farnesylated but the α-factor pheromone is not farnesylated. Our working hypothesis is that farnesol is secreted in part via Ste6 and imported in part via Ste3, the proteins which export and import the farnesylated a-pheromone. We also examined whether farnesol was excreted in extracellular vesicles.</p></abstract><custom-meta-group><custom-meta><meta-name>OpenAccessEmbargo</meta-name><meta-value>0</meta-value></custom-meta></custom-meta-group></article-meta></front></article>