<?xml version="1.0" encoding="UTF-8"?><!DOCTYPE article PUBLIC "-//NLM//DTD JATS (Z39.96) Journal Archiving and Interchange DTD v1.1 20151215//EN" "JATS-archivearticle1.dtd"><article xmlns:mml="http://www.w3.org/1998/Math/MathML" xmlns:xlink="http://www.w3.org/1999/xlink" article-type="meeting-report" dtd-version="1.1" xml:lang="EN"><front><journal-meta><journal-id journal-id-type="nlm-ta">Access Microbiology</journal-id><journal-id journal-id-type="hwp">acmi</journal-id><journal-id journal-id-type="publisher-id">acmi</journal-id><journal-title-group><journal-title>Access Microbiology</journal-title><abbrev-journal-title abbrev-type="pubmed">acmi</abbrev-journal-title></journal-title-group><issn pub-type="epub">2516-8290</issn><publisher><publisher-name>Microbiology Society</publisher-name></publisher></journal-meta><article-meta><article-id pub-id-type="publisher-id">acmi.cc2021.po0093</article-id><article-id pub-id-type="doi">195</article-id><article-categories><subj-group subj-group-type="heading"><subject>Poster Presentation</subject></subj-group><subj-group subj-group-type="heading"><subject>Abstracts from the Candida and Candidiasis Meeting 2021</subject></subj-group></article-categories><title-group><article-title>In silico screening leads to novel scaffolds with both antifungal and anti-NLRP3 inflammasome activity.</article-title><alt-title alt-title-type="recto-page-foot"><ext-link ext-link-type="uri" xlink:type="simple" xlink:href="http://jmmcr.microbiologyresearch.org">http://jmmcr.microbiologyresearch.org</ext-link></alt-title></title-group><contrib-group><contrib contrib-type="author"><name><surname>Lowes</surname><given-names>David</given-names></name><xref ref-type="aff" rid="aff2"/><xref ref-type="aff" rid="aff3"/><xref ref-type="aff" rid="aff4"/><xref ref-type="corresp" rid="cor1">&amp;#x002A;</xref></contrib><contrib contrib-type="author"><name><surname>Al-waqfi</surname><given-names>Rand</given-names></name><xref ref-type="aff" rid="aff1"/><xref ref-type="aff" rid="aff2"/><xref ref-type="aff" rid="aff3"/><xref ref-type="aff" rid="aff4"/></contrib><contrib contrib-type="author"><name><surname>Hevener</surname><given-names>Kirk</given-names></name><xref ref-type="aff" rid="aff1"/><xref ref-type="aff" rid="aff2"/><xref ref-type="aff" rid="aff3"/><xref ref-type="aff" rid="aff4"/></contrib><contrib contrib-type="author"><name><surname>Peters</surname><given-names>Brian</given-names></name><xref ref-type="aff" rid="aff1"/><xref ref-type="aff" rid="aff2"/><xref ref-type="aff" rid="aff3"/><xref ref-type="aff" rid="aff4"/></contrib><aff id="aff1"><institution>UTHSC</institution>, <country> USA</country></aff><aff id="aff5"><institution>UTHSC</institution>, <country> USA</country></aff><aff id="aff9"><institution>UTHSC</institution>, <country> USA</country></aff><aff id="aff13"><institution>UTHSC</institution>, <country> USA</country></aff></contrib-group><author-notes><corresp id="cor1">&amp;#x002A;<bold>Correspondence:</bold>David Lowes, <email xlink:href="dlowes@uthsc.edu" xlink:type="simple">dlowes@uthsc.edu</email></corresp></author-notes><pub-date pub-type="ppub"><month>7</month><year>2020</year></pub-date><pub-date pub-type="epub"><day>10</day><month>07</month><year>2020</year></pub-date><volume>2</volume><issue>7A</issue><elocation-id>2</elocation-id><permissions><copyright-statement>&amp;#x00A9; 2021 The Authors</copyright-statement><copyright-year>2021</copyright-year><license license-type="open-access" xlink:href="http://creativecommons.org/licenses/by/4.0/"><license-p>This is an open-access article distributed under the terms of the Creative Commons Attribution License.</license-p></license></permissions><self-uri xlink:href="acmi.cc2021.po0093.pdf" content-type="pdf"/><abstract><p>Due to structural similarities that exist between established inhibitors of the NLRP3-inflammasome, sulfonylureas Glyburide and MCC-950, and herbicidal-sulfonylureas, that specifically target fungal acetohydroxyacid synthase (AHAS), we sought to determine the potential for compounds to block both inflammation and inhibit fungal growth.</p><p>
In silico screening of ~250,000 compounds was used to identify a prioritized list of chemical structures capable of inhibiting both targets. Prioritization of the top 1% of scores identified ~70 compounds with a diverse set of scaffolds for testing in vitro. Selected hits were used to assess anti-inflammatory function in a THP-1 challenge model with LPS+ATP and resulting IC50 values were obtained. MIC and hyphal-growth assays were conducted to determine potential antifungal activity using media depleted of branched chain amino acids isoleucine and valine, to confirm on target AHAS inhibition.

Identification of hits that exhibited low micromolar activity for NLRP3 and AHAS inhibition were selected for SAR study. In vitro testing of the analogs along with molecular docking led to increased knowledge for lead optimization of the potential hits.

In silico screening has resulted in IC50 (IL-1β release) and MIC50 (fungal growth) values with low µM potency against several Candida species. In vivo validation will further confirm the potential of the scaffolds for further synthetic-modification for the rationale design of novel dual-purpose drugs</p></abstract><custom-meta-group><custom-meta><meta-name>OpenAccessEmbargo</meta-name><meta-value>0</meta-value></custom-meta></custom-meta-group></article-meta></front></article>