<?xml version="1.0" encoding="UTF-8"?><!DOCTYPE article PUBLIC "-//NLM//DTD JATS (Z39.96) Journal Archiving and Interchange DTD v1.1 20151215//EN" "JATS-archivearticle1.dtd"><article xmlns:mml="http://www.w3.org/1998/Math/MathML" xmlns:xlink="http://www.w3.org/1999/xlink" article-type="meeting-report" dtd-version="1.1" xml:lang="EN"><front><journal-meta><journal-id journal-id-type="nlm-ta">Access Microbiology</journal-id><journal-id journal-id-type="hwp">acmi</journal-id><journal-id journal-id-type="publisher-id">acmi</journal-id><journal-title-group><journal-title>Access Microbiology</journal-title><abbrev-journal-title abbrev-type="pubmed">acmi</abbrev-journal-title></journal-title-group><issn pub-type="epub">2516-8290</issn><publisher><publisher-name>Microbiology Society</publisher-name></publisher></journal-meta><article-meta><article-id pub-id-type="publisher-id">acmi.cc2021.po0019</article-id><article-id pub-id-type="doi">40</article-id><article-categories><subj-group subj-group-type="heading"><subject>Poster Presentation</subject></subj-group><subj-group subj-group-type="heading"><subject>Abstracts from the Candida and Candidiasis Meeting 2021</subject></subj-group></article-categories><title-group><article-title>CO2 acceleratesCandida albicans biofilm formation and reveals novel approaches to their inhibition on airway management devices</article-title><alt-title alt-title-type="recto-page-foot"><ext-link ext-link-type="uri" xlink:type="simple" xlink:href="http://jmmcr.microbiologyresearch.org">http://jmmcr.microbiologyresearch.org</ext-link></alt-title></title-group><contrib-group><contrib contrib-type="author"><name><surname>W</surname><given-names>Campbell</given-names></name><xref ref-type="aff" rid="aff2"/><xref ref-type="aff" rid="aff3"/><xref ref-type="aff" rid="aff4"/></contrib><contrib contrib-type="author"><name><surname>A</surname><given-names>Fritz</given-names></name><xref ref-type="aff" rid="aff1"/><xref ref-type="aff" rid="aff2"/><xref ref-type="aff" rid="aff3"/><xref ref-type="aff" rid="aff4"/></contrib><contrib contrib-type="author"><name><surname>R</surname><given-names>Daniel</given-names></name><xref ref-type="aff" rid="aff1"/><xref ref-type="aff" rid="aff2"/><xref ref-type="aff" rid="aff3"/><xref ref-type="aff" rid="aff4"/></contrib><aff id="aff1"><institution>University of Kent</institution>, <country> United Kingdom</country></aff><aff id="aff5"><institution>2Laboratoire National de Santé</institution>, <country> Luxembourg</country></aff><aff id="aff9"><institution>University of Kent</institution>, <country> United Kingdom</country></aff></contrib-group><author-notes><corresp id="cor1">&amp;#x002A;<bold>Correspondence:</bold>Campbell Gourlay, <email xlink:href="c.w.gourlay@kent.ac.uk" xlink:type="simple">c.w.gourlay@kent.ac.uk</email></corresp></author-notes><pub-date pub-type="ppub"><month>7</month><year>2020</year></pub-date><pub-date pub-type="epub"><day>10</day><month>07</month><year>2020</year></pub-date><volume>2</volume><issue>7A</issue><elocation-id>2</elocation-id><permissions><copyright-statement>&amp;#x00A9; 2021 The Authors</copyright-statement><copyright-year>2021</copyright-year><license license-type="open-access" xlink:href="http://creativecommons.org/licenses/by/4.0/"><license-p>This is an open-access article distributed under the terms of the Creative Commons Attribution License.</license-p></license></permissions><self-uri xlink:href="acmi.cc2021.po0019.pdf" content-type="pdf"/><abstract><p>C. albicansis the predominant human fungal pathogen worldwide and frequently colonises medical devices, such as voice prosthesis, as a biofilm. It is a dimorphic yeast that can switch between yeast and hyphal forms in response to environmental cues, a property that is essential during biofilm establishment and maturation. One such cue is elevation of CO2 levels, as observed in exhaled breath for example. However, despite the clear medical relevance the effects of high CO2 levels on C. albicansbiofilm growth has not been investigated to date. Here, we show that 5% CO2 significantly enhances each stage of the C. albicans biofilm forming process; from attachment through maturation to dispersion, via stimulation of the Ras/cAMP/PKA signalling pathway. Transcriptome analysis of biofilm formation under elevated CO2conditions revealed the activation of key biofilm formation pathways governed by the central biofilm regulators Efg1, Brg1, Bcr1 and Ndt80. Biofilms grown in under elevated CO2conditions also exhibit increases in azole resistance, tolerance to nutritional immunity and enhanced glucose uptake capabilities.We thus characterise the mechanisms by which elevated CO2 promote C. albicansbiofilm formation. We also investigate the possibility of re-purposing drugs that can target the CO2 activated metabolic enhancements observed in C. albicans biofilms. Using this approach we can significantly reduce multi-species biofilm formation in a high CO2 environment and demonstrate a significant extension of the lifespan of voice prostheses in a patient trial. Our research demonstrates a bench to bedside approach to tackle Candida albicans biofilm formation.</p></abstract><custom-meta-group><custom-meta><meta-name>OpenAccessEmbargo</meta-name><meta-value>0</meta-value></custom-meta></custom-meta-group></article-meta></front></article>