<?xml version="1.0" encoding="UTF-8"?>
<!DOCTYPE article PUBLIC "-//NLM//DTD JATS (Z39.96) Journal Archiving and Interchange DTD v1.1 20151215//EN" "JATS-archivearticle1.dtd"><article xmlns:xlink="http://www.w3.org/1999/xlink" xmlns:mml="http://www.w3.org/1998/Math/MathML" article-type="review-article" dtd-version="1.1" xml:lang="EN"><front><journal-meta><?release-delay 0|0?><journal-id journal-id-type="nlm-ta">jgv</journal-id><journal-id journal-id-type="hwp">jgv</journal-id><journal-id journal-id-type="publisher-id">jgv</journal-id><journal-title-group><journal-title>Journal of General Virology</journal-title></journal-title-group><issn pub-type="ppub">0022-1317</issn><issn pub-type="epub">1465-2099</issn><publisher><publisher-name>Microbiology Society</publisher-name></publisher></journal-meta><article-meta><article-id pub-id-type="publisher-id">001597</article-id><article-id pub-id-type="doi">10.1099/jgv.0.001597</article-id><article-categories><subj-group subj-group-type="heading"><subject id="a6">ICTV Virus Taxonomy Profiles</subject></subj-group></article-categories><title-group><article-title>ICTV Virus Taxonomy Profile: <italic>Plectroviridae</italic></article-title><alt-title alt-title-type="recto-page-foot"><ext-link ext-link-type="uri" xlink:type="simple" xlink:href="http://jgv.microbiologyresearch.org">http://jgv.microbiologyresearch.org</ext-link></alt-title></title-group><contrib-group><contrib corresp="yes" contrib-type="author"><name><surname>Knezevic</surname><given-names>Petar</given-names></name><xref ref-type="aff" rid="aff1"><sup>1</sup></xref><xref ref-type="corresp" rid="cor1">*</xref></contrib><contrib contrib-type="author"><name><surname>Adriaenssens</surname><given-names>Evelien M.</given-names></name><xref ref-type="aff" rid="aff2"><sup>2</sup></xref></contrib><contrib contrib-type="author"><collab>ICTV Report Consortium</collab><xref ref-type="deceased" rid="2"/></contrib><aff id="aff1"><label><sup>1</sup>&#x200B;</label><institution>University of Novi Sad, Faculty of Sciences, Department of Biology and Ecology, Trg Dositeja Obradovica 3</institution>, <addr-line content-type="city">21000 Novi Sad, Vojvodina</addr-line>, <country>Serbia</country></aff><aff id="aff2"><label><sup>2</sup>&#x200B;</label><institution content-type="department">Quadram Institute Bioscience</institution>, <institution>Norwich Research Park</institution>, <addr-line content-type="city">Norwich NR4 7UQ</addr-line>, <country>UK</country></aff></contrib-group><author-notes><corresp id="cor1"><bold>*Correspondence:</bold> Petar Knezevic, <email xlink:href="mailto:donald.smith.ictv@gmail.com">donald.smith.ictv@gmail.com</email></corresp></author-notes><pub-date pub-type="ppub"><month>4</month><year>2021</year></pub-date><pub-date pub-type="epub"><day>21</day><month>4</month><year>2021</year></pub-date><elocation-id>001597</elocation-id><history><date date-type="received"><day>12</day><month>04</month><year>2021</year></date><date date-type="accepted"><day>17</day><month>04</month><year>2021</year></date></history><permissions><copyright-statement>&#x00A9; 2021</copyright-statement><copyright-year>2021</copyright-year><license license-type="open-access" xlink:href="http://creativecommons.org/licenses/by/4.0/"><license-p>This is an open-access article distributed under the terms of the Creative Commons Attribution License.</license-p></license></permissions><self-uri content-type="pdf" xlink:href="jgv001597.pdf"/><abstract><p>Members of the family <italic>Plectroviridae</italic> produce particles that are non-enveloped rigid rods (70&#x2013;280&#x00D7;10&#x2013;16&#x2009;nm). The supercoiled, circular, single stranded DNA genome of about 4.5&#x2013;8.3&#x2009;kb, encodes 4&#x2013;13 proteins. Viruses of this family infect cell wall-less bacteria, adsorbing to the bacterial surface, replicating their DNA by a rolling-circle mechanism or transposition, and releasing progeny from cells by extrusion, without killing the host. This is a summary of the International Committee on Taxonomy of Viruses (ICTV) Report on the family <italic>Plectroviridae</italic> which is available at <ext-link ext-link-type="uri" xlink:href="www.ictv.global/report/plectroviridae" xlink:type="simple">ictv.global/report/plectroviridae</ext-link>.</p></abstract><kwd-group><kwd><italic>Plectroviridae</italic></kwd><kwd>ICTV</kwd><kwd>taxonomy</kwd></kwd-group></article-meta></front><body><sec id="s1"><title>Full-Text</title><table-wrap position="float" id="T1"><label>Table 1.</label><caption><p>Characteristics of members of the family <italic>Plectroviridae</italic></p></caption><table><thead><tr><th align="left" valign="top" colspan="2"><p>Example: Acholeplasma phage MV-L1 (X58839), species <italic>Acholeplasma virus L51,</italic> genus <italic>Plectrovirus</italic></p></th></tr></thead><tbody><tr><td align="left" valign="top"><p>Virion</p></td><td align="left" valign="top"><p>Non-enveloped rigid rods; 10&#x2013;16&#x2009;nm in diameter, 70&#x2013;280&#x2009;nm in length</p></td></tr><tr><td align="left" valign="top"><p>Genome</p></td><td align="left" valign="top"><p>4.5&#x2013;8.3&#x2009;kb, supercoiled, circular, positive-sense single-stranded DNA; 4&#x2013;13 encoded proteins</p></td></tr><tr><td align="left" valign="top"><p>Replication</p></td><td align="left" valign="top"><p>Rolling-circle replication or transposition</p></td></tr><tr><td align="left" valign="top"><p>Translation</p></td><td align="left" valign="top"><p>From mRNAs</p></td></tr><tr><td align="left" valign="top"><p>Host range</p></td><td align="left" valign="top"><p>Cell wall-less bacteria</p></td></tr><tr><td align="left" valign="top"><p>Taxonomy</p></td><td align="left" valign="top"><p>Realm <italic>Monodnaviria</italic>; kingdom: <italic>Loebvirae</italic>; phylum <italic>Hofneiviricota</italic>; class <italic>Faserviricetes</italic>, order <italic>Tubulavirales</italic>: the family <italic>Plectroviridae</italic> includes several genera and species</p></td></tr></tbody></table></table-wrap></sec><sec id="s2"><title>Virion</title><p>Virions of members of the family <italic>Plectroviridae</italic> are rigid, asymmetric, non-enveloped, nearly straight rods with one end rounded, and the other more variable (<xref ref-type="fig" rid="F1">Fig. 1</xref>). Acholeplasma phages (genus <italic>Plectrovirus</italic>) are 70&#x2013;90&#x2009;nm long and 14&#x2013;16&#x2009;nm in diameter, whereas several phages that infect <italic>Spiroplasma</italic> (genera <italic>Vespertiliovirus</italic> and <italic>Suturavirus</italic>) are 230&#x2013;280&#x2009;nm long and 10&#x2013;16&#x2009;nm wide [<xref ref-type="bibr" rid="R1 R2 R3">1&#x2013;3</xref>], shorter and wider than members of the family <italic>Inoviridae</italic> and <italic>Paulinoviridae</italic>, the other families in the order <italic>Tubulavirales</italic>.</p><fig position="float" fig-type="figure" id="F1"><label>Fig. 1.</label><caption><p>Acholeplasma phage MV-L1, negatively-stained with 2&#x200A;% uranyl acetate (from [<xref ref-type="bibr" rid="R3">3</xref>] with permission).</p></caption><graphic xlink:href="/resources/mbs/jgv/JGV-D-21-00130/resources/7f2543fa-61ab-447a-bef3-6a5e137a187c.tif.JPEG"/></fig></sec><sec id="s3"><title>Genome</title><p>Nucleic acid present in virions consists of a supercoiled, circular, positive-sense (+) ssDNA molecule (<xref ref-type="fig" rid="F2">Fig. 2</xref>). Genomes range from 4.5&#x2009;kb in Acholeplasma phage MV-L1 to 8.3&#x2009;kb in Spiroplasma phage 1-R8A2B, with the number of encoded proteins ranging from 4 to 13. Most predicted proteins have unknown functions, and so it is not known if there is a modular genome organization similar to that described for members of the family <italic>Inoviridae</italic>. The G+C content varies from 22.2&#x200A;% for Spiroplasma phage SkV1CR23x to 33.3&#x200A;% for Acholeplasma phage MV-L51.</p><fig position="float" fig-type="figure" id="F2"><label>Fig. 2.</label><caption><p>Genome organisation of Spiroplasma phage SVTS2. The outer circle shows the circular genome (AF133242) with genes g1&#x2013;13 indicated by coloured arrows (g9 and g10 overlap). The inner circle represents GC content.</p></caption><graphic xlink:href="/resources/mbs/jgv/JGV-D-21-00130/resources/f9ffddf0-041f-4ca2-8301-64304a1118ea.tif.JPEG"/></fig></sec><sec id="s4"><title>Replication</title><p>Virions adhere to the surface of cell wall-less bacteria, the receptor for Acholeplasma phage MV-L1 being protein-lipoglycane molecules [<xref ref-type="bibr" rid="R4">4</xref>]. Replication of the (+) ssDNA genome is by a rolling-circle mechanism for members of the genus <italic>Plectrovirus</italic> and, by inference, for members of the genus <italic>Suturavirus</italic>. Phages in the genus <italic>Vespertilliovirus</italic> possess a transposase gene instead of an equivalent to p2 of Escherichia phage M13 (<italic>Inoviridae</italic>), and use a transposition mechanism, with the encapsidated genome representing a circular transposition intermediate [<xref ref-type="bibr" rid="R5">5</xref>]. A specific trait of phages belonging to the genera <italic>Suturavirus</italic> and <italic>Vespertiliovirus</italic> is that UGA in mRNAs is not a stop codon but, as in the host bacterium, encodes tryptophan [<xref ref-type="bibr" rid="R6">6</xref>].</p><p>Virions assemble and are released at the host membrane by extrusion, the host cells continuing to divide.</p></sec><sec id="s5"><title>Taxonomy</title><p>The family <italic>Plectroviridae</italic> belongs to the order <italic>Tubulavirales</italic>. Members of the same genus share considerable similarity of DNA sequences, and &#x003E;50&#x200A;% similarity (identiity&#x00D7;query coverage) of amino-acid in CoaB protein. Phages of the same species share <underline>&#x003E;</underline>95&#x200A;%&#x2009;DNA sequence identity and significant amino-acid sequence similarity of CoaA.</p></sec><sec id="s6"><title>Resources</title><p>Full ICTV Report on the family <italic>Plectroviridae</italic>: <ext-link ext-link-type="uri" xlink:href="www.ictv.global/report/plectroviridae" xlink:type="simple">www.ictv.global/report/plectroviridae</ext-link>.</p></sec></body><back><ack id="ack1"><title>Funding information</title><p>Production of this Profile, the ICTV Report, and associated resources was funded by a grant from the Wellcome Trust (WT108418AIA). EMA gratefully acknowledges the support of the Biotechnology and Biological Sciences Research Council (BBSRC); this research was funded by the BBSRC Institute Strategic Programme Gut Microbes and Health BB/R012490/1 and its constituent project(s) BBS/E/F/000PR10353.</p></ack><ack id="ack2"><title>Acknowledgements</title><p>The authors would like to thank Nabil-Fareed Alikhan for bioinformatics support. Members of the ICTV Report Consortium are Stuart G. Siddell, Elliot J. Lefkowitz, Sead Sabanadzovic, Peter Simmonds, F. Murilo Zerbini, Donald B. Smith, Richard J. Orton and Evelien M. Adriaenssens.</p></ack><ack id="ack3"><title>Conflicts of interest</title><p content-type="COI-statement">The authors declare that there are no conflicts of interest</p></ack><ref-list><title>References</title><ref id="R1"><label>1</label><element-citation publication-type="journal"><person-group person-group-type="author"><name><surname>Liss</surname><given-names>A</given-names></name><name><surname>Maniloff</surname><given-names>J</given-names></name></person-group><article-title>Infection of <italic>Acholeplasma laidlawii</italic> by MVL51 virus</article-title><source>Virology</source><year>1973</year><volume>55</volume><fpage>118</fpage><lpage>126</lpage><pub-id pub-id-type="doi">10.1016/S0042-6822(73)81013-X</pub-id><pub-id pub-id-type="pmid">4125688</pub-id></element-citation></ref><ref id="R2"><label>2</label><element-citation publication-type="journal"><person-group person-group-type="author"><name><surname>Liss</surname><given-names>A</given-names></name><name><surname>Cole</surname><given-names>RM</given-names></name></person-group><article-title>Spiroplasmal viruses: group 1 characteristics</article-title><source>Rev Infect Dis</source><year>1982</year><volume>4 Suppl</volume><fpage>S115</fpage><lpage>S119</lpage><pub-id pub-id-type="doi">10.1093/clinids/4.Supplement_1.S115</pub-id><pub-id pub-id-type="pmid">7123048</pub-id></element-citation></ref><ref id="R3"><label>3</label><element-citation publication-type="journal"><person-group person-group-type="author"><name><surname>Bruce</surname><given-names>J</given-names></name><name><surname>Gourlay</surname><given-names>RN</given-names></name><name><surname>Hull</surname><given-names>R</given-names></name><name><surname>Garwes</surname><given-names>DJ</given-names></name></person-group><article-title>Ultrastructure of Mycoplasmatales virus laidlawii I</article-title><source>J Gen Virol</source><year>1972</year><volume>16</volume><fpage>215</fpage><lpage>221</lpage><pub-id pub-id-type="doi">10.1099/0022-1317-16-2-215</pub-id><pub-id pub-id-type="pmid">4116131</pub-id></element-citation></ref><ref id="R4"><label>4</label><element-citation publication-type="journal"><person-group person-group-type="author"><name><surname>Al-Shammari</surname><given-names>AJ</given-names></name><name><surname>Smith</surname><given-names>PF</given-names></name></person-group><article-title>Receptor sites for mycoplasmal viruses on <italic>Acholeplasma laidlawii</italic></article-title><source>Rev Infect Dis</source><year>1982</year><volume>4 Suppl</volume><fpage>S109</fpage><lpage>S114</lpage><pub-id pub-id-type="doi">10.1093/clinids/4.Supplement_1.S109</pub-id><pub-id pub-id-type="pmid">6289406</pub-id></element-citation></ref><ref id="R5"><label>5</label><element-citation publication-type="journal"><person-group person-group-type="author"><name><surname>Melcher</surname><given-names>U</given-names></name><name><surname>Sha</surname><given-names>Y</given-names></name><name><surname>Ye</surname><given-names>F</given-names></name><name><surname>Fletcher</surname><given-names>J</given-names></name></person-group><article-title>Mechanisms of spiroplasma genome variation associated with SpV1-like viral DNA inferred from sequence comparisons</article-title><source>Microb Comp Genomics</source><year>1999</year><volume>4</volume><fpage>29</fpage><lpage>46</lpage><pub-id pub-id-type="doi">10.1089/omi.1.1999.4.29</pub-id><pub-id pub-id-type="pmid">10518300</pub-id></element-citation></ref><ref id="R6"><label>6</label><element-citation publication-type="journal"><person-group person-group-type="author"><name><surname>Renaudin</surname><given-names>J</given-names></name><name><surname>Aullo</surname><given-names>P</given-names></name><name><surname>Vignault</surname><given-names>JC</given-names></name><name><surname>Bov&#x00E9;</surname><given-names>JM</given-names></name></person-group><article-title>Complete nucleotide sequence of the genome of Spiroplasma citri virus SpV1-R8A2 B</article-title><source>Nucleic Acids Res</source><year>1990</year><volume>18</volume><elocation-id>1293</elocation-id><pub-id pub-id-type="doi">10.1093/nar/18.5.1293</pub-id><pub-id pub-id-type="pmid">2320423</pub-id></element-citation></ref></ref-list></back></article>