<table-wrap id="inlinetable2" position="anchor">
<table frame="hsides" rules="groups">
<tbody>
<tr valign="top">
<td>Algorithm 2 The algorithm used whenever two individuals touch, which is detected by a history-based method.
<p>This history-based method also provides <inline-formula>
<mml:math id="inf317">
<mml:msub>
<mml:mi>N</mml:mi>
<mml:mi>e</mml:mi>
</mml:msub>
</mml:math>
</inline-formula>, the number of expected objects within the current (big) object. <inline-formula>
<mml:math id="inf318">
<mml:msub>
<mml:mi>T</mml:mi>
<mml:mi>e</mml:mi>
</mml:msub>
</mml:math>
</inline-formula> is the starting threshold constant parameter, as set by the user.</td>
</tr>
<tr valign="top">
<td colspan="2">
<bold>Data</bold>: image of a blob, <inline-formula>
<mml:math id="inf319">
<mml:msub>
<mml:mi>N</mml:mi>
<mml:mi>e</mml:mi>
</mml:msub>
</mml:math>
</inline-formula> number of expected blobs</td>
</tr>
<tr valign="top">
<td colspan="2">
<bold>Result</bold>:<inline-formula>
<mml:math id="inf320">
<mml:mrow>
<mml:mi>N</mml:mi>
<mml:mo>&#x2265;</mml:mo>
<mml:msub>
<mml:mi>N</mml:mi>
<mml:mi>e</mml:mi>
</mml:msub>
</mml:mrow>
</mml:math>
</inline-formula> smaller image-segments, or&#x00A0;error</td>
</tr>
<tr valign="top">
<td colspan="2">
<bold>while</bold> <inline-formula>
<mml:math id="inf321">
<mml:mrow>
<mml:mi>threshold</mml:mi>
<mml:mo>&#x003C;</mml:mo>
<mml:mn>255</mml:mn>
</mml:mrow>
</mml:math>
</inline-formula>
<bold>do</bold>
</td>
</tr>
<tr valign="top">
<td colspan="2">&#x00A0;&#x00A0;&#x00A0;&#x00A0;<inline-formula>
<mml:math id="inf322">
<mml:mstyle displaystyle="true" scriptlevel="0">
<mml:mrow>
<mml:mrow>
<mml:mi mathvariant="normal">b</mml:mi>
<mml:mi mathvariant="normal">l</mml:mi>
<mml:mi mathvariant="normal">o</mml:mi>
<mml:mi mathvariant="normal">b</mml:mi>
<mml:mi mathvariant="normal">s</mml:mi>
</mml:mrow>
<mml:mo>=</mml:mo>
<mml:mrow>
<mml:mi mathvariant="normal">a</mml:mi>
<mml:mi mathvariant="normal">p</mml:mi>
<mml:mi mathvariant="normal">p</mml:mi>
<mml:mi mathvariant="normal">l</mml:mi>
<mml:mi mathvariant="normal">y</mml:mi>
<mml:mi mathvariant="normal">_</mml:mi>
<mml:mi mathvariant="normal">t</mml:mi>
<mml:mi mathvariant="normal">h</mml:mi>
<mml:mi mathvariant="normal">r</mml:mi>
<mml:mi mathvariant="normal">e</mml:mi>
<mml:mi mathvariant="normal">s</mml:mi>
<mml:mi mathvariant="normal">h</mml:mi>
<mml:mi mathvariant="normal">o</mml:mi>
<mml:mi mathvariant="normal">l</mml:mi>
<mml:mi mathvariant="normal">d</mml:mi>
<mml:mo>.</mml:mo>
<mml:mi mathvariant="normal">i</mml:mi>
<mml:mi mathvariant="normal">m</mml:mi>
<mml:mi mathvariant="normal">a</mml:mi>
<mml:mi mathvariant="normal">g</mml:mi>
<mml:mi mathvariant="normal">e</mml:mi>
<mml:mo>;</mml:mo>
<mml:mspace width="thickmathspace"/>
<mml:mi mathvariant="normal">t</mml:mi>
<mml:mi mathvariant="normal">h</mml:mi>
<mml:mi mathvariant="normal">r</mml:mi>
<mml:mi mathvariant="normal">e</mml:mi>
<mml:mi mathvariant="normal">s</mml:mi>
<mml:mi mathvariant="normal">h</mml:mi>
<mml:mi mathvariant="normal">o</mml:mi>
<mml:mi mathvariant="normal">l</mml:mi>
<mml:mi mathvariant="normal">d</mml:mi>
</mml:mrow>
</mml:mrow>
</mml:mstyle>
</mml:math>
</inline-formula>;</td>
</tr>
<tr valign="top">
<td colspan="2">&#x00A0;&#x00A0;&#x00A0;&#x00A0;<bold>if</bold>&#x00A0;<inline-formula>
<mml:math id="inf323">
<mml:mstyle displaystyle="true" scriptlevel="0">
<mml:mrow>
<mml:mrow>
<mml:mo symmetric="true">&#x2016;</mml:mo>
<mml:mrow>
<mml:mi mathvariant="normal">b</mml:mi>
<mml:mi mathvariant="normal">l</mml:mi>
<mml:mi mathvariant="normal">o</mml:mi>
<mml:mi mathvariant="normal">b</mml:mi>
<mml:mi mathvariant="normal">s</mml:mi>
</mml:mrow>
<mml:mo symmetric="true">&#x2016;</mml:mo>
</mml:mrow>
<mml:mo>=</mml:mo>
<mml:mn>0</mml:mn>
</mml:mrow>
</mml:mstyle>
</mml:math>
</inline-formula>&#x00A0;<bold>then</bold>
</td>
</tr>
<tr valign="top">
<td colspan="2"> &#x00A0;&#x00A0;&#x00A0; &#x00A0;&#x00A0;&#x00A0; &#x00A0;&#x00A0;&#x00A0;<bold>break</bold>;</td>
</tr>
<tr valign="top">
<td colspan="2">&#x00A0;&#x00A0;&#x00A0;&#x00A0;<bold>end</bold>
</td>
</tr>
<tr valign="top">
<td colspan="2">&#x00A0;&#x00A0;&#x00A0;&#x00A0;<bold>if&#x00A0;</bold>
<inline-formula>
<mml:math id="inf324">
<mml:mrow>
<mml:mrow>
<mml:mo fence="true">&#x2225;</mml:mo>
<mml:mi>blobs</mml:mi>
<mml:mo fence="true">&#x2225;</mml:mo>
</mml:mrow>
<mml:mo>&#x2265;</mml:mo>
<mml:msub>
<mml:mi>N</mml:mi>
<mml:mi>e</mml:mi>
</mml:msub>
</mml:mrow>
</mml:math>
</inline-formula>&#x00A0;<bold>then</bold>
</td>
</tr>
<tr valign="top">
<td colspan="2"> &#x00A0;&#x00A0;&#x00A0; &#x00A0;&#x00A0;&#x00A0; &#x00A0;&#x00A0;&#x00A0;sort blobs by size in decreasing fashion;</td>
</tr>
<tr valign="top">
<td colspan="2"> &#x00A0;&#x00A0;&#x00A0; &#x00A0;&#x00A0;&#x00A0; &#x00A0;&#x00A0;&#x00A0;loop through all blobs&#x00A0;<inline-formula>
<mml:math id="inf325">
<mml:mstyle displaystyle="true" scriptlevel="0">
<mml:mrow>
<mml:mi>i</mml:mi>
</mml:mrow>
</mml:mstyle>
</mml:math>
</inline-formula>&#x00A0;up to <inline-formula>
<mml:math id="inf326">
<mml:mrow>
<mml:mi>i</mml:mi>
<mml:mo>&#x2264;</mml:mo>
<mml:msub>
<mml:mi>N</mml:mi>
<mml:mi>e</mml:mi>
</mml:msub>
</mml:mrow>
</mml:math>
</inline-formula> and detect whether the size-ratio between them is roughly even. <break/> &#x00A0;&#x00A0;&#x00A0; &#x00A0;&#x00A0;&#x00A0; &#x00A0;&#x00A0;&#x00A0;until then, we keep iterating.;</td>
</tr>
<tr valign="top">
<td colspan="2"> &#x00A0;&#x00A0;&#x00A0; &#x00A0;&#x00A0;&#x00A0; &#x00A0;&#x00A0;&#x00A0;<bold>if</bold>&#x00A0;<inline-formula>
<mml:math id="inf327">
<mml:mrow>
<mml:mrow>
<mml:mi>min</mml:mi>
<mml:mo>&#x2061;</mml:mo>
<mml:mrow>
<mml:mo stretchy="false">{</mml:mo>
<mml:mrow>
<mml:mrow>
<mml:mpadded width="+5pt">
<mml:msub>
<mml:mi>ratio</mml:mi>
<mml:mi>i</mml:mi>
</mml:msub>
</mml:mpadded>
<mml:mo>&#x2062;</mml:mo>
<mml:mrow>
<mml:mo>&#x2200;</mml:mo>
<mml:mi>i</mml:mi>
</mml:mrow>
</mml:mrow>
<mml:mo>&#x2208;</mml:mo>
<mml:mrow>
<mml:mo stretchy="false">[</mml:mo>
<mml:mn>0</mml:mn>
<mml:mo>,</mml:mo>
<mml:msub>
<mml:mi>N</mml:mi>
<mml:mi>e</mml:mi>
</mml:msub>
<mml:mo stretchy="false">]</mml:mo>
</mml:mrow>
</mml:mrow>
<mml:mo stretchy="false">}</mml:mo>
</mml:mrow>
</mml:mrow>
<mml:mo>&#x003C;</mml:mo>
<mml:mn>0.3</mml:mn>
</mml:mrow>
</mml:math>
</inline-formula>&#x00A0;<bold>then</bold>
</td>
</tr>
<tr valign="top">
<td colspan="2"> &#x00A0;&#x00A0;&#x00A0; &#x00A0;&#x00A0;&#x00A0; &#x00A0;&#x00A0;&#x00A0; &#x00A0;&#x00A0;&#x00A0;<inline-formula>
<mml:math id="inf328">
<mml:mstyle displaystyle="true" scriptlevel="0">
<mml:mrow>
<mml:mrow>
<mml:mi mathvariant="normal">t</mml:mi>
<mml:mi mathvariant="normal">h</mml:mi>
<mml:mi mathvariant="normal">r</mml:mi>
<mml:mi mathvariant="normal">e</mml:mi>
<mml:mi mathvariant="normal">s</mml:mi>
<mml:mi mathvariant="normal">h</mml:mi>
<mml:mi mathvariant="normal">o</mml:mi>
<mml:mi mathvariant="normal">l</mml:mi>
<mml:mi mathvariant="normal">d</mml:mi>
</mml:mrow>
<mml:mo>=</mml:mo>
<mml:mrow>
<mml:mi mathvariant="normal">t</mml:mi>
<mml:mi mathvariant="normal">h</mml:mi>
<mml:mi mathvariant="normal">r</mml:mi>
<mml:mi mathvariant="normal">e</mml:mi>
<mml:mi mathvariant="normal">s</mml:mi>
<mml:mi mathvariant="normal">h</mml:mi>
<mml:mi mathvariant="normal">o</mml:mi>
<mml:mi mathvariant="normal">l</mml:mi>
<mml:mi mathvariant="normal">d</mml:mi>
</mml:mrow>
<mml:mo>+</mml:mo>
<mml:mn>1</mml:mn>
</mml:mrow>
</mml:mstyle>
</mml:math>
</inline-formula>;</td>
</tr>
<tr valign="top">
<td colspan="2"> &#x00A0;&#x00A0;&#x00A0; &#x00A0;&#x00A0;&#x00A0; &#x00A0;&#x00A0;&#x00A0; &#x00A0;&#x00A0;&#x00A0;<bold>continue</bold> ;</td>
</tr>
<tr valign="top">
<td colspan="2"> &#x00A0;&#x00A0;&#x00A0; &#x00A0;&#x00A0;&#x00A0; &#x00A0;&#x00A0;&#x00A0;<bold>else</bold>
</td>
</tr>
<tr valign="top">
<td colspan="2"> &#x00A0;&#x00A0;&#x00A0; &#x00A0;&#x00A0;&#x00A0; &#x00A0;&#x00A0;&#x00A0; &#x00A0;&#x00A0;&#x00A0;<bold>return</bold>&#x00A0;<italic>blobs</italic>;</td>
</tr>
<tr valign="top">
<td colspan="2"> &#x00A0;&#x00A0;&#x00A0; &#x00A0;&#x00A0;&#x00A0; &#x00A0;&#x00A0;&#x00A0;<bold>end</bold>
</td>
</tr>
<tr valign="top">
<td colspan="2">&#x00A0;&#x00A0;&#x00A0;&#x00A0;<bold>else</bold>
</td>
</tr>
<tr valign="top">
<td colspan="2"> &#x00A0;&#x00A0;&#x00A0; &#x00A0;&#x00A0;&#x00A0; &#x00A0;&#x00A0;&#x00A0; <inline-formula>
<mml:math id="inf329">
<mml:mrow>
<mml:mi>threshold</mml:mi>
<mml:mo>=</mml:mo>
<mml:mrow>
<mml:mi>threshold</mml:mi>
<mml:mo>+</mml:mo>
<mml:mn>1</mml:mn>
</mml:mrow>
</mml:mrow>
</mml:math>
</inline-formula>;</td>
</tr>
<tr valign="top">
<td colspan="2">&#x00A0;&#x00A0;&#x00A0;&#x00A0;<bold>end</bold>
</td>
</tr>
<tr valign="top">
<td colspan="2">
<bold>end</bold>
</td>
</tr>
<tr valign="top">
<td colspan="2">
<bold>return&#x00A0;fail</bold>;</td>
</tr>
</tbody>
</table>
</table-wrap>
</p>
