<?xml version="1.0" encoding="UTF-8"?><atom:entry xmlns:atom="http://www.w3.org/2005/Atom" xmlns:nlm="http://schema.highwire.org/NLM/Journal" nlm:article-type="research-article">
<atom:published>2021-08-13T08:33:07-07:00</atom:published>
<nlm:pub-date pub-type="epub">
<nlm:day>13</nlm:day>
<nlm:month>8</nlm:month>
<nlm:year>2021</nlm:year>
</nlm:pub-date>
<nlm:pub-date pub-type="epub-version">
<nlm:day>13</nlm:day>
<nlm:month>8</nlm:month>
<nlm:year>2021</nlm:year>
</nlm:pub-date>
<atom:link xmlns:c="http://schema.highwire.org/Compound" rel="http://schema.highwire.org/Compound#parent" href="http://api.highwire.org/content/bmjopen/11/8.atom" c:role="http://schema.highwire.org/Journal/Issue"/>
<atom:category scheme="http://schema.highwire.org/Publishing#role" term="http://schema.highwire.org/Journal/Article"/>
<atom:category scheme="http://schema.highwire.org/Journal/Article#open-access" term="yes"/>
<atom:id>tag:bmjopen@highwire.org,2021-07-27:bmjopen-2021-053395</atom:id>
<atom:title>Analysis of the factors affecting the adoption and compliance of the NHS COVID-19 mobile application: a national cross-sectional survey in England</atom:title>
<atom:author nlm:contrib-type="author">
<atom:name>Marcus Panchal</atom:name>
<nlm:aff>
<nlm:institution content-type="department">Department of Electrical and Electronic Engineering</nlm:institution>, <nlm:institution>Imperial College London</nlm:institution>, <nlm:addr-line content-type="city">London</nlm:addr-line>, <nlm:country>UK</nlm:country>
</nlm:aff>
<nlm:name name-style="western">
<nlm:surname>Panchal</nlm:surname>
<nlm:given-names>Marcus</nlm:given-names>
</nlm:name>
</atom:author>
<atom:contributor nlm:contrib-type="author" nlm:corresp="yes">
<atom:name>Sukhpreet Singh</atom:name>
<nlm:aff>
<nlm:institution content-type="department">Department of Electrical and Electronic Engineering</nlm:institution>, <nlm:institution>Imperial College London</nlm:institution>, <nlm:addr-line content-type="city">London</nlm:addr-line>, <nlm:country>UK</nlm:country>
</nlm:aff>
<nlm:name name-style="western">
<nlm:surname>Singh</nlm:surname>
<nlm:given-names>Sukhpreet</nlm:given-names>
</nlm:name>
<nlm:object-id xmlns:xlink="http://www.w3.org/1999/xlink" pub-id-type="other" xlink:href="http://orcid.org/0000-0001-7583-2766"/>
<nlm:contrib-id contrib-id-type="orcid" authenticated="false">http://orcid.org/0000-0001-7583-2766</nlm:contrib-id>
</atom:contributor>
<atom:contributor nlm:contrib-type="author">
<atom:name>Esther Rodriguez-Villegas</atom:name>
<nlm:aff>
<nlm:institution content-type="department">Department of Electrical and Electronic Engineering</nlm:institution>, <nlm:institution>Imperial College London</nlm:institution>, <nlm:addr-line content-type="city">London</nlm:addr-line>, <nlm:country>UK</nlm:country>
</nlm:aff>
<nlm:name name-style="western">
<nlm:surname>Rodriguez-Villegas</nlm:surname>
<nlm:given-names>Esther</nlm:given-names>
</nlm:name>
</atom:contributor>
<nlm:corresp>
<nlm:email>ss7719@ic.ac.uk</nlm:email>
</nlm:corresp>
<atom:updated>2021-09-20T22:38:29-07:00</atom:updated>
<app:edited xmlns:app="http://www.w3.org/2007/app">2021-09-20T22:38:56.068011-07:00</app:edited>
<nlm:title-group>
<nlm:article-title>Analysis of the factors affecting the adoption and compliance of the NHS COVID-19 mobile application: a national cross-sectional survey in England</nlm:article-title>
</nlm:title-group>
<nlm:journal-meta>
<nlm:journal-id journal-id-type="hwp">bmjopen</nlm:journal-id>
<nlm:journal-id journal-id-type="nlm-ta">BMJ Open</nlm:journal-id>
<nlm:journal-id journal-id-type="publisher-id">bmjopen</nlm:journal-id>
<nlm:journal-title>BMJ Open</nlm:journal-title>
<nlm:abbrev-journal-title abbrev-type="publisher">BMJ Open</nlm:abbrev-journal-title>
<nlm:abbrev-journal-title>BMJ Open</nlm:abbrev-journal-title>
<nlm:issn pub-type="ppub">2044-6055</nlm:issn>
<nlm:issn pub-type="epub">2044-6055</nlm:issn>
<nlm:publisher>
<nlm:publisher-name>British Medical Journal Publishing Group</nlm:publisher-name>
</nlm:publisher>
</nlm:journal-meta>
<nlm:volume-id pub-id-type="other">11</nlm:volume-id>
<nlm:volume-id pub-id-type="other">11</nlm:volume-id>
<nlm:issue-id pub-id-type="other">bmjopen;11/8</nlm:issue-id>
<nlm:issue-id pub-id-type="other">8</nlm:issue-id>
<nlm:issue-id pub-id-type="other">11/8</nlm:issue-id>
<nlm:article-id pub-id-type="publisher-id">bmjopen-2021-053395</nlm:article-id>
<nlm:article-id pub-id-type="doi">10.1136/bmjopen-2021-053395</nlm:article-id>
<nlm:article-id pub-id-type="other">bmjopen;11/8/e053395</nlm:article-id>
<nlm:article-id pub-id-type="other">bmjopen;bmjopen-2021-053395</nlm:article-id>
<nlm:article-id pub-id-type="other">e053395</nlm:article-id>
<nlm:article-id pub-id-type="other">bmjopen-2021-053395</nlm:article-id>
<nlm:article-id pub-id-type="pmid">34389583</nlm:article-id>
<nlm:pub-id pub-id-type="publisher-id">bmjopen-2021-053395</nlm:pub-id>
<nlm:pub-id pub-id-type="doi">10.1136/bmjopen-2021-053395</nlm:pub-id>
<nlm:pub-id pub-id-type="other">bmjopen;11/8/e053395</nlm:pub-id>
<nlm:pub-id pub-id-type="other">bmjopen;bmjopen-2021-053395</nlm:pub-id>
<nlm:pub-id pub-id-type="pmid">34389583</nlm:pub-id>
<nlm:article-categories>
<nlm:subj-group subj-group-type="heading">
<nlm:subject>Public health</nlm:subject>
</nlm:subj-group>
<nlm:subj-group xmlns:hwp="http://schema.highwire.org/Journal" subj-group-type="hwp-journal-coll" hwp:journal-coll-id="1506" hwp:journal="bmjopen">
<nlm:subject>Open access</nlm:subject>
</nlm:subj-group>
<nlm:subj-group xmlns:hwp="http://schema.highwire.org/Journal" subj-group-type="hwp-journal-coll" hwp:journal-coll-id="1724" hwp:journal="bmjopen">
<nlm:subject>Public health</nlm:subject>
</nlm:subj-group>
<nlm:subj-group xmlns:hwp="http://schema.highwire.org/Journal" subj-group-type="hwp-journal-coll" hwp:journal-coll-id="2474" hwp:journal="bmjopen">
<nlm:subject>COVID-19</nlm:subject>
</nlm:subj-group>
<nlm:series-title>Original research</nlm:series-title>
</nlm:article-categories>
<nlm:pub-date pub-type="ppub" date-type="pub" publication-format="print">
<nlm:month>8</nlm:month>
<nlm:year>2021</nlm:year>
</nlm:pub-date>
<nlm:pub-date pub-type="epub-original" date-type="pub" publication-format="electronic">
<nlm:day>12</nlm:day>
<nlm:month>8</nlm:month>
<nlm:year>2021</nlm:year>
</nlm:pub-date>
<nlm:pub-date pub-type="hwp-received">
    <nlm:day>27</nlm:day>
<nlm:month>7</nlm:month>
<nlm:year>2021</nlm:year>
  </nlm:pub-date>
<nlm:pub-date pub-type="hwp-created">
    <nlm:day>27</nlm:day>
<nlm:month>7</nlm:month>
<nlm:year>2021</nlm:year>
  </nlm:pub-date>
<nlm:volume>11</nlm:volume>
<nlm:issue>8</nlm:issue>
<nlm:elocation-id>e053395</nlm:elocation-id>
<nlm:kwd-group>
<nlm:kwd>covid-19</nlm:kwd>
<nlm:kwd>information technology</nlm:kwd>
<nlm:kwd>telemedicine</nlm:kwd>
<nlm:kwd>public health</nlm:kwd>
<nlm:kwd>health informatics</nlm:kwd>
</nlm:kwd-group>
<nlm:permissions>
<nlm:copyright-statement>© Author(s) (or their employer(s)) 2021. Re-use permitted under CC BY-NC. No commercial re-use. See rights and permissions. Published by BMJ.</nlm:copyright-statement>
<nlm:copyright-year>2021</nlm:copyright-year>
<nlm:license xmlns:xlink="http://www.w3.org/1999/xlink" license-type="open-access" xlink:href="http://creativecommons.org/licenses/by-nc/4.0/">
<ali:license_ref xmlns:ali="http://www.niso.org/schemas/ali/1.0/" start_date="2021-08-12">http://creativecommons.org/licenses/by-nc/4.0/</ali:license_ref>
<nlm:p>This is an open access article distributed in accordance with the Creative Commons Attribution Non Commercial (CC BY-NC 4.0) license, which permits others to distribute, remix, adapt, build upon this work non-commercially, and license their derivative works on different terms, provided the original work is properly cited, appropriate credit is given, any changes made indicated, and the use is non-commercial. See: <nlm:ext-link ext-link-type="uri" xlink:href="http://creativecommons.org/licenses/by-nc/4.0/">http://creativecommons.org/licenses/by-nc/4.0/</nlm:ext-link>.</nlm:p>
</nlm:license>
</nlm:permissions>
<nlm:custom-meta>
<nlm:meta-name>special-feature</nlm:meta-name>
<nlm:meta-value>unlocked</nlm:meta-value>
</nlm:custom-meta>
<nlm:custom-meta>
<nlm:meta-name>special-property</nlm:meta-name>
<nlm:meta-value>contains-inline-supplementary-material</nlm:meta-value>
</nlm:custom-meta>
<nlm:history>
<nlm:date date-type="received">
<nlm:day>12</nlm:day>
<nlm:month>05</nlm:month>
<nlm:year>2021</nlm:year>
</nlm:date>
<nlm:date date-type="accepted">
<nlm:day>27</nlm:day>
<nlm:month>07</nlm:month>
<nlm:year>2021</nlm:year>
</nlm:date>
</nlm:history>
</atom:entry>