Article, Article Type, Stage Name, Times at Stage, Stage Owner, Start Date, Due Date, Completed Date, Task Status, Delay
eLife37925, Research article, Pre-editing,1,  Sandhiya, 2018-10-23, 2018-10-24, 2018-10-24, completed, -
eLife37925, Research article, Copyediting,1,  Copyeditor, 2018-10-24, 2018-10-25, 2018-10-25, completed, -
eLife37925, Research article, Publisher Check,1,  Molly, 2018-10-25, 2018-10-29, 2018-10-29, completed, -
eLife37925, Research article, Deliver digest,1,  eLife, 2018-10-29, 2018-10-31, 2018-11-02, completed,2
eLife37925, Research article, Author Review,1,  Author, 2018-11-02, 2018-11-07, 2018-11-02, completed, -
eLife37925, Research article, Author Review,2,  Author, 2018-11-02, 2018-11-07, 2018-11-06, completed, -
eLife37925, Research article, Post Author Validation,1,  Exeter, 2018-11-06, 2018-11-07, 2018-11-07, completed, -
eLife37925, Research article, Publisher Review,1,  Becky, 2018-11-07, 2018-11-09, 2018-11-07, completed, -
eLife37925, Research article, Post Author Validation,2,  Exeter, 2018-11-07, 2018-11-08, 2018-11-08, completed, -
eLife37925, Research article, Publisher Review,2,  Becky, 2018-11-08, 2018-11-12, 2018-11-08, completed, -
eLife37925, Research article, Post Author Validation,3,  Exeter, 2018-11-08, 2018-11-09, 2018-11-08, completed, -
eLife37925, Research article, Publisher Review,3,  Becky, 2018-11-08, 2018-11-12, 2018-11-08, completed, -
eLife37925, Research article, Author Review,3,  Author, 2018-11-08, 2018-11-12, 2018-11-08, completed, -
eLife37925, Research article, Publisher Review,4,  James, 2018-11-08, 2018-11-12, 2018-11-09, completed, -
eLife37925, Research article, Post Author Validation,4,  Exeter, 2018-11-09, 2018-11-12, 2018-11-12, completed, -
eLife37925, Research article, Publisher Review,5,  James, 2018-11-12, 2018-11-14, 2018-11-12, completed, -
eLife37925, Research article, Final Deliverables,1,  eLife, 2018-11-12, 2018-11-13, 2021-04-09, completed,878
eLife37925, Research article, Official correction,1,  eLife, 2021-04-09, 2021-04-12, 2021-04-09, completed, -
eLife37925, Research article, Publisher Review,6,  Publisher, 2021-04-09, 2021-04-13, 2021-04-09, completed, -
eLife37925, Research article, Post Author Validation,5,  Balakrishnan, 2021-04-09, 2021-04-12, 2021-04-12, completed, -
eLife37925, Research article, Publisher Review,7,  Claudia, 2021-04-12, 2021-04-14, 2021-04-12, completed, -
eLife37925, Research article, Post Author Validation,6,  Balakrishnan, 2021-04-12, 2021-04-13, -, in-progress,254
eLife62084, Research article, Pre-editing,1,  Augustus, 2021-05-13, 2021-05-14, 2021-05-17, completed,3
eLife62084, Research article, Copyediting,1,  Copyeditor, 2021-05-17, 2021-05-18, 2021-05-20, completed,2
eLife62084, Research article, Deliver digest,1,  eLife, 2021-05-20, 2021-05-24, 2021-05-20, completed, -
eLife62084, Research article, Author Review,1,  Author, 2021-05-20, 2021-05-24, 2021-05-20, completed, -
eLife62084, Research article, Author Review,2,  Author, 2021-05-20, 2021-05-24, -, in-progress,213
eLife67527, Feature Article, Pre-editing,1,  Sandhiya, 2021-08-30, 2021-08-31, 2021-09-01, completed,1
eLife67527, Feature Article, Publisher Check,1,  Naushin, 2021-09-01, 2021-09-03, 2021-09-03, completed, -
eLife67527, Feature Article, Typesetter QA,1,  Shanmugapriya, 2021-09-03, 2021-09-06, 2021-09-03, completed, -
eLife67527, Feature Article, Author Review,1,  Author, 2021-09-03, 2021-09-08, 2021-09-07, completed, -
eLife59811, Research article, Pre-editing,1,  chandru, 2021-09-10, 2021-09-13, 2021-09-15, completed,2
eLife59811, Research article, Copyediting,1,  Copyeditor, 2021-09-15, 2021-09-16, 2021-09-16, completed, -
eLife59811, Research article, Author Review,1,  Author, 2021-09-16, 2021-09-20, 2021-09-22, completed,2
eLife59811, Research article, Post Author Validation,1,  Sandhiya, 2021-09-22, 2021-09-23, 2021-09-23, completed, -
eLife59811, Research article, Publisher Review,1,  Naushin, 2021-09-23, 2021-09-27, 2021-09-24, completed, -
eLife59811, Research article, Post Author Validation,2,  Shanmugapriya, 2021-09-24, 2021-09-27, 2021-09-27, completed, -
eLife59811, Research article, Publisher Review,2,  James, 2021-09-27, 2021-09-29, 2021-09-27, completed, -
eLife59811, Research article, Final Deliverables,1,  eLife, 2021-09-27, 2021-09-28, 2021-09-27, completed, -
eLife59811, Research article, New version,1,  eLife, 2021-12-22, 1970-01-01, 2021-12-22, completed,18983
eLife59811, Research article, Publisher Review,3,  Naushin, 2021-12-22, 2021-12-24, 2021-12-22, completed, -
eLife59811, Research article, Final Deliverables,2,  eLife, 2021-12-22, 2021-12-23, 2021-12-22, completed, -
eLife68344, Research article, Pre-editing,1,  chandru, 2021-08-12, 2021-08-13, 2021-08-16, completed,3
eLife68344, Research article, Copyediting,1,  Copyeditor, 2021-08-16, 2021-08-17, 2021-08-17, completed, -
eLife68344, Research article, Typesetter QA,1,  Exeter, 2021-08-17, 2021-08-18, 2021-08-17, completed, -
eLife68344, Research article, Author Review,1,  Author, 2021-08-17, 2021-08-20, 2021-11-16, completed,88
eLife68344, Research article, Post Author Validation,1,  Sandhiya, 2021-11-16, 2021-11-17, 2021-11-24, completed,7
eLife68344, Research article, Publisher Review,1,  Naushin, 2021-11-24, 2021-11-26, 2021-11-24, completed, -
eLife68344, Research article, Author Review,2,  Author, 2021-11-24, 2021-11-29, 2021-12-02, completed,3
eLife68344, Research article, Publisher Review,2,  Naushin, 2021-12-02, 2021-12-06, 2021-12-02, completed, -
eLife68344, Research article, Post Author Validation,2,  Shanmugapriya, 2021-12-02, 2021-12-03, 2021-12-03, completed, -
eLife68344, Research article, Publisher Review,3,  Naushin, 2021-12-03, 2021-12-07, 2021-12-06, completed, -
eLife68344, Research article, Post Author Validation,3,  Sandhiya, 2021-12-06, 2021-12-07, 2021-12-08, completed,1
eLife68344, Research article, Publisher Review,4,  Naushin, 2021-12-08, 2021-12-10, 2021-12-08, completed, -
eLife68344, Research article, Post Author Validation,4,  Sandhiya, 2021-12-08, 2021-12-09, 2021-12-15, completed,6
eLife68344, Research article, Publisher Review,5,  Naushin, 2021-12-15, 2021-12-17, 2021-12-15, completed, -
eLife68344, Research article, Post Author Validation,5,  Sandhiya, 2021-12-15, 2021-12-16, 2021-12-16, completed, -
eLife68344, Research article, Publisher Review,6,  Claudia, 2021-12-16, 2021-12-20, 2021-12-16, completed, -
eLife68344, Research article, Post Author Validation,6,  Sandhiya, 2021-12-16, 2021-12-17, -, in-progress,6
eLife69884, Research article, Pre-editing,1,  chandru, 2021-10-25, 2021-10-26, 2021-11-02, completed,7
eLife69884, Research article, Copyediting,1,  Copyeditor, 2021-11-02, 2021-11-03, 2021-11-03, completed, -
eLife69884, Research article, Author Review,1,  Author, 2021-11-03, 2021-11-08, 2021-11-06, completed, -
eLife69884, Research article, Post Author Validation,1,  Shanmugapriya, 2021-11-06, 2021-11-08, 2021-11-13, completed,5
eLife69884, Research article, Publisher Review,1,  Naushin, 2021-11-13, 2021-11-15, 2021-11-16, completed,1
eLife69884, Research article, Post Author Validation,2,  Shanmugapriya, 2021-11-16, 2021-11-17, 2021-11-24, completed,7
eLife69884, Research article, Publisher Review,2,  James, 2021-11-24, 2021-11-26, 2021-11-24, completed, -
eLife69884, Research article, Author Review,2,  Author, 2021-11-24, 2021-11-29, 2021-12-03, completed,4
eLife69884, Research article, Publisher Review,3,  James, 2021-12-03, 2021-12-07, 2021-12-03, completed, -
eLife69884, Research article, Post Author Validation,3,  Shanmugapriya, 2021-12-03, 2021-12-06, 2021-12-14, completed,8
eLife69884, Research article, Publisher Review,4,  eLife, 2021-12-14, 2021-12-16, 2021-12-15, completed, -
eLife69884, Research article, Publisher Review,7,  Naushin, 2021-12-22, 2021-12-24, 2021-12-22, completed, -
eLife69884, Research article, Post Author Validation,5,  Sandhiya, 2021-12-22, 2021-12-23, -, in-progress, -
