Article, Word count, Exclude Reference, Days in production, Current stage, Article type, Assignee,Times at Support,Days in Support,Times at Hold,Days in Hold, Accepted Date, Exported Date, Pre-editing, Copyediting, Publisher Check, Deliver digest, Typesetter QA, Author Review, Post Author Validation, Publisher Review, Author, Rating, Additional Comments
65528, Not found, Not found, 112, Pre-editing, Tools and resources, Support,,,,, 2021-09-01, 2021-09-02, 2021-09-02, 2021-09-03, , , 2021-09-07, 2021-09-13, , 2021-09-15,,,""
62018, Not found, Not found, 447, Pre-editing, Research article, Sanchana,,,,, 2020-09-22, 2020-10-02, 2020-10-02, 2020-10-05, , , 2020-10-07, 2020-10-13, , 2020-10-15,,,""
3891, Not found, Not found, 387, Pre-editing, Research article, In Query,,,,, 2014-10-29, 2020-12-01, 2020-12-01, , 2020-12-02, , , 2020-12-04, , 2020-12-08,,,""
55390, Not found, Not found, 573, Pre-editing, Research article, Balakrishnan,,,,, 2020-05-28, 2020-05-29, 2020-05-29, 2020-06-01, , , 2020-06-03, 2020-06-09, , 2020-06-11,,,""
70444, Not found, Not found, 85, Pre-editing, Research article, Support,,,,, 2021-09-21, 2021-09-29, 2021-09-29, , 2021-09-30, , , 2021-10-04, , 2021-10-06,,,""
37925, 15607, 10343, 1157, Post Author Validation, Research article, Balakrishnan,,,,, 2018-10-22, 2018-10-23, 2018-10-23, 2018-10-24, 2018-10-25, 2018-10-29, 2018-10-26, 2018-11-08, 2021-04-12, 2021-04-12,,,""
59613, Not found, Not found, 66, Pre-editing, Research article, Balakrishnan,,,,, 2021-09-19, 2021-10-18, 2021-10-18, , 2021-10-19, , , 2021-10-21, , 2021-10-25,,,""
62084, 29204, 19518, 224, Author Review, Research article, Author,,,,, 2021-05-12, 2021-05-13, 2021-05-13, 2021-05-17, , 2021-05-20, 2021-05-18, 2021-05-20, , 2021-05-26,,,""
70557, Not found, Not found, 85, Pre-editing, Short report, Support,,,,, 2021-09-22, 2021-09-29, 2021-09-29, 2021-09-30, , , 2021-10-04, 2021-10-08, , 2021-10-12,,,""
70372, Not found, Not found, 106, Pre-editing, Research article, Support,,,,, 2021-09-01, 2021-09-08, 2021-09-08, 2021-09-09, , , 2021-09-13, 2021-09-17, , 2021-09-21,,,""
65217, Not found, Not found, 104, Pre-editing, Research article, Support,,,,, 2021-09-09, 2021-09-10, 2021-09-10, 2021-09-13, , , 2021-09-15, 2021-09-21, , 2021-09-23,,,""
70514, Not found, Not found, 106, Pre-editing, Research article, Support,,,,, 2021-09-07, 2021-09-08, 2021-09-08, 2021-09-09, , , 2021-09-13, 2021-09-17, , 2021-09-21,,,""
69207, Not found, Not found, 104, Pre-editing, Research article, Support,,,,, 2021-09-09, 2021-09-10, 2021-09-10, 2021-09-13, , , 2021-09-15, 2021-09-21, , 2021-09-23,,,""
65099, Not found, Not found, 149, Pre-editing, Short report, Balakrishnan,,,,, 2021-07-26, 2021-07-27, 2021-07-27, 2021-07-28, , , 2021-07-30, 2021-08-05, , 2021-08-09,,,""
66643, Not found, Not found, 149, Pre-editing, Short report, Sandhiya,,,,, 2021-07-26, 2021-07-27, 2021-07-27, 2021-07-28, , , 2021-07-30, 2021-08-05, , 2021-08-09,,,""
72286, Not found, Not found, 106, Pre-editing, Research article, Support,,,,, 2021-09-07, 2021-09-08, 2021-09-08, , 2021-09-09, , , 2021-09-13, , 2021-09-15,,,""
72104, Not found, Not found, 99, Pre-editing, Review Article, Support,,,,, 2021-09-14, 2021-09-15, 2021-09-15, , 2021-09-16, , , 2021-09-20, , 2021-09-22,,,""
70092, Not found, Not found, 85, Pre-editing, Tools and resources, Support,,,,, 2021-09-29, 2021-09-29, 2021-09-29, , 2021-09-30, , , 2021-10-04, , 2021-10-06,,,""
66393, Not found, Not found, 132, Pre-editing, Tools and resources, Sandhiya,,,,, 2021-08-10, 2021-08-13, 2021-08-13, 2021-08-16, , , 2021-08-18, 2021-08-24, , 2021-08-26,,,""
65085, Not found, Not found, 139, Pre-editing, Research article, Shanmugapriya,,,,, 2021-08-04, 2021-08-06, 2021-08-06, 2021-08-09, , , 2021-08-11, 2021-08-17, , 2021-08-19,,,""
69719, Not found, Not found, 136, Pre-editing, Research article, eLife,,,,, 2021-08-07, 2021-08-09, 2021-08-09, 2021-08-10, , , 2021-08-12, 2021-08-18, , 2021-08-20,,,""
65759, Not found, Not found, 85, Pre-editing, Research article, Support,,,,, 2021-09-28, 2021-09-29, 2021-09-29, , 2021-09-30, , , 2021-10-04, , 2021-10-06,,,""
69298, Not found, Not found, 85, Pre-editing, Research article, Support,,,,, 2021-09-26, 2021-09-29, 2021-09-29, , 2021-09-30, , , 2021-10-04, , 2021-10-06,,,""
68371, Not found, Not found, 133, Pre-editing, Research article, Shanmugapriya,,,,, 2021-08-10, 2021-08-12, 2021-08-12, , 2021-08-13, , , 2021-08-17, , 2021-08-19,,,""
70692, Not found, Not found, 101, Pre-editing, Research article, Support,,,,, 2021-09-10, 2021-09-13, 2021-09-13, , 2021-09-14, , , 2021-09-16, , 2021-09-20,,,""
67029, Not found, Not found, 122, Pre-editing, Research article, chandru,,,,, 2021-07-31, 2021-08-23, 2021-08-23, 2021-08-24, , , 2021-08-26, 2021-09-01, , 2021-09-03,,,""
66417, Not found, Not found, 132, Pre-editing, Tools and resources, Exeter,,,,, 2021-08-11, 2021-08-13, 2021-08-13, 2021-08-16, , , 2021-08-18, 2021-08-24, , 2021-08-26,,,""
66862, Not found, Not found, 87, Pre-editing, Research article, Support,,,,, 2021-09-24, 2021-09-27, 2021-09-27, 2021-09-28, , , 2021-09-30, 2021-10-06, , 2021-10-08,,,""
61660, Not found, Not found, 87, Pre-editing, Research article, Support,,,,, 2021-09-22, 2021-09-27, 2021-09-27, , 2021-09-28, , , 2021-09-30, , 2021-10-04,,,""
65304, Not found, Not found, 127, Pre-editing, Research article, Sanchana,,,,, 2021-07-27, 2021-08-18, 2021-08-18, 2021-08-19, , , 2021-08-23, 2021-08-27, , 2021-08-31,,,""
69994, Not found, Not found, 126, Pre-editing, Research article, Sandhiya,,,,, 2021-08-17, 2021-08-19, 2021-08-19, 2021-08-20, , , 2021-08-24, 2021-08-30, , 2021-09-01,,,""
70272, Not found, Not found, 126, Pre-editing, Research article, Shanmugapriya,,,,, 2021-08-15, 2021-08-19, 2021-08-19, 2021-08-20, , , 2021-08-24, 2021-08-30, , 2021-09-01,,,""
70458, Not found, Not found, 126, Pre-editing, Research advance, eLife,,,,, 2021-08-17, 2021-08-19, 2021-08-19, , 2021-08-20, , , 2021-08-24, , 2021-08-26,,,""
71983, Not found, Not found, 66, Pre-editing, Research advance, Balakrishnan,,,,, 2021-10-15, 2021-10-18, 2021-10-18, , 2021-10-19, , , 2021-10-21, , 2021-10-25,,,""
70934, Not found, Not found, 72, Pre-editing, Research article, Gowtham,,,,, 2021-09-30, 2021-10-12, 2021-10-12, 2021-10-13, , , 2021-10-15, 2021-10-21, , 2021-10-25,,,""
72943, Not found, Not found, 105, Pre-editing, Research article, Support,,,,, 2021-08-25, 2021-09-09, 2021-09-09, , 2021-09-10, , , 2021-09-14, , 2021-09-16,,,""
66039, Not found, Not found, 105, Pre-editing, Research article, Support,,,,, 2021-09-07, 2021-09-09, 2021-09-09, 2021-09-10, , , 2021-09-14, 2021-09-20, , 2021-09-22,,,""
68795, Not found, Not found, 85, Pre-editing, Review Article, Support,,,,, 2021-09-28, 2021-09-29, 2021-09-29, , 2021-09-30, , , 2021-10-04, , 2021-10-06,,,""
71401, Not found, Not found, 86, Pre-editing, Research article, Support,,,,, 2021-09-27, 2021-09-28, 2021-09-28, , 2021-09-29, , , 2021-10-01, , 2021-10-05,,,""
66400, Not found, Not found, 104, Pre-editing, Research article, Support,,,,, 2021-09-09, 2021-09-10, 2021-09-10, 2021-09-13, , , 2021-09-15, 2021-09-21, , 2021-09-23,,,""
70676, Not found, Not found, 119, Pre-editing, Research advance, eLife,,,,, 2021-08-24, 2021-08-26, 2021-08-26, , 2021-08-27, , , 2021-08-31, , 2021-09-02,,,""
70253, Not found, Not found, 119, Pre-editing, Research article, chandru,,,,, 2021-08-25, 2021-08-26, 2021-08-26, , 2021-08-27, , , 2021-08-31, , 2021-09-02,,,""
70658, Not found, Not found, 119, Pre-editing, Research article, eLife,,,,, 2021-08-20, 2021-08-26, 2021-08-26, 2021-08-27, , , 2021-08-31, 2021-09-06, , 2021-09-08,,,""
66483, Not found, Not found, 115, Pre-editing, Research article, Shanmugapriya,,,,, 2021-08-25, 2021-08-30, 2021-08-30, 2021-08-31, , , 2021-09-02, 2021-09-08, , 2021-09-10,,,""
57090, Not found, Not found, 111, Pre-editing, Research article, Support,,,,, 2021-09-02, 2021-09-03, 2021-09-03, 2021-09-06, , , 2021-09-08, 2021-09-14, , 2021-09-16,,,""
60389, Not found, Not found, 108, Pre-editing, Research advance, Shanmugapriya,,,,, 2021-09-04, 2021-09-06, 2021-09-06, 2021-09-07, , , 2021-09-09, 2021-09-15, , 2021-09-17,,,""
64175, Not found, Not found, 72, Pre-editing, Research article, Support,,,,, 2021-10-11, 2021-10-12, 2021-10-12, , 2021-10-13, , , 2021-10-15, , 2021-10-19,,,""
63181, Not found, Not found, 65, Pre-editing, Research article, Balakrishnan,,,,, 2021-10-17, 2021-10-19, 2021-10-19, 2021-10-20, , , 2021-10-22, 2021-10-28, , 2021-11-01,,,""
71642, Not found, Not found, 113, Pre-editing, Research article, Exeter,,,,, 2021-08-31, 2021-09-01, 2021-09-01, , 2021-09-02, , , 2021-09-06, , 2021-09-08,,,""
68578, Not found, Not found, 113, Pre-editing, Research article, Exeter,,,,, 2021-08-31, 2021-09-01, 2021-09-01, , 2021-09-02, , , 2021-09-06, , 2021-09-08,,,""
67358, Not found, Not found, 113, Pre-editing, Research article, Exeter,,,,, 2021-08-31, 2021-09-01, 2021-09-01, , 2021-09-02, , , 2021-09-06, , 2021-09-08,,,""
68457, Not found, Not found, 101, Pre-editing, Tools and resources, Support,,,,, 2021-09-12, 2021-09-13, 2021-09-13, 2021-09-14, , , 2021-09-16, 2021-09-22, , 2021-09-24,,,""
69740, Not found, Not found, 111, Pre-editing, Research article, Support,,,,, 2021-08-31, 2021-09-03, 2021-09-03, 2021-09-06, , , 2021-09-08, 2021-09-14, , 2021-09-16,,,""
63250, Not found, Not found, 87, Pre-editing, Research article, Support,,,,, 2021-09-24, 2021-09-27, 2021-09-27, , 2021-09-28, , , 2021-09-30, , 2021-10-04,,,""
66709, Not found, Not found, 87, Pre-editing, Research article, Support,,,,, 2021-09-10, 2021-09-27, 2021-09-27, , 2021-09-28, , , 2021-09-30, , 2021-10-04,,,""
66547, Not found, Not found, 111, Pre-editing, Research article, Support,,,,, 2021-09-02, 2021-09-03, 2021-09-03, , 2021-09-06, , , 2021-09-08, , 2021-09-10,,,""
66635, Not found, Not found, 111, Pre-editing, Research article, Support,,,,, 2021-09-03, 2021-09-03, 2021-09-03, , 2021-09-06, , , 2021-09-08, , 2021-09-10,,,""
67527, 15832, 9639, 115, Publisher Check, Feature Article, Naushin,,,,, 2021-08-27, 2021-08-30, 2021-08-30, , 2021-09-03, , 2021-09-03, 2021-09-03, , 2021-09-06,,,""
71351, Not found, Not found, 85, Pre-editing, Research article, Support,,,,, 2021-09-28, 2021-09-29, 2021-09-29, , 2021-09-30, , , 2021-10-04, , 2021-10-06,,,""
69687, Not found, Not found, 106, Pre-editing, Tools and resources, Support,,,,, 2021-09-07, 2021-09-08, 2021-09-08, 2021-09-09, , , 2021-09-13, 2021-09-17, , 2021-09-21,,,""
67605, Not found, Not found, 108, Pre-editing, Research article, Exeter,,,,, 2021-09-03, 2021-09-06, 2021-09-06, 2021-09-07, , , 2021-09-09, 2021-09-15, , 2021-09-17,,,""
68803, Not found, Not found, 87, Pre-editing, Tools and resources, Support,,,,, 2021-09-24, 2021-09-27, 2021-09-27, , 2021-09-28, , , 2021-09-30, , 2021-10-04,,,""
67535, Not found, Not found, 101, Pre-editing, Research article, Support,,,,, 2021-09-12, 2021-09-13, 2021-09-13, , 2021-09-14, , , 2021-09-16, , 2021-09-20,,,""
69375, Not found, Not found, 87, Pre-editing, Research article, Support,,,,, 2021-09-24, 2021-09-27, 2021-09-27, 2021-09-28, , , 2021-09-30, 2021-10-06, , 2021-10-08,,,""
67777, Not found, Not found, 107, Pre-editing, Research article, Support,,,,, 2021-09-06, 2021-09-07, 2021-09-07, 2021-09-08, , , 2021-09-10, 2021-09-16, , 2021-09-20,,,""
70067, Not found, Not found, 107, Pre-editing, Research article, Support,,,,, 2021-09-06, 2021-09-07, 2021-09-07, 2021-09-08, , , 2021-09-10, 2021-09-16, , 2021-09-20,,,""
69148, Not found, Not found, 106, Pre-editing, Research article, Support,,,,, 2021-09-06, 2021-09-08, 2021-09-08, 2021-09-09, , , 2021-09-13, 2021-09-17, , 2021-09-21,,,""
63372, Not found, Not found, 103, Pre-editing, Research article, Support,,,,, 2021-09-09, 2021-09-11, 2021-09-11, 2021-09-13, , , 2021-09-15, 2021-09-21, , 2021-09-23,,,""
71335, Not found, Not found, 103, Pre-editing, Research article, Support,,,,, 2021-09-08, 2021-09-11, 2021-09-11, , 2021-09-13, , , 2021-09-15, , 2021-09-17,,,""
71557, Not found, Not found, 103, Pre-editing, Research article, Support,,,,, 2021-09-08, 2021-09-11, 2021-09-11, , 2021-09-13, , , 2021-09-15, , 2021-09-17,,,""
67345, Not found, Not found, 103, Pre-editing, Review Article, Support,,,,, 2021-09-09, 2021-09-11, 2021-09-11, , 2021-09-13, , , 2021-09-15, , 2021-09-17,,,""
69647, Not found, Not found, 103, Pre-editing, Research article, Support,,,,, 2021-09-09, 2021-09-11, 2021-09-11, , 2021-09-13, , , 2021-09-15, , 2021-09-17,,,""
65151, Not found, Not found, 103, Pre-editing, Tools and resources, Support,,,,, 2021-09-07, 2021-09-11, 2021-09-11, , 2021-09-13, , , 2021-09-15, , 2021-09-17,,,""
68479, Not found, Not found, 103, Pre-editing, Tools and resources, Support,,,,, 2021-09-08, 2021-09-11, 2021-09-11, 2021-09-13, , , 2021-09-15, 2021-09-21, , 2021-09-23,,,""
66406, Not found, Not found, 103, Pre-editing, Research article, Support,,,,, 2021-09-08, 2021-09-11, 2021-09-11, , 2021-09-13, , , 2021-09-15, , 2021-09-17,,,""
67289, Not found, Not found, 103, Pre-editing, Research article, Support,,,,, 2021-09-08, 2021-09-11, 2021-09-11, , 2021-09-13, , , 2021-09-15, , 2021-09-17,,,""
68825, Not found, Not found, 101, Pre-editing, Research article, Support,,,,, 2021-09-11, 2021-09-13, 2021-09-13, , 2021-09-14, , , 2021-09-16, , 2021-09-20,,,""
69184, Not found, Not found, 101, Pre-editing, Research article, Support,,,,, 2021-09-11, 2021-09-13, 2021-09-13, 2021-09-14, , , 2021-09-16, 2021-09-22, , 2021-09-24,,,""
67964, Not found, Not found, 101, Pre-editing, Research article, Support,,,,, 2021-09-10, 2021-09-13, 2021-09-13, 2021-09-14, , , 2021-09-16, 2021-09-22, , 2021-09-24,,,""
71069, Not found, Not found, 87, Pre-editing, Tools and resources, Support,,,,, 2021-09-27, 2021-09-27, 2021-09-27, , 2021-09-28, , , 2021-09-30, , 2021-10-04,,,""
71076, Not found, Not found, 101, Pre-editing, Research article, Support,,,,, 2021-09-10, 2021-09-13, 2021-09-13, , 2021-09-14, , , 2021-09-16, , 2021-09-20,,,""
64988, Not found, Not found, 99, Pre-editing, Research article, Support,,,,, 2021-09-14, 2021-09-15, 2021-09-15, , 2021-09-16, , , 2021-09-20, , 2021-09-22,,,""
67615, Not found, Not found, 99, Pre-editing, Research article, Support,,,,, 2021-09-14, 2021-09-15, 2021-09-15, , 2021-09-16, , , 2021-09-20, , 2021-09-22,,,""
68285, Not found, Not found, 99, Pre-editing, Research article, Support,,,,, 2021-09-14, 2021-09-15, 2021-09-15, 2021-09-16, , , 2021-09-20, 2021-09-24, , 2021-09-28,,,""
69508, Not found, Not found, 99, Pre-editing, Short report, Support,,,,, 2021-09-14, 2021-09-15, 2021-09-15, , 2021-09-16, , , 2021-09-20, , 2021-09-22,,,""
69883, Not found, Not found, 99, Pre-editing, Research article, Support,,,,, 2021-09-14, 2021-09-15, 2021-09-15, , 2021-09-16, , , 2021-09-20, , 2021-09-22,,,""
74005, Not found, Not found, 66, Pre-editing, Research article, Balakrishnan,,,,, 2021-10-15, 2021-10-18, 2021-10-18, , 2021-10-19, , , 2021-10-21, , 2021-10-25,,,""
67316, Not found, Not found, 97, Pre-editing, Research article, Support,,,,, 2021-09-16, 2021-09-17, 2021-09-17, , 2021-09-20, , , 2021-09-22, , 2021-09-24,,,""
66022, Not found, Not found, 97, Pre-editing, Research article, Support,,,,, 2021-09-16, 2021-09-17, 2021-09-17, 2021-09-20, , , 2021-09-22, 2021-09-28, , 2021-09-30,,,""
63119, Not found, Not found, 85, Pre-editing, Research article, Support,,,,, 2021-09-26, 2021-09-29, 2021-09-29, 2021-09-30, , , 2021-10-04, 2021-10-08, , 2021-10-12,,,""
70146, Not found, Not found, 94, Pre-editing, Research advance, Support,,,,, 2021-09-08, 2021-09-20, 2021-09-20, 2021-09-21, , , 2021-09-23, 2021-09-29, , 2021-10-01,,,""
67303, Not found, Not found, 94, Pre-editing, Research article, Support,,,,, 2021-09-09, 2021-09-20, 2021-09-20, 2021-09-21, , , 2021-09-23, 2021-09-29, , 2021-10-01,,,""
68054, Not found, Not found, 94, Pre-editing, Research article, Support,,,,, 2021-09-13, 2021-09-20, 2021-09-20, 2021-09-21, , , 2021-09-23, 2021-09-29, , 2021-10-01,,,""
72463, Not found, Not found, 94, Pre-editing, Research article, Support,,,,, 2021-09-17, 2021-09-20, 2021-09-20, , 2021-09-21, , , 2021-09-23, , 2021-09-27,,,""
66231, Not found, Not found, 94, Pre-editing, Research article, Support,,,,, 2021-09-19, 2021-09-20, 2021-09-20, , 2021-09-21, , , 2021-09-23, , 2021-09-27,,,""
68910, Not found, Not found, 94, Pre-editing, Research article, Support,,,,, 2021-09-20, 2021-09-20, 2021-09-20, 2021-09-21, , , 2021-09-23, 2021-09-29, , 2021-10-01,,,""
68394, Not found, Not found, 93, Pre-editing, Short report, Support,,,,, 2021-09-08, 2021-09-21, 2021-09-21, 2021-09-22, , , 2021-09-24, 2021-09-30, , 2021-10-04,,,""
65996, Not found, Not found, 93, Pre-editing, Research article, Support,,,,, 2021-09-20, 2021-09-21, 2021-09-21, 2021-09-22, , , 2021-09-24, 2021-09-30, , 2021-10-04,,,""
63396, Not found, Not found, 93, Pre-editing, Research article, Support,,,,, 2021-09-20, 2021-09-21, 2021-09-21, 2021-09-22, , , 2021-09-24, 2021-09-30, , 2021-10-04,,,""
70452, Not found, Not found, 93, Pre-editing, Research article, Support,,,,, 2021-09-20, 2021-09-21, 2021-09-21, 2021-09-22, , , 2021-09-24, 2021-09-30, , 2021-10-04,,,""
70870, Not found, Not found, 92, Pre-editing, Research article, Support,,,,, 2021-09-11, 2021-09-22, 2021-09-22, , 2021-09-23, , , 2021-09-27, , 2021-09-29,,,""
71969, Not found, Not found, 86, Pre-editing, Tools and resources, Support,,,,, 2021-09-22, 2021-09-28, 2021-09-28, , 2021-09-29, , , 2021-10-01, , 2021-10-05,,,""
68043, Not found, Not found, 78, Pre-editing, Tools and resources, Support,,,,, 2021-09-29, 2021-10-06, 2021-10-06, 2021-10-07, , , 2021-10-11, 2021-10-15, , 2021-10-19,,,""
72674, Not found, Not found, 85, Pre-editing, Research article, Support,,,,, 2021-09-28, 2021-09-29, 2021-09-29, , 2021-09-30, , , 2021-10-04, , 2021-10-06,,,""
70988, Not found, Not found, 76, Pre-editing, Research article, Support,,,,, 2021-10-07, 2021-10-08, 2021-10-08, , 2021-10-11, , , 2021-10-13, , 2021-10-15,,,""
70710, Not found, Not found, 86, Pre-editing, Research article, Support,,,,, 2021-09-22, 2021-09-28, 2021-09-28, , 2021-09-29, , , 2021-10-01, , 2021-10-05,,,""
71006, Not found, Not found, 91, Pre-editing, Research article, Support,,,,, 2021-09-22, 2021-09-23, 2021-09-23, , 2021-09-24, , , 2021-09-28, , 2021-09-30,,,""
70753, Not found, Not found, 91, Pre-editing, Tools and resources, Support,,,,, 2021-09-23, 2021-09-23, 2021-09-23, , 2021-09-24, , , 2021-09-28, , 2021-09-30,,,""
70931, Not found, Not found, 91, Pre-editing, Research article, Support,,,,, 2021-09-22, 2021-09-23, 2021-09-23, , 2021-09-24, , , 2021-09-28, , 2021-09-30,,,""
68903, Not found, Not found, 91, Pre-editing, Research article, Support,,,,, 2021-09-20, 2021-09-23, 2021-09-23, , 2021-09-24, , , 2021-09-28, , 2021-09-30,,,""
69808, Not found, Not found, 90, Pre-editing, Research article, Support,,,,, 2021-09-22, 2021-09-24, 2021-09-24, , 2021-09-27, , , 2021-09-29, , 2021-10-01,,,""
58313, Not found, Not found, 90, Pre-editing, Research article, Support,,,,, 2021-09-23, 2021-09-24, 2021-09-24, , 2021-09-27, , , 2021-09-29, , 2021-10-01,,,""
65068, Not found, Not found, 87, Pre-editing, Research article, Support,,,,, 2021-09-25, 2021-09-27, 2021-09-27, , 2021-09-28, , , 2021-09-30, , 2021-10-04,,,""
65415, Not found, Not found, 87, Pre-editing, Research article, Support,,,,, 2021-09-24, 2021-09-27, 2021-09-27, 2021-09-28, , , 2021-09-30, 2021-10-06, , 2021-10-08,,,""
66609, Not found, Not found, 85, Pre-editing, Research article, Support,,,,, 2021-09-28, 2021-09-29, 2021-09-29, 2021-09-30, , , 2021-10-04, 2021-10-08, , 2021-10-12,,,""
72328, Not found, Not found, 84, Pre-editing, Research article, Support,,,,, 2021-09-25, 2021-09-30, 2021-09-30, , 2021-10-01, , , 2021-10-05, , 2021-10-07,,,""
74047, Not found, Not found, 84, Pre-editing, Research article, Support,,,,, 2021-09-27, 2021-09-30, 2021-09-30, , 2021-10-01, , , 2021-10-05, , 2021-10-07,,,""
73062, Not found, Not found, 84, Pre-editing, Research article, Support,,,,, 2021-09-28, 2021-09-30, 2021-09-30, , 2021-10-01, , , 2021-10-05, , 2021-10-07,,,""
60682, Not found, Not found, 84, Pre-editing, Research article, Support,,,,, 2021-09-29, 2021-09-30, 2021-09-30, 2021-10-01, , , 2021-10-05, 2021-10-11, , 2021-10-13,,,""
66721, Not found, Not found, 84, Pre-editing, Research article, Support,,,,, 2021-09-29, 2021-09-30, 2021-09-30, , 2021-10-01, , , 2021-10-05, , 2021-10-07,,,""
69749, Not found, Not found, 84, Pre-editing, Research article, Support,,,,, 2021-09-29, 2021-09-30, 2021-09-30, , 2021-10-01, , , 2021-10-05, , 2021-10-07,,,""
70885, Not found, Not found, 84, Pre-editing, Research advance, Support,,,,, 2021-09-29, 2021-09-30, 2021-09-30, 2021-10-01, , , 2021-10-05, 2021-10-11, , 2021-10-13,,,""
71959, Not found, Not found, 84, Pre-editing, Research article, Support,,,,, 2021-09-29, 2021-09-30, 2021-09-30, , 2021-10-01, , , 2021-10-05, , 2021-10-07,,,""
66048, Not found, Not found, 79, Pre-editing, Research article, Support,,,,, 2021-09-28, 2021-10-05, 2021-10-05, 2021-10-06, , , 2021-10-08, 2021-10-14, , 2021-10-18,,,""
72377, Not found, Not found, 84, Pre-editing, Research article, Support,,,,, 2021-09-25, 2021-09-30, 2021-09-30, , 2021-10-01, , , 2021-10-05, , 2021-10-07,,,""
63844, Not found, Not found, 77, Pre-editing, Research article, Support,,,,, 2021-10-06, 2021-10-07, 2021-10-07, , 2021-10-08, , , 2021-10-12, , 2021-10-14,,,""
68280, Not found, Not found, 73, Pre-editing, Research article, Support,,,,, 2021-10-07, 2021-10-11, 2021-10-11, 2021-10-12, , , 2021-10-14, 2021-10-20, , 2021-10-22,,,""
72873, Not found, Not found, 83, Pre-editing, Research article, Support,,,,, 2021-09-19, 2021-10-01, 2021-10-01, , 2021-10-04, , , 2021-10-06, , 2021-10-08,,,""
70918, Not found, Not found, 83, Pre-editing, Research article, Support,,,,, 2021-09-29, 2021-10-01, 2021-10-01, , 2021-10-04, , , 2021-10-06, , 2021-10-08,,,""
72289, Not found, Not found, 83, Pre-editing, Research advance, Support,,,,, 2021-09-30, 2021-10-01, 2021-10-01, , 2021-10-04, , , 2021-10-06, , 2021-10-08,,,""
71312, Not found, Not found, 83, Pre-editing, Tools and resources, Support,,,,, 2021-09-30, 2021-10-01, 2021-10-01, , 2021-10-04, , , 2021-10-06, , 2021-10-08,,,""
72375, Not found, Not found, 82, Pre-editing, Research article, Support,,,,, 2021-09-25, 2021-10-02, 2021-10-02, , 2021-10-04, , , 2021-10-06, , 2021-10-08,,,""
70349, Not found, Not found, 77, Pre-editing, Research article, Support,,,,, 2021-10-06, 2021-10-07, 2021-10-07, 2021-10-08, , , 2021-10-12, 2021-10-18, , 2021-10-20,,,""
66659, Not found, Not found, 80, Pre-editing, Research article, Support,,,,, 2021-09-25, 2021-10-04, 2021-10-04, 2021-10-05, , , 2021-10-07, 2021-10-13, , 2021-10-15,,,""
64983, Not found, Not found, 80, Pre-editing, Research article, Support,,,,, 2021-09-30, 2021-10-04, 2021-10-04, , 2021-10-05, , , 2021-10-07, , 2021-10-11,,,""
70787, Not found, Not found, 80, Pre-editing, Research article, Support,,,,, 2021-10-01, 2021-10-04, 2021-10-04, 2021-10-05, , , 2021-10-07, 2021-10-13, , 2021-10-15,,,""
66320, Not found, Not found, 80, Pre-editing, Research article, Support,,,,, 2021-10-01, 2021-10-04, 2021-10-04, , 2021-10-05, , , 2021-10-07, , 2021-10-11,,,""
65672, Not found, Not found, 80, Pre-editing, Research article, Support,,,,, 2021-10-01, 2021-10-04, 2021-10-04, , 2021-10-05, , , 2021-10-07, , 2021-10-11,,,""
69479, Not found, Not found, 80, Pre-editing, Tools and resources, Support,,,,, 2021-10-02, 2021-10-04, 2021-10-04, 2021-10-05, , , 2021-10-07, 2021-10-13, , 2021-10-15,,,""
70071, Not found, Not found, 80, Pre-editing, Research article, Support,,,,, 2021-09-07, 2021-10-04, 2021-10-04, 2021-10-05, , , 2021-10-07, 2021-10-13, , 2021-10-15,,,""
73875, Not found, Not found, 79, Pre-editing, Research article, Support,,,,, 2021-09-22, 2021-10-05, 2021-10-05, , 2021-10-06, , , 2021-10-08, , 2021-10-12,,,""
65580, Not found, Not found, 80, Pre-editing, Research article, Support,,,,, 2021-09-30, 2021-10-04, 2021-10-04, , 2021-10-05, , , 2021-10-07, , 2021-10-11,,,""
74213, Not found, Not found, 65, Pre-editing, Research article, Balakrishnan,,,,, 2021-10-09, 2021-10-19, 2021-10-19, , 2021-10-20, , , 2021-10-22, , 2021-10-26,,,""
70090, Not found, Not found, 73, Pre-editing, Research article, Support,,,,, 2021-10-06, 2021-10-11, 2021-10-11, , 2021-10-12, , , 2021-10-14, , 2021-10-18,,,""
69713, Not found, Not found, 79, Pre-editing, Research article, Support,,,,, 2021-09-29, 2021-10-05, 2021-10-05, , 2021-10-06, , , 2021-10-08, , 2021-10-12,,,""
71368, Not found, Not found, 73, Pre-editing, Research article, Support,,,,, 2021-10-08, 2021-10-11, 2021-10-11, , 2021-10-12, , , 2021-10-14, , 2021-10-18,,,""
69314, Not found, Not found, 73, Pre-editing, Research article, Support,,,,, 2021-10-09, 2021-10-11, 2021-10-11, , 2021-10-12, , , 2021-10-14, , 2021-10-18,,,""
72619, Not found, Not found, 78, Pre-editing, Research article, Support,,,,, 2021-10-05, 2021-10-06, 2021-10-06, , 2021-10-07, , , 2021-10-11, , 2021-10-13,,,""
67886, Not found, Not found, 78, Pre-editing, Research advance, Support,,,,, 2021-10-05, 2021-10-06, 2021-10-06, , 2021-10-07, , , 2021-10-11, , 2021-10-13,,,""
69995, Not found, Not found, 78, Pre-editing, Research article, Support,,,,, 2021-10-06, 2021-10-06, 2021-10-06, , 2021-10-07, , , 2021-10-11, , 2021-10-13,,,""
71636, Not found, Not found, 78, Pre-editing, Research article, Support,,,,, 2021-10-06, 2021-10-06, 2021-10-06, , 2021-10-07, , , 2021-10-11, , 2021-10-13,,,""
57462, Not found, Not found, 78, Pre-editing, Research article, Support,,,,, 2021-08-13, 2021-10-06, 2021-10-06, 2021-10-07, , , 2021-10-11, 2021-10-15, , 2021-10-19,,,""
73425, Not found, Not found, 78, Pre-editing, Research article, Support,,,,, 2021-09-27, 2021-10-06, 2021-10-06, , 2021-10-07, , , 2021-10-11, , 2021-10-13,,,""
68164, Not found, Not found, 78, Pre-editing, Research article, Support,,,,, 2021-10-04, 2021-10-06, 2021-10-06, 2021-10-07, , , 2021-10-11, 2021-10-15, , 2021-10-19,,,""
72833, Not found, Not found, 73, Pre-editing, Research article, Support,,,,, 2021-10-08, 2021-10-11, 2021-10-11, , 2021-10-12, , , 2021-10-14, , 2021-10-18,,,""
65456, Not found, Not found, 72, Pre-editing, Research article, Support,,,,, 2021-10-10, 2021-10-12, 2021-10-12, , 2021-10-13, , , 2021-10-15, , 2021-10-19,,,""
68761, Not found, Not found, 73, Pre-editing, Research article, Support,,,,, 2021-10-04, 2021-10-11, 2021-10-11, 2021-10-12, , , 2021-10-14, 2021-10-20, , 2021-10-22,,,""
65954, Not found, Not found, 73, Pre-editing, Research article, Support,,,,, 2021-09-28, 2021-10-11, 2021-10-11, , 2021-10-12, , , 2021-10-14, , 2021-10-18,,,""
70269, Not found, Not found, 73, Pre-editing, Tools and resources, Support,,,,, 2021-10-08, 2021-10-11, 2021-10-11, 2021-10-12, , , 2021-10-14, 2021-10-20, , 2021-10-22,,,""
70471, Not found, Not found, 73, Pre-editing, Research article, Support,,,,, 2021-10-08, 2021-10-11, 2021-10-11, 2021-10-12, , , 2021-10-14, 2021-10-20, , 2021-10-22,,,""
70554, Not found, Not found, 73, Pre-editing, Research article, Support,,,,, 2021-10-08, 2021-10-11, 2021-10-11, , 2021-10-12, , , 2021-10-14, , 2021-10-18,,,""
66276, Not found, Not found, 73, Pre-editing, Research article, Support,,,,, 2021-10-09, 2021-10-11, 2021-10-11, 2021-10-12, , , 2021-10-14, 2021-10-20, , 2021-10-22,,,""
71596, Not found, Not found, 73, Pre-editing, Research article, Support,,,,, 2021-10-10, 2021-10-11, 2021-10-11, , 2021-10-12, , , 2021-10-14, , 2021-10-18,,,""
59811, 23107, 18496, 104, -, Research article, ,,,,, 2021-09-09, 2021-09-10, 2021-09-10, 2021-09-15, 2021-09-13, , , 2021-09-16, 2021-09-24, 2021-12-22,corrado.sandini@unige.ch,NEUTRAL,"None"
70910, Not found, Not found, 73, Pre-editing, Research article, Support,,,,, 2021-10-07, 2021-10-11, 2021-10-11, , 2021-10-12, , , 2021-10-14, , 2021-10-18,,,""
67900, Not found, Not found, 66, Pre-editing, Research advance, Balakrishnan,,,,, 2021-10-17, 2021-10-18, 2021-10-18, 2021-10-19, , , 2021-10-21, 2021-10-27, , 2021-10-29,,,""
70908, Not found, Not found, 66, Pre-editing, Research article, Balakrishnan,,,,, 2021-10-15, 2021-10-18, 2021-10-18, , 2021-10-19, , , 2021-10-21, , 2021-10-25,,,""
66809, Not found, Not found, 66, Pre-editing, Tools and resources, Balakrishnan,,,,, 2021-10-16, 2021-10-18, 2021-10-18, , 2021-10-19, , , 2021-10-21, , 2021-10-25,,,""
72684, Not found, Not found, 64, Pre-editing, Research article, Balakrishnan,,,,, 2021-10-19, 2021-10-20, 2021-10-20, , 2021-10-21, , , 2021-10-25, , 2021-10-27,,,""
67476, Not found, Not found, 66, Pre-editing, Short report, Balakrishnan,,,,, 2021-10-17, 2021-10-18, 2021-10-18, , 2021-10-19, , , 2021-10-21, , 2021-10-25,,,""
70640, Not found, Not found, 65, Pre-editing, Research article, Balakrishnan,,,,, 2021-10-17, 2021-10-19, 2021-10-19, , 2021-10-20, , , 2021-10-22, , 2021-10-26,,,""
71774, Not found, Not found, 65, Pre-editing, Tools and resources, Balakrishnan,,,,, 2021-10-15, 2021-10-19, 2021-10-19, , 2021-10-20, , , 2021-10-22, , 2021-10-26,,,""
73111, Not found, Not found, 65, Pre-editing, Research article, Balakrishnan,,,,, 2021-10-17, 2021-10-19, 2021-10-19, , 2021-10-20, , , 2021-10-22, , 2021-10-26,,,""
68344, 19112, 14283, 133, Post Author Validation, Research article, Sandhiya,,,,, 2021-08-09, 2021-08-12, 2021-08-12, 2021-08-16, , , 2021-08-17, 2021-11-24, 2021-12-16, 2021-12-16,jeffrey.wammes@queensu.ca,GOOD,"None"
69884, 13162, 10313, 59, Post Author Validation, Research article, Sandhiya,,,,, 2021-10-18, 2021-10-25, 2021-10-25, 2021-11-02, , , 2021-10-28, 2021-11-24, 2021-12-22, 2021-12-22,,,""

