Article,Article Type,Stage Name,Times at Stage,Stage Owner,Start Date,Due Date,Completed Date,Task Status,Delay,Times at Support,Days in Support,Times at Hold,Days in Hold
eLife37925, Research article, Author Review,1,  Author, 2018-11-02, 2018-11-07, 2018-11-02, completed, -
eLife37925, Research article, Author Review,2,  Author, 2018-11-02, 2018-11-07, 2018-11-06, completed, -
eLife37925, Research article, Author Review,3,  Author, 2018-11-08, 2018-11-12, 2018-11-08, completed, -
eLife37925, Research article, Copyediting,1,  Copyeditor, 2018-10-24, 2018-10-25, 2018-10-25, completed, -
eLife37925, Research article, Final Deliverables,1,  eLife, 2018-11-12, 2018-11-13, 2021-04-09, completed,878
eLife37925, Research article, Official correction,1,  eLife, 2021-04-09, 2021-04-12, 2021-04-09, completed, -
eLife37925, Research article, Post Author Validation,1,  Exeter, 2018-11-06, 2018-11-07, 2018-11-07, completed, -
eLife37925, Research article, Post Author Validation,2,  Exeter, 2018-11-07, 2018-11-08, 2018-11-08, completed, -
eLife37925, Research article, Post Author Validation,3,  Exeter, 2018-11-08, 2018-11-09, 2018-11-08, completed, -
eLife37925, Research article, Post Author Validation,4,  Exeter, 2018-11-09, 2018-11-12, 2018-11-12, completed, -
eLife37925, Research article, Post Author Validation,5,  Balakrishnan, 2021-04-09, 2021-04-12, 2021-04-12, completed, -
eLife37925, Research article, Post Author Validation,6,  Balakrishnan, 2021-04-12, 2021-04-13, -, in-progress,219
eLife37925, Research article, Pre-editing,1,  Sandhiya, 2018-10-23, 2018-10-24, 2018-10-24, completed, -
eLife37925, Research article, Publisher Check,1,  Molly, 2018-10-25, 2018-10-29, 2018-10-29, completed, -
eLife37925, Research article, Publisher Review,1,  Becky, 2018-11-07, 2018-11-09, 2018-11-07, completed, -
eLife37925, Research article, Publisher Review,2,  Becky, 2018-11-08, 2018-11-12, 2018-11-08, completed, -
eLife37925, Research article, Publisher Review,3,  Becky, 2018-11-08, 2018-11-12, 2018-11-08, completed, -
eLife37925, Research article, Publisher Review,4,  James, 2018-11-08, 2018-11-12, 2018-11-09, completed, -
eLife37925, Research article, Publisher Review,5,  James, 2018-11-12, 2018-11-14, 2018-11-12, completed, -
eLife37925, Research article, Publisher Review,6,  Publisher, 2021-04-09, 2021-04-13, 2021-04-09, completed, -
eLife37925, Research article, Publisher Review,7,  Claudia, 2021-04-12, 2021-04-14, 2021-04-12, completed, -
eLife37925, Research article, Waiting for Assets,1,  eLife, 2018-10-29, 2018-10-31, 2018-11-02, completed,2
eLife44760, Research article, Author Review,1,  Author, 2019-05-15, 2019-05-20, 2019-05-23, completed,3
eLife44760, Research article, Author Review,2,  Author, 2019-05-29, 2019-06-03, 2019-05-30, completed, -
eLife44760, Research article, Copyediting,1,  Copyeditor, 2019-05-10, 2019-05-13, 2019-05-14, completed,1
eLife44760, Research article, Final Deliverables,1,  eLife, 2019-06-05, 2019-06-06, 2019-06-05, completed, -
eLife44760, Research article, Final Deliverables,2,  eLife, 2019-06-05, 2019-06-06, 2019-06-05, completed, -
eLife44760, Research article, Official correction,1,  eLife, 2021-11-08, 2021-11-09, 2021-11-08, completed, -
eLife44760, Research article, Post Author Validation,1,  Exeter, 2019-05-23, 2019-05-24, 2019-05-24, completed, -
eLife44760, Research article, Post Author Validation,2,  Exeter, 2019-05-24, 2019-05-27, 2019-05-25, completed, -
eLife44760, Research article, Post Author Validation,3,  Shanmugapriya, 2019-05-28, 2019-05-29, 2019-05-29, completed, -
eLife44760, Research article, Post Author Validation,4,  Sanchana, 2019-05-31, 2019-06-03, 2019-06-01, completed, -
eLife44760, Research article, Post Author Validation,5,  Support, 2019-06-03, 2019-06-04, 2019-06-04, completed, -
eLife44760, Research article, Post Author Validation,6,  Shanmugapriya, 2019-06-04, 2019-06-05, 2019-06-05, completed, -
eLife44760, Research article, Post Author Validation,7,  Shanmugapriya, 2021-11-08, 2021-11-09, -, in-progress,9
eLife44760, Research article, Pre-editing,1,  Sandhiya, 2019-05-03, 2019-05-06, 2019-05-06, completed, -
eLife44760, Research article, Publisher Check,1,  Becky, 2019-05-06, 2019-05-08, 2019-05-10, completed,2
eLife44760, Research article, Publisher Check,2,  eLife, 2019-05-14, 2019-05-16, 2019-05-14, completed, -
eLife44760, Research article, Publisher Check,3,  eLife, 2019-05-14, 2019-05-16, 2019-05-14, completed, -
eLife44760, Research article, Publisher Check,4,  eLife, 2019-05-14, 2019-05-16, 2019-05-14, completed, -
eLife44760, Research article, Publisher Check,5,  eLife, 2019-05-14, 2019-05-16, 2019-05-14, completed, -
eLife44760, Research article, Publisher Check,6,  Becky, 2019-05-14, 2019-05-16, 2019-05-15, completed, -
eLife44760, Research article, Publisher Check,7,  Becky, 2019-05-15, 2019-05-17, 2019-05-15, completed, -
eLife44760, Research article, Publisher Review,1,  Becky, 2019-05-24, 2019-05-28, 2019-05-24, completed, -
eLife44760, Research article, Publisher Review,2,  Becky, 2019-05-25, 2019-05-27, 2019-05-28, completed,1
eLife44760, Research article, Publisher Review,3,  Becky, 2019-05-29, 2019-05-31, 2019-05-29, completed, -
eLife44760, Research article, Publisher Review,4,  Becky, 2019-05-30, 2019-06-03, 2019-05-31, completed, -
eLife44760, Research article, Publisher Review,5,  Becky, 2019-06-01, 2019-06-03, 2019-06-03, completed, -
eLife44760, Research article, Publisher Review,6,  Fred, 2019-06-04, 2019-06-06, 2019-06-04, completed, -
eLife44760, Research article, Publisher Review,7,  Fred, 2019-06-05, 2019-06-07, 2019-06-05, completed, -
eLife44760, Research article, Publisher Review,8,  Fred, 2019-06-05, 2019-06-07, 2019-06-05, completed, -
eLife44760, Research article, Publisher Review,9,  Claudia, 2021-11-08, 2021-11-10, 2021-11-08, completed, -
eLife44760, Research article, Resupply Online,1,  eLife, 2019-06-05, 2019-06-06, 2019-06-05, completed, -
eLife44760, Research article, Typesetter QA,2,  Exeter, 2019-05-15, 2019-05-16, 2019-05-15, completed, -
eLife53824,Research Article,Author Review,1,Author,2021-11-16,2021-11-18,,in-progress,,,0,,0
eLife53824,Research Article,Copyediting,1,Imraan,2021-11-15,2021-11-16,2021-11-15,completed,,,0,,0
eLife53824,Research Article,Pre-editing,1,Sandhiya Raghuraman,2021-11-15,2021-11-16,2021-11-13,completed,,1,0,,0
eLife53824,Research Article,Typesetter Check,1,Sandhiya Raghuraman,2021-11-15,2021-11-16,2021-11-15,completed,,,0,,0
eLife53824,Research Article,Waiting for Assets,1,Exeter,2021-11-15,2021-12-14,2021-11-16,completed,,,0,,0
eLife59912,Research Article,Author Review,1,Irina Kaverina,2021-11-15,2021-11-17,,in-progress,,,0,,0
eLife59912,Research Article,Copyediting,1,Sanjay,2021-11-09,2021-11-10,2021-11-13,completed,3,,0,,0
eLife59912,Research Article,Pre-editing,1,Sanchana Elumalai,2021-11-08,2021-11-09,2021-11-09,completed,,1,0,,0
eLife59912,Research Article,Typesetter Check,1,Sandhiya Raghuraman,2021-11-13,2021-11-16,2021-11-15,completed,,2,0,,0
eLife61475,Research Article,Author Review,1,Jan Clemens,2021-11-16,2021-11-18,2021-11-17,completed,,,0,,0
eLife61475,Research Article,Copyediting,1,Imraan,2021-11-09,2021-11-10,2021-11-16,completed,4,,0,,0
eLife61475,Research Article,Pre-editing,1,Sandhiya Raghuraman,2021-11-05,2021-11-08,2021-11-09,completed,1,3,0,,0
eLife61475,Research Article,Typesetter Check,1,Sandhiya Raghuraman,2021-11-16,2021-11-17,2021-11-16,completed,,,0,,0
eLife61475,Research Article,Typesetter Review,1,Shanmugapriya Janarthanam,2021-11-17,2021-11-18,,in-progress,,,0,,0
eLife62084, Research article, Author Review,1,  Author, 2021-05-20, 2021-05-24, 2021-05-20, completed, -
eLife62084, Research article, Author Review,2,  Author, 2021-05-20, 2021-05-24, -, in-progress,178
eLife62084, Research article, Copyediting,1,  Copyeditor, 2021-05-17, 2021-05-18, 2021-05-20, completed,2
eLife62084, Research article, Deliver digest,1,  eLife, 2021-05-20, 2021-05-24, 2021-05-20, completed, -
eLife62084, Research article, Pre-editing,1,  Augustus, 2021-05-13, 2021-05-14, 2021-05-17, completed,3
eLife62567,Research Article,Copyediting,1,Deepa,2021-11-12,2021-11-15,2021-11-18,completed,3,,0,,0
eLife62567,Research Article,Pre-editing,1,Sanchana Elumalai,2021-11-10,2021-11-11,2021-11-12,completed,1,,0,,0
eLife62567,Research Article,Typesetter Check,1,Shanmugapriya Janarthanam,2021-11-18,2021-11-19,,in-progress,,,0,,0
eLife62644, Research article, Author Review,1,  Author, 2021-08-03, 2021-08-06, 2021-08-10, completed,4
eLife62644, Research article, Copyediting,1,  Copyeditor, 2021-07-06, 2021-07-07, 2021-07-07, completed, -
eLife62644, Research article, Deliver digest,1,  eLife, 2021-07-07, 2021-07-09, 2021-07-07, completed, -
eLife62644, Research article, Deliver digest,2,  eLife, 2021-07-07, 2021-07-09, 2021-08-03, completed,25
eLife62644, Research article, Final Deliverables,1,  eLife, 2021-11-12, 2021-11-15, 2021-11-12, completed, -
eLife62644, Research article, Post Author Validation,1,  Shanmugapriya, 2021-08-10, 2021-08-11, 2021-08-11, completed, -
eLife62644, Research article, Pre-editing,1,  Shanmugapriya, 2021-07-05, 2021-07-06, 2021-07-06, completed, -
eLife62644, Research article, Ready for Publication,1,  eLife, 2021-09-02, 2021-09-03, 2021-11-12, completed,70
eLife63720,Tools and Resources,Author Review,1,Ann Kennedy,2021-11-01,2021-11-03,2021-11-05,completed,2,,0,,0
eLife63720,Tools and Resources,Copyediting,1,Imraan,2021-10-27,2021-10-28,2021-10-31,completed,2,,0,,0
eLife63720,Tools and Resources,Pre-editing,1,Sanchana Elumalai,2021-10-18,2021-10-19,2021-10-27,completed,6,,0,1,1
eLife63720,Tools and Resources,Publisher Review,1,James Gilbert,2021-11-08,2021-11-09,2021-11-08,completed,,,0,,0
eLife63720,Tools and Resources,Publisher Review,2,Sanchana Elumalai,2021-11-18,2021-11-19,,in-progress,,,0,,0
eLife63720,Tools and Resources,Typesetter Check,1,Sanchana Elumalai,2021-11-01,2021-11-02,2021-11-01,completed,,1,0,,0
eLife63720,Tools and Resources,Typesetter Review,1,Priyanka Balan,2021-11-05,2021-11-08,2021-11-08,completed,,2,0,,0
eLife63720,Tools and Resources,Typesetter Review,4,Sanchana Elumalai,2021-11-08,2021-11-09,2021-11-18,completed,7,1,9,,0
eLife63782,Research Article,Author Review,1,Lorella Battelli,2021-11-17,2021-11-19,,in-progress,,,0,,0
eLife63782,Research Article,Copyediting,1,Sanjay,2021-11-15,2021-11-16,2021-11-16,completed,,,0,,0
eLife63782,Research Article,Pre-editing,1,Exeter,2021-11-08,2021-11-09,2021-11-08,completed,,,0,,0
eLife63782,Research Article,Pre-editing,2,Sandhiya Raghuraman,2021-11-08,2021-11-09,2021-11-13,completed,4,2,0,1,2
eLife63782,Research Article,Typesetter Check,1,Muthukumar Balachandran,2021-11-16,2021-11-17,2021-11-17,completed,,1,0,,0
eLife63835, Research article, Author Review,1,  Author, 2020-12-28, 2020-12-31, 2020-12-28, completed, -
eLife63835, Research article, Author Review,2,  Author, 2020-12-28, 2020-12-31, 2020-12-29, completed, -
eLife63835, Research article, Copyediting,1,  Copyeditor, 2020-12-23, 2020-12-24, 2020-12-28, completed,4
eLife63835, Research article, Final Deliverables,1,  eLife, 2020-12-29, 2020-12-30, 2020-12-29, completed, -
eLife63835, Research article, New version,1,  eLife, 2021-11-12, 2021-11-12,2021-11-12,completed, 1
eLife63835, Research article, Post Author Validation,1,  Sandhiya, 2020-12-29, 2020-12-30, 2020-12-29, completed, -
eLife63835, Research article, Pre-editing,1,  Shanmugapriya, 2020-12-21, 2020-12-22, 2020-12-23, completed,1
eLife63835, Research article, Publisher Review,1,  James, 2020-12-29, 2020-12-31, 2020-12-29, completed, -
eLife63835, Research article, Publisher Review,2,  James, 2021-11-12, 2021-11-16, -, in-progress,2
eLife64175,Research Article,Author Review,1,Author,2021-11-10,2021-11-12,2021-11-12,completed,,,0,,0
eLife64175,Research Article,Copyediting,1,Deepa,2021-10-14,2021-10-15,2021-10-19,completed,2,,0,,0
eLife64175,Research Article,Pre-editing,1,Exeter,2021-10-12,2021-10-13,2021-10-12,completed,,,0,,0
eLife64175,Research Article,Pre-editing,2,Exeter,2021-10-12,2021-10-13,2021-10-12,completed,,,0,,0
eLife64175,Research Article,Pre-editing,3,Exeter,2021-10-12,2021-10-13,2021-10-12,completed,,,0,,0
eLife64175,Research Article,Pre-editing,4,Shanmugapriya Janarthanam,2021-10-12,2021-10-13,2021-10-14,completed,1,1,0,,0
eLife64175,Research Article,Publisher Review,1,Claudia Griffiths,2021-11-15,2021-11-16,2021-11-15,completed,,,0,,0
eLife64175,Research Article,Publisher Review,2,Claudia Griffiths,2021-11-16,2021-11-17,2021-11-16,completed,,,0,,0
eLife64175,Research Article,Publisher Review,3,Sandhiya Raghuraman,2021-11-18,2021-11-19,,in-progress,,,0,,0
eLife64175,Research Article,Typesetter Check,1,Sandhiya Raghuraman,2021-10-19,2021-10-20,2021-10-20,completed,,,0,,0
eLife64175,Research Article,Typesetter Review,1,Jincy Joyen,2021-11-12,2021-11-15,2021-11-15,completed,,,0,,0
eLife64175,Research Article,Typesetter Review,2,Sandhiya Raghuraman,2021-11-15,2021-11-16,2021-11-16,completed,,,0,,0
eLife64175,Research Article,Typesetter Review,3,Sandhiya Raghuraman,2021-11-16,2021-11-17,2021-11-18,completed,1,1,0,,0
eLife64175,Research Article,Waiting for Assets,1,Exeter,2021-10-20,2021-10-21,2021-11-10,completed,14,,0,,0
eLife64695,Research Article,Author Review,1,Paul J Mathews,2021-11-10,2021-11-12,2021-11-15,completed,1,,0,,0
eLife64695,Research Article,Copyediting,1,Sanjay,2021-11-02,2021-11-03,2021-11-06,completed,3,,0,,0
eLife64695,Research Article,Pre-editing,1,Sandhiya Raghuraman,2021-11-01,2021-11-02,2021-11-02,completed,,,0,,0
eLife64695,Research Article,Typesetter Check,1,Sandhiya Raghuraman,2021-11-08,2021-11-09,2021-11-10,completed,1,3,2,,0
eLife64812,Research Article,Author Review,1,Author,2021-11-17,2021-11-19,,in-progress,,,0,,0
eLife64812,Research Article,Copyediting,1,Priya,2021-11-09,2021-11-10,2021-11-10,completed,,,0,,0
eLife64812,Research Article,Pre-editing,1,Shanmugapriya Janarthanam,2021-10-29,2021-11-01,2021-11-09,completed,6,2,2,,0
eLife64812,Research Article,Typesetter Check,1,Sandhiya Raghuraman,2021-11-10,2021-11-11,2021-11-11,completed,,,0,,0
eLife64812,Research Article,Waiting for Assets,1,Exeter,2021-11-11,2021-12-10,2021-11-17,completed,,,0,,0
eLife64860,Research Article,Author Review,1,Kaya Alaattin,2021-11-16,2021-11-18,2021-11-18,completed,,,0,,0
eLife64860,Research Article,Copyediting,1,Bharathi,2021-11-10,2021-11-11,2021-11-15,completed,2,,0,,0
eLife64860,Research Article,Pre-editing,1,Sharmila Gunasekaran,2021-11-09,2021-11-10,2021-11-10,completed,,1,0,,0
eLife64860,Research Article,Typesetter Check,1,Sandhiya Raghuraman,2021-11-15,2021-11-16,2021-11-16,completed,,1,1,,0
eLife64860,Research Article,Typesetter Review,1,Kaya Alaattin,2021-11-18,2021-11-19,,in-progress,,,0,,0
eLife65297,Research Article,Author Review,1,Author,2021-11-11,2021-11-15,2021-11-18,completed,3,,0,,0
eLife65297,Research Article,Copyediting,1,Priya,2021-11-03,2021-11-04,2021-11-08,completed,2,,0,,0
eLife65297,Research Article,Pre-editing,1,Sandhiya Raghuraman,2021-11-01,2021-11-02,2021-11-03,completed,1,1,0,,0
eLife65297,Research Article,Typesetter Check,1,Sandhiya Raghuraman,2021-11-08,2021-11-09,2021-11-09,completed,,3,0,,0
eLife65297,Research Article,Waiting for Assets,1,Exeter,2021-11-09,2021-12-08,2021-11-11,completed,,,0,,0
eLife65566,Research Article,Author Review,1,Agnès Landemard,2021-11-01,2021-11-03,2021-11-03,completed,,,0,,0
eLife65566,Research Article,Author Review,2,Agnès Landemard,2021-11-10,2021-11-12,2021-11-12,completed,,,0,,0
eLife65566,Research Article,Copyediting,1,Imraan,2021-10-29,2021-11-01,2021-11-01,completed,,,0,,0
eLife65566,Research Article,Pre-editing,1,Ranjithkumar Murugan,2021-10-22,2021-10-25,2021-10-29,completed,4,3,0,,0
eLife65566,Research Article,Publisher Review,1,Editorial Office,2021-11-05,2021-11-08,2021-11-08,completed,,,0,,0
eLife65566,Research Article,Publisher Review,1,Editorial Office,2021-11-10,2021-11-10,2021-11-10,completed,,,0,,0
eLife65566,Research Article,Publisher Review,2,Sandhiya Raghuraman,2021-11-09,2021-11-10,2021-11-10,completed,,,0,,0
eLife65566,Research Article,Publisher Review,4,Editorial Office,2021-11-12,2021-11-15,2021-11-12,completed,,,0,,0
eLife65566,Research Article,Publisher Review,5,Gowtham Ram R,2021-11-18,2021-11-19,,in-progress,,,0,,0
eLife65566,Research Article,Typesetter Check,1,Ranjithkumar Murugan,2021-11-01,2021-11-02,2021-11-01,completed,,1,0,,0
eLife65566,Research Article,Typesetter Review,1,Priyanka Balan,2021-11-03,2021-11-04,2021-11-05,completed,1,1,0,,0
eLife65566,Research Article,Typesetter Review,3,Priyanka Balan,2021-11-08,2021-11-09,2021-11-09,completed,,,0,,0
eLife65566,Research Article,Typesetter Review,4,Gowtham Ram R,2021-11-12,2021-11-15,2021-11-18,completed,3,3,1,,0
eLife65601,Research Article,Author Review,1,Shipra Bhatia,2021-11-02,2021-11-04,2021-11-16,completed,8,,0,,0
eLife65601,Research Article,Copyediting,1,Imraan,2021-10-29,2021-11-01,2021-11-02,completed,1,,0,,0
eLife65601,Research Article,Pre-editing,1,Sanchana Elumalai,2021-10-29,2021-11-01,2021-10-29,completed,,,0,,0
eLife65601,Research Article,Typesetter Check,1,Sandhiya Raghuraman,2021-11-02,2021-11-03,2021-11-02,completed,,,0,,0
eLife65601,Research Article,Typesetter Review,1,Gowtham Ram R,2021-11-16,2021-11-17,2021-11-17,completed,,,0,,0
eLife66039,Research Article,Pre-editing,1,Kameshwaran Deivasigamani,2021-09-22,2021-09-23,2021-09-28,completed,3,5,2,1,0
eLife66039,Research Article,Publisher Review,9,Frederick Atherden,2021-10-02,2021-10-03,2021-11-03,completed,22,,0,,0
eLife66039,Research Article,Typesetter Check,0,Sabarianand Sridhar,2021-10-06,2021-10-07,2021-11-02,completed,18,8,19,,0
eLife66039,Research Article,Typesetter Review,1,Muthukumar Balachandran,2021-10-02,2021-10-03,2021-11-15,completed,30,3,2,,0
eLife66107,Research Article,Copyediting,1,Deepa,2021-11-12,2021-11-15,2021-11-17,completed,2,,0,,0
eLife66107,Research Article,Pre-editing,1,Sandhiya Raghuraman,2021-11-10,2021-11-11,2021-11-12,completed,1,,0,,0
eLife66194,Research Article,Author Review,1,Richard S Lewis,2021-11-08,2021-11-10,2021-11-13,completed,3,,0,,0
eLife66194,Research Article,Copyediting,1,Deepa,2021-11-03,2021-11-04,2021-11-07,completed,2,,0,,0
eLife66194,Research Article,Pre-editing,1,Sandhiya Raghuraman,2021-11-02,2021-11-03,2021-11-03,completed,,2,0,,0
eLife66194,Research Article,Typesetter Check,1,Sanchana Elumalai,2021-11-08,2021-11-09,2021-11-08,completed,,1,0,,0
eLife66194,Research Article,Typesetter Review,1,Gowtham Ram R,2021-11-13,2021-11-16,,in-progress,,,0,,0
eLife66276,Research Article,Archive,1,James Gilbert,2021-10-27,2021-10-28,2021-10-28,completed,,,0,,0
eLife66276,Research Article,Author Review,1,Tim Rogers,2021-10-19,2021-10-21,2021-10-22,completed,1,,0,,0
eLife66276,Research Article,Copyediting,1,Deepa,2021-10-13,2021-10-14,2021-10-19,completed,3,,0,,0
eLife66276,Research Article,Final Deliverables,1,James Gilbert,2021-10-27,2021-10-28,2021-10-27,completed,,,0,,0
eLife66276,Research Article,Pre-editing,1,Sanchana Elumalai,2021-10-11,2021-10-12,2021-10-13,completed,1,3,0,,0
eLife66276,Research Article,Publisher Review,1,Frederick Atherden,2021-10-22,2021-10-25,2021-10-22,completed,,,0,,0
eLife66276,Research Article,Publisher Review,2,James Gilbert,2021-10-25,2021-10-26,2021-10-25,completed,,,0,,0
eLife66276,Research Article,Publisher Review,3,James Gilbert,2021-10-27,2021-10-28,2021-10-27,completed,,,0,,0
eLife66276,Research Article,Publisher Review,4,James Gilbert,2021-10-29,2021-11-01,2021-10-29,completed,,,0,,0
eLife66276,Research Article,Publisher Review,5,James Gilbert,2021-11-01,2021-11-02,,in-progress,,,0,,0
eLife66276,Research Article,Typesetter Check,1,Sandhiya Raghuraman,2021-10-19,2021-10-20,2021-10-19,completed,,,0,,0
eLife66276,Research Article,Typesetter Review,1,Priyanka Balan,2021-10-22,2021-10-25,2021-10-22,completed,,1,0,,0
eLife66276,Research Article,Typesetter Review,3,Priyanka Balan,2021-10-22,2021-10-25,2021-10-25,completed,,1,0,,0
eLife66276,Research Article,Typesetter Review,5,Priyanka Balan,2021-10-25,2021-10-26,2021-10-27,completed,1,1,0,,0
eLife66276,Research Article,Typesetter Review,7,Priyanka Balan,2021-10-29,2021-11-01,2021-11-01,completed,,,0,,0
eLife66512,Research Article,Pre-editing,1,Shanmugapriya Janarthanam,2021-11-17,2021-11-18,,in-progress,,,0,,0
eLife66574,Research Advance,Copyediting,1,Deepa,2021-11-16,2021-11-17,,in-progress,,,0,,0
eLife66574,Research Advance,Pre-editing,1,Sanchana Elumalai,2021-11-15,2021-11-16,2021-11-16,completed,,,0,,0
eLife66609,Research Article,Author Review,1,Author,2021-10-20,2021-10-22,2021-10-22,completed,,,0,,0
eLife66609,Research Article,Copyediting,1,Sanjay,2021-09-30,2021-10-01,2021-10-02,completed,1,,0,,0
eLife66609,Research Article,Final Deliverables,1,Claudia Griffiths,2021-10-25,2021-10-26,,in-progress,,,0,,0
eLife66609,Research Article,Pre-editing,1,Sandhiya Raghuraman,2021-09-29,2021-09-30,2021-09-30,completed,,,0,,0
eLife66609,Research Article,Publisher Review,1,Claudia Griffiths,2021-10-22,2021-10-25,2021-10-25,completed,,,0,,0
eLife66609,Research Article,Typesetter Check,1,Sandhiya Raghuraman,2021-10-04,2021-10-05,2021-10-04,completed,,,0,,0
eLife66609,Research Article,Typesetter Review,1,Priyanka Balan,2021-10-22,2021-10-25,2021-10-22,completed,,,0,,0
eLife66609,Research Article,Waiting for Assets,1,Exeter,2021-10-04,2021-10-05,2021-10-20,completed,11,,0,,0
eLife66809,Tools and Resources,Author Review,1,Richard L Huganir,2021-11-02,2021-11-04,2021-11-03,completed,,,0,,0
eLife66809,Tools and Resources,Author Review,2,Author,2021-11-12,2021-11-16,2021-11-12,completed,,,0,,0
eLife66809,Tools and Resources,Copyediting,1,Imraan,2021-10-20,2021-10-21,2021-10-27,completed,4,,0,,0
eLife66809,Tools and Resources,Final Deliverables,1,James Gilbert,2021-11-17,2021-11-18,,in-progress,,,0,,0
eLife66809,Tools and Resources,Pre-editing,1,Sandhiya Raghuraman,2021-10-18,2021-10-19,2021-10-20,completed,1,1,0,,0
eLife66809,Tools and Resources,Publisher Review,1,Kriya Access,2021-11-05,2021-11-08,2021-11-08,completed,,,0,,0
eLife66809,Tools and Resources,Publisher Review,2,Kriya Access,2021-11-09,2021-11-10,2021-11-10,completed,,,0,,0
eLife66809,Tools and Resources,Publisher Review,3,Kriya Access,2021-11-10,2021-11-11,2021-11-12,completed,1,,0,,0
eLife66809,Tools and Resources,Publisher Review,4,Kriya Access,2021-11-12,2021-11-15,2021-11-15,completed,,,0,,0
eLife66809,Tools and Resources,Publisher Review,5,Naushin Thomson,2021-11-16,2021-11-17,2021-11-16,completed,,,0,,0
eLife66809,Tools and Resources,Publisher Review,6,James Gilbert,2021-11-17,2021-11-18,2021-11-17,completed,,,0,,0
eLife66809,Tools and Resources,Typesetter Check,1,Sandhiya Raghuraman,2021-10-27,2021-10-28,2021-11-02,completed,3,2,3,,0
eLife66809,Tools and Resources,Typesetter Review,1,Priyanka Balan,2021-11-03,2021-11-04,2021-11-05,completed,1,,0,,0
eLife66809,Tools and Resources,Typesetter Review,2,Priyanka Balan,2021-11-08,2021-11-09,2021-11-09,completed,,,0,,0
eLife66809,Tools and Resources,Typesetter Review,3,Muthukumar Balachandran,2021-11-10,2021-11-11,2021-11-10,completed,,1,0,,0
eLife66809,Tools and Resources,Typesetter Review,5,Gowtham Ram R,2021-11-15,2021-11-16,2021-11-16,completed,,,0,,0
eLife66809,Tools and Resources,Typesetter Review,6,Sanchana Elumalai,2021-11-16,2021-11-17,2021-11-17,completed,,,0,,0
eLife66973,Research Article,Copyediting,1,Priya,2021-11-05,2021-11-08,2021-11-07,completed,,,0,,0
eLife66973,Research Article,Pre-editing,1,Sanchana Elumalai,2021-11-03,2021-11-04,2021-11-05,completed,1,,0,,0
eLife66973,Research Article,Typesetter Check,1,Sandhiya Raghuraman,2021-11-08,2021-11-09,2021-11-08,completed,,,0,,0
eLife66973,Research Article,Waiting for Assets,1,Exeter,2021-11-08,2021-12-07,,in-progress,,,0,,0
eLife67256,Research Article,Author Review,1,Kevin P Cross,2021-11-12,2021-11-16,2021-11-16,completed,,,0,,0
eLife67256,Research Article,Copyediting,1,Sanjay,2021-11-08,2021-11-09,2021-11-10,completed,1,,0,,0
eLife67256,Research Article,Pre-editing,1,Sandhiya Raghuraman,2021-11-03,2021-11-04,2021-11-06,completed,2,1,0,,0
eLife67256,Research Article,Publisher Review,1,James Gilbert,2021-11-17,2021-11-18,2021-11-17,completed,,,0,,0
eLife67256,Research Article,Typesetter Check,1,Sandhiya Raghuraman,2021-11-10,2021-11-11,2021-11-12,completed,1,1,0,,0
eLife67256,Research Article,Typesetter Review,1,Shanmugapriya Janarthanam,2021-11-16,2021-11-17,2021-11-17,completed,,,0,,0
eLife67256,Research Article,Typesetter Review,2,Shanmugapriya Janarthanam,2021-11-17,2021-11-18,,in-progress,,,0,,0
eLife67304,Research Article,Author Review,1,P Christiaan Klink,2021-11-11,2021-11-15,2021-11-12,completed,,,0,,0
eLife67304,Research Article,Copyediting,1,Imraan,2021-11-08,2021-11-09,2021-11-10,completed,1,,0,,0
eLife67304,Research Article,Pre-editing,1,Sanchana Elumalai,2021-11-03,2021-11-04,2021-11-06,completed,2,2,0,,0
eLife67304,Research Article,Publisher Review,1,James Gilbert,2021-11-15,2021-11-16,2021-11-15,completed,,,0,,0
eLife67304,Research Article,Typesetter Check,1,Sandhiya Raghuraman,2021-11-10,2021-11-11,2021-11-11,completed,,1,1,,0
eLife67304,Research Article,Typesetter Review,1,Shanmugapriya Janarthanam,2021-11-12,2021-11-13,2021-11-15,completed,,1,0,,0
eLife67304,Research Article,Typesetter Review,3,Shanmugapriya Janarthanam,2021-11-15,2021-11-16,,in-progress,,2,1,,0
eLife67397, Research article, Author Review,1,  Author, 2021-10-15, 2021-10-20, 2021-10-19, completed, -
eLife67397, Research article, Copyediting,1,  Copyeditor, 2021-10-12, 2021-10-13, 2021-10-15, completed,2
eLife67397, Research article, Pre-editing,1,  chandru, 2021-10-06, 2021-10-07, 2021-10-12, completed,5
eLife67485,Research Article,Author Review,1,Mathias Scharmann,2021-11-08,2021-11-10,,in-progress,,,0,,0
eLife67485,Research Article,Copyediting,1,Bharathi,2021-11-03,2021-11-04,2021-11-05,completed,1,,0,,0
eLife67485,Research Article,Pre-editing,1,Sandhiya Raghuraman,2021-11-02,2021-11-03,2021-11-03,completed,,1,0,,0
eLife67485,Research Article,Typesetter Check,1,Sandhiya Raghuraman,2021-11-05,2021-11-08,2021-11-08,completed,,2,0,,0
eLife67516,Research Article,Author Review,1,Utpal Banerjee,2021-11-05,2021-11-09,2021-11-11,completed,2,,0,,0
eLife67516,Research Article,Copyediting,1,Sanjay,2021-11-01,2021-11-02,2021-11-05,completed,3,,0,,0
eLife67516,Research Article,Final Deliverables,1,Balakrishnan Esakimuthu,2021-11-12,2021-11-15,,in-progress,,,0,,0
eLife67516,Research Article,Pre-editing,1,Sandhiya Raghuraman,2021-10-29,2021-11-01,2021-11-01,completed,,1,0,,0
eLife67516,Research Article,Publisher Review,1,Kriya Access,2021-11-12,2021-11-15,2021-11-12,completed,,,0,,0
eLife67516,Research Article,Typesetter Check,1,Sandhiya Raghuraman,2021-11-05,2021-11-06,2021-11-05,completed,,,0,,0
eLife67516,Research Article,Typesetter Review,1,Gowtham Ram R,2021-11-11,2021-11-12,2021-11-12,completed,,1,0,,0
eLife67527, Feature Article, Author Review,1,  Author, 2021-09-03, 2021-09-08, 2021-09-07, completed, -
eLife67527, Feature Article, Pre-editing,1,  Sandhiya, 2021-08-30, 2021-08-31, 2021-09-01, completed,1
eLife67527, Feature Article, Publisher Check,1,  Naushin, 2021-09-01, 2021-09-03, 2021-09-03, completed, -
eLife67527, Feature Article, Typesetter QA,1,  Shanmugapriya, 2021-09-03, 2021-09-06, 2021-09-03, completed, -
eLife67565,Research Article,Copyediting,1,Deepa,2021-11-16,2021-11-17,,in-progress,,,0,,0
eLife67565,Research Article,Pre-editing,1,Sanchana Elumalai,2021-11-15,2021-11-16,2021-11-16,completed,,,0,,0
eLife67660,Research Article,Author Review,1,Sadao Ota,2021-11-01,2021-11-03,,in-progress,,,0,,0
eLife67660,Research Article,Copyediting,1,Sanjay,2021-10-28,2021-10-29,2021-11-01,completed,1,,0,,0
eLife67660,Research Article,Pre-editing,1,Sanchana Elumalai,2021-10-27,2021-10-28,2021-10-28,completed,,,0,,0
eLife67660,Research Article,Typesetter Check,1,Priyanka Balan,2021-11-01,2021-11-02,2021-11-01,completed,,,0,,0
eLife67952,Research Article,Author Review,1,Robert G Roeder,2021-11-17,2021-11-19,,in-progress,,,0,,0
eLife67952,Research Article,Copyediting,1,Priya,2021-11-15,2021-11-16,2021-11-16,completed,,,0,,0
eLife67952,Research Article,Pre-editing,1,Sanchana Elumalai,2021-11-08,2021-11-09,2021-11-15,completed,4,1,0,,0
eLife67952,Research Article,Typesetter Check,1,Pradheep K,2021-11-16,2021-11-17,2021-11-17,completed,,2,0,,0
eLife67995,Feature Article,Pre-editing,1,Sarmila Thangasamy,2021-11-15,2021-11-16,,in-progress,,2,1,,0
eLife68000,Research Article,Author Review,1,Sebastian Jessberger,2021-10-18,2021-10-20,2021-10-21,completed,1,,0,,0
eLife68000,Research Article,Copyediting,1,Sanjay,2021-10-14,2021-10-15,2021-10-16,completed,1,,0,,0
eLife68000,Research Article,Pre-editing,1,Shanmugapriya Janarthanam,2021-10-13,2021-10-14,2021-10-14,completed,,,0,,0
eLife68000,Research Article,Typesetter Check,1,Shanmugapriya Janarthanam,2021-10-18,2021-10-19,2021-10-18,completed,,,0,,0
eLife68000,Research Article,Typesetter Review,1,Priyanka Balan,2021-10-21,2021-10-22,2021-10-21,completed,,,0,,0
eLife68015,Short Report,Author Review,1,Author,2021-11-11,2021-11-15,2021-11-12,completed,,,0,,0
eLife68015,Short Report,Copyediting,1,Priya,2021-11-01,2021-11-02,2021-11-03,completed,1,,0,,0
eLife68015,Short Report,Pre-editing,1,Sanchana Elumalai,2021-10-28,2021-10-29,2021-11-01,completed,1,3,0,,0
eLife68015,Short Report,Publisher Review,1,James Gilbert,2021-11-16,2021-11-17,2021-11-16,completed,,,0,,0
eLife68015,Short Report,Typesetter Check,1,Sandhiya Raghuraman,2021-11-03,2021-11-04,2021-11-03,completed,,1,0,,0
eLife68015,Short Report,Typesetter Review,1,Gowtham Ram R,2021-11-12,2021-11-13,2021-11-16,completed,1,2,3,,0
eLife68015,Short Report,Waiting for Assets,1,Sandhiya Raghuraman,2021-11-03,2021-12-02,2021-11-11,completed,,,0,,0
eLife68080,Research Article,Author Review,1,Steven Roberts,2021-11-05,2021-11-09,2021-11-09,completed,,,0,,0
eLife68080,Research Article,Copyediting,1,Priya,2021-11-03,2021-11-04,2021-11-05,completed,1,,0,,0
eLife68080,Research Article,Pre-editing,1,Sandhiya Raghuraman,2021-11-02,2021-11-03,2021-11-03,completed,,1,0,,0
eLife68080,Research Article,Publisher Review,1,Kriya Access,2021-11-10,2021-11-11,2021-11-11,completed,,,0,,0
eLife68080,Research Article,Publisher Review,2,Kriya Access,2021-11-12,2021-11-15,2021-11-12,completed,,,0,,0
eLife68080,Research Article,Typesetter Check,1,Sandhiya Raghuraman,2021-11-05,2021-11-08,2021-11-05,completed,,,0,,0
eLife68080,Research Article,Typesetter Review,1,Priyanka Balan,2021-11-09,2021-11-10,2021-11-10,completed,,,0,,0
eLife68080,Research Article,Typesetter Review,2,Gowtham Ram R,2021-11-11,2021-11-12,2021-11-12,completed,,1,0,,0
eLife68080,Research Article,Typesetter Review,4,Sandhiya Raghuraman,2021-11-12,2021-11-15,2021-11-16,completed,1,1,2,,0
eLife68179, Research article, Author Review,1,  Author, 2021-10-26, 2021-10-29, 2021-10-30, completed,1
eLife68179, Research article, Copyediting,1,  Copyeditor, 2021-10-18, 2021-10-19, 2021-10-26, completed,7
eLife68179, Research article, Final Deliverables,1,  eLife, 2021-11-02, 2021-11-03, 2021-11-02, completed, -
eLife68179, Research article, Post Author Validation,1,  Shanmugapriya, 2021-10-30, 2021-11-01, 2021-11-01, completed, -
eLife68179, Research article, Post Author Validation,2,  Shanmugapriya, 2021-11-01, 2021-11-02, 2021-11-02, completed, -
eLife68179, Research article, Pre-editing,1,  Augustus, 2021-10-11, 2021-10-12, 2021-10-18, completed,6
eLife68179, Research article, Publisher Review,1,  Claudia, 2021-11-01, 2021-11-03, 2021-11-01, completed, -
eLife68179, Research article, Publisher Review,2,  Claudia, 2021-11-02, 2021-11-04, 2021-11-02, completed, -
eLife68341,Research Article,Copyediting,1,Imraan,2021-11-15,2021-11-16,,in-progress,,,0,,0
eLife68341,Research Article,Pre-editing,1,Shanmugapriya Janarthanam,2021-11-05,2021-11-08,2021-11-15,completed,5,4,3,1,2
eLife68344, Research article, Author Review,1,  Author, 2021-08-17, 2021-08-20, 2021-11-16, completed,88
eLife68344, Research article, Copyediting,1,  Copyeditor, 2021-08-16, 2021-08-17, 2021-08-17, completed, -
eLife68344, Research article, Post Author Validation,1,  Sandhiya, 2021-11-16, 2021-11-17, -, in-progress,1
eLife68344, Research article, Pre-editing,1,  chandru, 2021-08-12, 2021-08-13, 2021-08-16, completed,3
eLife68344, Research article, Typesetter QA,1,  Exeter, 2021-08-17, 2021-08-18, 2021-08-17, completed, -
eLife68369, Research article, Author Review,1,  Author, 2021-10-28, 2021-11-01, 2021-11-01, completed, -
eLife68369, Research article, Author Review,2,  Author, 2021-11-15, 2021-11-18, 2021-11-16, completed, -
eLife68369, Research article, Copyediting,1,  Copyeditor, 2021-10-27, 2021-10-28, 2021-10-28, completed, -
eLife68369, Research article, Post Author Validation,1,  Sandhiya, 2021-11-01, 2021-11-02, 2021-11-10, completed,8
eLife68369, Research article, Post Author Validation,2,  Sandhiya, 2021-11-10, 2021-11-11, 2021-11-12, completed,1
eLife68369, Research article, Post Author Validation,3,  Sandhiya, 2021-11-12, 2021-11-15, 2021-11-13, completed, -
eLife68369, Research article, Post Author Validation,4,  Sandhiya, 2021-11-16, 2021-11-17, -, in-progress,1
eLife68369, Research article, Pre-editing,1,  Augustus, 2021-10-19, 2021-10-20, 2021-10-27, completed,7
eLife68369, Research article, Publisher Review,1,  James, 2021-11-10, 2021-11-12, 2021-11-10, completed, -
eLife68369, Research article, Publisher Review,2,  James, 2021-11-12, 2021-11-16, 2021-11-12, completed, -
eLife68369, Research article, Publisher Review,3,  James, 2021-11-13, 2021-11-15, 2021-11-15, completed, -
eLife68369, Research article, Publisher Review,4,  James, 2021-11-16, 2021-11-18, 2021-11-16, completed, -
eLife68401,Research Article,Pre-editing,1,Chandru S,2021-11-15,2021-11-16,,in-progress,,1,0,,0
eLife68487,Research Article,Pre-editing,1,Sanchana Elumalai,2021-11-17,2021-11-18,,in-progress,,,0,,0
eLife68544,Research Article,Copyediting,1,Priya,2021-11-15,2021-11-16,2021-11-15,completed,,,0,,0
eLife68544,Research Article,Pre-editing,1,Sanchana Elumalai,2021-11-15,2021-11-16,2021-11-13,completed,,,0,,0
eLife68544,Research Article,Typesetter Check,1,Sandhiya Raghuraman,2021-11-15,2021-11-16,,in-progress,,2,2,,0
eLife68584,Research Article,Copyediting,1,Priya,2021-11-16,2021-11-17,,in-progress,,,0,,0
eLife68584,Research Article,Pre-editing,1,Exeter,2021-11-15,2021-11-16,2021-11-15,completed,,,0,,0
eLife68584,Research Article,Pre-editing,2,Sharmila Gunasekaran,2021-11-15,2021-11-16,2021-11-16,completed,,,0,,0
eLife68590,Research Article,Copyediting,1,Priya,2021-11-16,2021-11-17,2021-11-18,completed,1,,0,,0
eLife68590,Research Article,Pre-editing,1,Sandhiya Raghuraman,2021-11-10,2021-11-11,2021-11-16,completed,3,1,0,1,3
eLife68590,Research Article,Typesetter Check,1,Shanmugapriya Janarthanam,2021-11-18,2021-11-19,,in-progress,,,0,,0
eLife68605,Research Article,Copyediting,1,Bharathi,2021-11-15,2021-11-16,,in-progress,,,0,,0
eLife68605,Research Article,Pre-editing,1,Sharmila Gunasekaran,2021-11-15,2021-11-16,2021-11-15,completed,,,0,,0
eLife68623,Research Article,Copyediting,1,Imraan,2021-11-17,2021-11-18,,in-progress,,,0,,0
eLife68623,Research Article,Pre-editing,1,Shanmugapriya Janarthanam,2021-11-15,2021-11-16,2021-11-17,completed,1,2,0,,0
eLife69056,Short Report,Author Review,1,Anna V Molofsky,2021-10-25,2021-10-27,2021-10-27,completed,,,0,,0
eLife69056,Short Report,Copyediting,1,Sanjay,2021-10-20,2021-10-21,2021-10-23,completed,2,,0,,0
eLife69056,Short Report,Final Deliverables,1,Editorial Office,2021-11-04,2021-11-05,,in-progress,,,0,,0
eLife69056,Short Report,Pre-editing,1,Sanchana Elumalai,2021-10-19,2021-10-20,2021-10-20,completed,,,0,1,1
eLife69056,Short Report,Publisher Review,1,Editorial Office,2021-11-01,2021-11-02,2021-11-01,completed,,,0,,0
eLife69056,Short Report,Publisher Review,2,Editorial Office,2021-11-02,2021-11-03,2021-11-04,completed,1,,0,1,1
eLife69056,Short Report,Typesetter Check,1,Shanmugapriya Janarthanam,2021-10-25,2021-10-26,2021-10-25,completed,,,0,,0
eLife69056,Short Report,Typesetter Review,1,Gowtham Ram R,2021-11-02,2021-11-02,2021-11-01,completed,,,0,,0
eLife69056,Short Report,Typesetter Review,2,Gowtham Ram R,2021-11-01,2021-11-02,2021-11-02,completed,,,0,,0
eLife69079,Research Article,Copyediting,1,Deepa,2021-11-02,2021-11-03,2021-11-07,completed,3,,0,,0
eLife69079,Research Article,Pre-editing,1,Sanchana Elumalai,2021-10-29,2021-11-01,2021-11-02,completed,1,1,0,,0
eLife69079,Research Article,Typesetter Check,1,Shanmugapriya Janarthanam,2021-11-08,2021-11-09,2021-11-08,completed,,,0,,0
eLife69079,Research Article,Waiting for Assets,1,Exeter,2021-11-08,2021-12-07,,in-progress,,,0,,0
eLife69236,Research Article,Copyediting,1,Bharathi,2021-11-17,2021-11-18,,in-progress,,,0,,0
eLife69236,Research Article,Pre-editing,1,Sanchana Elumalai,2021-11-16,2021-11-17,2021-11-17,completed,,,0,,0
eLife69270,Research Article,Author Review,1,Rosa Cossart,2021-11-10,2021-11-12,2021-11-12,completed,,,0,,0
eLife69270,Research Article,Copyediting,1,Deepa,2021-11-08,2021-11-09,2021-11-09,completed,,,0,,0
eLife69270,Research Article,Final Deliverables,1,Editorial Office,2021-11-17,2021-11-18,,in-progress,,,0,,0
eLife69270,Research Article,Pre-editing,1,Exeter,2021-11-01,2021-11-02,2021-11-01,completed,,,0,,0
eLife69270,Research Article,Pre-editing,2,Pradheep K,2021-11-01,2021-11-02,2021-11-06,completed,4,6,3,,0
eLife69270,Research Article,Publisher Review,1,Editorial Office,2021-11-15,2021-11-16,2021-11-15,completed,,,0,,0
eLife69270,Research Article,Publisher Review,2,Editorial Office,2021-11-16,2021-11-17,2021-11-16,completed,,,0,,0
eLife69270,Research Article,Publisher Review,3,Editorial Office,2021-11-17,2021-11-18,2021-11-17,completed,,,0,,0
eLife69270,Research Article,Typesetter Check,1,Shanmugapriya Janarthanam,2021-11-09,2021-11-10,2021-11-10,completed,,1,0,,0
eLife69270,Research Article,Typesetter Review,1,Shanmugapriya Janarthanam,2021-11-12,2021-11-15,2021-11-13,completed,,1,0,,0
eLife69270,Research Article,Typesetter Review,3,Shanmugapriya Janarthanam,2021-11-15,2021-11-16,2021-11-16,completed,,,0,,0
eLife69270,Research Article,Typesetter Review,4,Shanmugapriya Janarthanam,2021-11-16,2021-11-17,2021-11-17,completed,,,0,,0
eLife69324, Research article, Author Review,1,  Author, 2021-11-04, 2021-11-08, 2021-11-08, completed, -
eLife69324, Research article, Copyediting,1,  Copyeditor, 2021-10-28, 2021-10-29, 2021-10-29, completed, -
eLife69324, Research article, Deliver digest,1,  eLife, 2021-10-29, 2021-11-02, 2021-11-04, completed,2
eLife69324, Research article, Post Author Validation,1,  Sandhiya, 2021-11-08, 2021-11-09, 2021-11-16, completed,7
eLife69324, Research article, Post Author Validation,2,  Sandhiya, 2021-11-16, 2021-11-17, -, in-progress,1
eLife69324, Research article, Pre-editing,1,  chandru, 2021-10-13, 2021-10-14, 2021-10-28, completed,14
eLife69324, Research article, Publisher Review,1,  Naushin, 2021-11-16, 2021-11-18, 2021-11-16, completed, -
eLife69333,Research Article,Copyediting,1,Priya,2021-11-17,2021-11-18,,in-progress,,,0,,0
eLife69333,Research Article,Pre-editing,1,Sanchana Elumalai,2021-11-15,2021-11-16,2021-11-17,completed,1,2,0,,0
eLife69418,Research Article,Author Review,1,Author,2021-11-16,2021-11-18,,in-progress,,,0,,0
eLife69418,Research Article,Copyediting,1,Imraan,2021-11-09,2021-11-10,2021-11-12,completed,2,,0,,0
eLife69418,Research Article,Pre-editing,1,Sanchana Elumalai,2021-11-08,2021-11-09,2021-11-09,completed,,,0,,0
eLife69418,Research Article,Typesetter Check,1,Sandhiya Raghuraman,2021-11-12,2021-11-15,2021-11-12,completed,,,0,,0
eLife69418,Research Article,Waiting for Assets,1,Exeter,2021-11-12,2021-12-13,2021-11-16,completed,,,0,,0
eLife69584,Research Article,Author Review,1,Vincent J Lynch,2021-11-04,2021-11-08,2021-11-08,completed,,,0,,0
eLife69584,Research Article,Copyediting,1,Bharathi,2021-10-29,2021-11-01,2021-11-01,completed,,,0,,0
eLife69584,Research Article,Pre-editing,1,Sandhiya Raghuraman,2021-10-22,2021-10-25,2021-10-29,completed,4,9,5,2,5
eLife69584,Research Article,Typesetter Check,1,Sandhiya Raghuraman,2021-11-01,2021-11-02,2021-11-03,completed,1,2,1,,0
eLife69584,Research Article,Typesetter Review,1,Muthukumar Balachandran,2021-11-08,2021-11-09,2021-11-17,completed,6,2,4,,0
eLife69584,Research Article,Waiting for Assets,1,James Gilbert,2021-11-03,2021-12-02,2021-11-04,completed,,,0,,0
eLife69740,Research Article,Author Review,1,Author,2021-09-09,2021-09-13,2021-09-13,completed,,,0,,0
eLife69740,Research Article,Author Review,2,Author,2021-09-24,2021-09-28,2021-09-28,completed,,,0,,0
eLife69740,Research Article,Copyediting,1,Deepa,2021-09-06,2021-09-07,2021-09-07,completed,,,0,,0
eLife69740,Research Article,Final Deliverables,1,Claudia Griffiths,2021-09-24,2021-09-27,2021-09-24,completed,,,0,,0
eLife69740,Research Article,Final Deliverables,2,Claudia Griffiths,2021-09-28,2021-09-29,,in-progress,,,0,,0
eLife69740,Research Article,Pre-editing,1,Sanchana Elumalai,2021-09-03,2021-09-06,2021-09-04,completed,,,0,,0
eLife69740,Research Article,Publisher Review,1,Claudia Griffiths,2021-09-22,2021-09-23,2021-09-22,completed,,,0,2,1
eLife69740,Research Article,Publisher Review,4,Claudia Griffiths,2021-09-23,2021-09-24,2021-09-24,completed,,,0,,0
eLife69740,Research Article,Publisher Review,5,Claudia Griffiths,2021-09-24,2021-09-27,2021-09-24,completed,,,0,,0
eLife69740,Research Article,Publisher Review,6,Claudia Griffiths,2021-09-28,2021-09-29,2021-09-28,completed,,,0,,0
eLife69740,Research Article,Publisher Review,7,Claudia Griffiths,2021-09-28,2021-09-29,2021-09-28,completed,,,0,,0
eLife69740,Research Article,Typesetter Check,1,Sandhiya Raghuraman,2021-09-07,2021-09-08,2021-09-08,completed,,1,0,,0
eLife69740,Research Article,Typesetter Review,1,Gowtham Ram R,2021-09-13,2021-09-14,2021-09-20,completed,4,2,0,,0
eLife69740,Research Article,Typesetter Review,4,Balakrishnan Esakimuthu,2021-09-22,2021-09-23,2021-09-23,completed,,2,0,,0
eLife69740,Research Article,Typesetter Review,7,Priyanka Balan,2021-09-28,2021-09-29,2021-09-28,completed,,,0,,0
eLife69740,Research Article,Waiting for Assets,1,Exeter,2021-09-08,2021-09-09,2021-09-09,completed,,,0,,0
eLife69744,Research Article,Copyediting,1,Priya,2021-11-16,2021-11-17,,in-progress,,,0,,0
eLife69744,Research Article,Pre-editing,1,Muthukumar Balachandran,2021-11-11,2021-11-12,2021-11-16,completed,2,2,0,,0
eLife69746,Research Article,Pre-editing,1,Shanmugapriya Janarthanam,2021-11-17,2021-11-18,,in-progress,,,0,,0
eLife69786,Research Article,Copyediting,1,Imraan,2021-11-15,2021-11-16,2021-11-17,completed,1,,0,,0
eLife69786,Research Article,Pre-editing,1,Sandhiya Raghuraman,2021-11-05,2021-11-08,2021-11-13,completed,5,3,1,,0
eLife69815,Research Article,Author Review,1,Damaris N Lorenzo,2021-11-15,2021-11-17,2021-11-15,completed,,,0,,0
eLife69815,Research Article,Copyediting,1,Deepa,2021-11-10,2021-11-11,2021-11-14,completed,2,,0,,0
eLife69815,Research Article,Pre-editing,1,Sanchana Elumalai,2021-11-08,2021-11-09,2021-11-10,completed,1,1,0,,0
eLife69815,Research Article,Publisher Review,1,James Gilbert,2021-11-16,2021-11-17,2021-11-17,completed,,,0,,0
eLife69815,Research Article,Typesetter Check,1,Sandhiya Raghuraman,2021-11-15,2021-11-16,2021-11-15,completed,,1,0,,0
eLife69815,Research Article,Typesetter Review,1,Deepika Nagarajan,2021-11-15,2021-11-16,2021-11-16,completed,,1,0,,0
eLife69815,Research Article,Typesetter Review,3,Shanmugapriya Janarthanam,2021-11-17,2021-11-18,,in-progress,,,0,,0
eLife69832,Research Article,Copyediting,1,Priya,2021-11-02,2021-11-03,2021-11-03,completed,,,0,,0
eLife69832,Research Article,Pre-editing,1,Sanchana Elumalai,2021-10-29,2021-11-01,2021-11-02,completed,1,1,0,,0
eLife69832,Research Article,Typesetter Check,1,Sandhiya Raghuraman,2021-11-03,2021-11-04,2021-11-05,completed,1,2,0,,0
eLife69832,Research Article,Waiting for Assets,1,Exeter,2021-11-05,2021-12-06,,in-progress,,,0,,0
eLife69843,Research Article,Copyediting,1,Imraan,2021-11-17,2021-11-18,,in-progress,,,0,,0
eLife69843,Research Article,Pre-editing,1,Sanchana Elumalai,2021-11-16,2021-11-17,2021-11-17,completed,,,0,,0
eLife69884, Research article, Author Review,1,  Author, 2021-11-03, 2021-11-08, 2021-11-06, completed, -
eLife69884, Research article, Copyediting,1,  Copyeditor, 2021-11-02, 2021-11-03, 2021-11-03, completed, -
eLife69884, Research article, Post Author Validation,1,  Shanmugapriya, 2021-11-06, 2021-11-08, 2021-11-13, completed,5
eLife69884, Research article, Post Author Validation,2,  Shanmugapriya, 2021-11-16, 2021-11-17, -, in-progress,1
eLife69884, Research article, Pre-editing,1,  chandru, 2021-10-25, 2021-10-26, 2021-11-02, completed,7
eLife69884, Research article, Publisher Review,1,  Naushin, 2021-11-13, 2021-11-15, 2021-11-16, completed,1
eLife69909,Research Article,Pre-editing,1,Sanchana Elumalai,2021-11-17,2021-11-18,,in-progress,,,0,,0
eLife70021,Research Article,Copyediting,1,Priya,2021-11-09,2021-11-10,2021-11-11,completed,1,,0,,0
eLife70021,Research Article,Pre-editing,1,Exeter,2021-11-08,2021-11-09,2021-11-08,completed,,,0,,0
eLife70021,Research Article,Pre-editing,2,Sandhiya Raghuraman,2021-11-08,2021-11-09,2021-11-09,completed,,1,0,,0
eLife70021,Research Article,Typesetter Check,1,Sandhiya Raghuraman,2021-11-11,2021-11-12,2021-11-11,completed,,,0,,0
eLife70021,Research Article,Waiting for Assets,1,Exeter,2021-11-11,2021-12-10,,in-progress,,,0,,0
eLife70046,Research Article,Copyediting,1,Sanjay,2021-11-15,2021-11-16,2021-11-17,completed,1,,0,,0
eLife70046,Research Article,Pre-editing,1,Sanchana Elumalai,2021-11-11,2021-11-12,2021-11-13,completed,1,,0,,0
eLife70129,Research Advance,Author Review,1,David L Hocker,2021-11-02,2021-11-04,2021-11-08,completed,2,,0,,0
eLife70129,Research Advance,Copyediting,1,Deepa,2021-10-29,2021-11-01,2021-11-01,completed,,,0,,0
eLife70129,Research Advance,Pre-editing,1,Sandhiya Raghuraman,2021-10-25,2021-10-26,2021-10-29,completed,3,4,2,,0
eLife70129,Research Advance,Typesetter Check,1,Sandhiya Raghuraman,2021-11-01,2021-11-02,2021-11-02,completed,,,0,,0
eLife70129,Research Advance,Typesetter Review,1,Gowtham Ram R,2021-11-08,2021-11-09,,in-progress,,,0,,0
eLife70130,Research Article,Author Review,1,Zhihui Wang,2021-11-09,2021-11-11,2021-11-15,completed,2,,0,,0
eLife70130,Research Article,Copyediting,1,Imraan,2021-10-28,2021-10-29,2021-11-08,completed,6,,0,,0
eLife70130,Research Article,Pre-editing,1,Sandhiya Raghuraman,2021-10-26,2021-10-27,2021-10-28,completed,1,3,0,,0
eLife70130,Research Article,Typesetter Check,1,Sandhiya Raghuraman,2021-11-08,2021-11-09,2021-11-09,completed,,3,0,,0
eLife70130,Research Article,Typesetter Review,1,Jincy Joyen,2021-11-15,2021-11-16,,in-progress,,2,1,,0
eLife70330,Research Article,Author Review,1,Marit J van Gils,2021-11-08,2021-11-10,2021-11-11,completed,1,,0,,0
eLife70330,Research Article,Copyediting,1,Imraan,2021-11-03,2021-11-04,2021-11-08,completed,2,,0,,0
eLife70330,Research Article,Final Deliverables,1,Naushin Thomson,2021-11-15,2021-11-16,2021-11-16,completed,,,0,,0
eLife70330,Research Article,Pre-editing,1,Priyanka Balan,2021-11-02,2021-11-03,2021-11-03,completed,,1,0,,0
eLife70330,Research Article,Publisher Review,1,Kriya Access,2021-11-12,2021-11-15,2021-11-12,completed,,,0,,0
eLife70330,Research Article,Publisher Review,2,Kriya Access,2021-11-12,2021-11-15,2021-11-15,completed,,,0,,0
eLife70330,Research Article,Publisher Review,3,Naushin Thomson,2021-11-16,2021-11-17,2021-11-16,completed,,,0,,0
eLife70330,Research Article,Typesetter Check,1,Sandhiya Raghuraman,2021-11-08,2021-11-09,2021-11-08,completed,,1,0,,0
eLife70330,Research Article,Typesetter Review,1,Sanchana Elumalai,2021-11-11,2021-11-12,2021-11-12,completed,,,0,,0
eLife70330,Research Article,Typesetter Review,2,Gowtham Ram R,2021-11-12,2021-11-15,2021-11-12,completed,,,0,,0
eLife70349,Research Article,Author Review,1,Author,2021-10-29,2021-11-02,2021-11-02,completed,,,0,,0
eLife70349,Research Article,Author Review,2,Author,2021-11-10,2021-11-12,2021-11-16,completed,2,,0,,0
eLife70349,Research Article,Copyediting,1,Sanjay,2021-10-13,2021-10-14,2021-10-15,completed,1,,0,,0
eLife70349,Research Article,Pre-editing,1,Sharmila Gunasekaran,2021-10-07,2021-10-08,2021-10-13,completed,3,3,0,,0
eLife70349,Research Article,Publisher Review,1,Kriya Access,2021-11-09,2021-11-10,2021-11-10,completed,,,0,,0
eLife70349,Research Article,Publisher Review,2,Naushin Thomson,2021-11-16,2021-11-17,2021-11-16,completed,,,0,,0
eLife70349,Research Article,Typesetter Check,1,Sandhiya Raghuraman,2021-10-15,2021-10-16,2021-10-18,completed,,1,0,,0
eLife70349,Research Article,Typesetter Review,1,Priyanka Balan,2021-11-02,2021-11-02,2021-11-09,completed,5,1,0,,0
eLife70349,Research Article,Typesetter Review,3,Jincy Joyen,2021-11-16,2021-11-17,,in-progress,,,0,,0
eLife70349,Research Article,Waiting for Assets,1,Exeter,2021-10-18,2021-10-19,2021-10-29,completed,8,,0,,0
eLife70385,Research Article,Author Review,1,Robert L Judson-Torres,2021-10-27,2021-10-29,2021-10-28,completed,,,0,,0
eLife70385,Research Article,Copyediting,1,Sanjay,2021-10-18,2021-10-19,2021-10-20,completed,1,,0,,0
eLife70385,Research Article,Final Deliverables,1,Balakrishnan Esakimuthu,2021-10-29,2021-11-01,,in-progress,,,0,,0
eLife70385,Research Article,Pre-editing,1,Shanmugapriya Janarthanam,2021-10-13,2021-10-14,2021-10-18,completed,2,1,0,,0
eLife70385,Research Article,Publisher Review,1,James Gilbert,2021-10-29,2021-11-01,2021-10-29,completed,,,0,1,0
eLife70385,Research Article,Typesetter Check,1,Sanchana Elumalai,2021-10-20,2021-10-21,2021-10-25,completed,2,2,4,,0
eLife70385,Research Article,Typesetter Review,1,Priyanka Balan,2021-10-28,2021-10-29,2021-10-29,completed,,,0,,0
eLife70385,Research Article,Waiting for Assets,1,Exeter,2021-10-25,2021-10-26,2021-10-27,completed,1,,0,,0
eLife70412,Research Article,Pre-editing,1,Exeter,2021-11-16,2021-11-17,,in-progress,,,0,1,1
eLife70447,Research Article,Author Review,1,Author,2021-11-10,2021-11-12,2021-11-12,completed,,,0,,0
eLife70447,Research Article,Copyediting,1,Priya,2021-10-29,2021-11-01,2021-10-29,completed,,,0,,0
eLife70447,Research Article,Final Deliverables,1,James Gilbert,2021-11-17,2021-11-18,,in-progress,,,0,,0
eLife70447,Research Article,Pre-editing,1,Sharmila Gunasekaran,2021-10-21,2021-10-22,2021-10-29,completed,5,1,6,,0
eLife70447,Research Article,Publisher Review,1,James Gilbert,2021-11-15,2021-11-16,2021-11-15,completed,,,0,,0
eLife70447,Research Article,Publisher Review,2,James Gilbert,2021-11-17,2021-11-18,2021-11-17,completed,,,0,,0
eLife70447,Research Article,Typesetter Check,1,Sanchana Elumalai,2021-10-29,2021-11-01,2021-11-02,completed,1,,0,,0
eLife70447,Research Article,Typesetter Review,1,Jincy Joyen,2021-11-12,2021-11-15,2021-11-15,completed,,1,0,,0
eLife70447,Research Article,Typesetter Review,3,Sandhiya Raghuraman,2021-11-15,2021-11-16,2021-11-17,completed,1,3,0,,0
eLife70447,Research Article,Waiting for Assets,1,Exeter,2021-11-02,2021-12-01,2021-11-10,completed,,,0,,0
eLife70504,Research Advance,Author Review,1,Rajat Rohatgi,2021-11-03,2021-11-05,2021-11-15,completed,6,,0,,0
eLife70504,Research Advance,Copyediting,1,Sanjay,2021-10-28,2021-10-29,2021-11-02,completed,2,,0,,0
eLife70504,Research Advance,Pre-editing,1,Sharmila Gunasekaran,2021-10-26,2021-10-27,2021-10-28,completed,1,1,0,,0
eLife70504,Research Advance,Typesetter Check,1,Sandhiya Raghuraman,2021-11-02,2021-11-03,2021-11-03,completed,,2,0,,0
eLife70550,Research Article,Copyediting,1,Deepa,2021-11-05,2021-11-08,2021-11-07,completed,,,0,,0
eLife70550,Research Article,Pre-editing,1,Muthukumar Balachandran,2021-11-03,2021-11-04,2021-11-05,completed,1,1,0,,0
eLife70550,Research Article,Typesetter Check,1,Sanchana Elumalai,2021-11-08,2021-11-09,2021-11-09,completed,,2,0,,0
eLife70550,Research Article,Waiting for Assets,1,Exeter,2021-11-09,2021-12-08,,in-progress,,,0,,0
eLife70601,Research Article,Author Review,1,Author,2021-11-12,2021-11-16,2021-11-15,completed,,,0,,0
eLife70601,Research Article,Copyediting,1,Bharathi,2021-11-10,2021-11-11,2021-11-11,completed,,,0,,0
eLife70601,Research Article,Pre-editing,1,Shanmugapriya Janarthanam,2021-11-08,2021-11-09,2021-11-10,completed,1,2,0,,0
eLife70601,Research Article,Typesetter Check,1,Sandhiya Raghuraman,2021-11-11,2021-11-12,2021-11-12,completed,,,0,,0
eLife70601,Research Article,Typesetter Review,1,Gowtham Ram R,2021-11-15,2021-11-16,,in-progress,,,0,,0
eLife70601,Research Article,Waiting for Assets,1,Exeter,2021-11-12,2021-12-13,2021-11-12,completed,,,0,,0
eLife70608,Research Article,Author Review,1,Jody A Summers,2021-10-11,2021-10-13,2021-10-12,completed,,,0,,0
eLife70608,Research Article,Copyediting,1,Sanjay,2021-10-06,2021-10-07,2021-10-09,completed,2,,0,,0
eLife70608,Research Article,Pre-editing,1,Sanchana Elumalai,2021-10-05,2021-10-06,2021-10-06,completed,,,0,,0
eLife70608,Research Article,Publisher Review,1,Claudia Griffiths,2021-10-12,2021-10-13,2021-10-13,completed,,,0,,0
eLife70608,Research Article,Typesetter Check,1,Sandhiya Raghuraman,2021-10-11,2021-10-12,2021-10-11,completed,,2,0,,0
eLife70608,Research Article,Typesetter Review,1,Balakrishnan Esakimuthu,2021-10-12,2021-10-13,2021-10-12,completed,,,0,,0
eLife70608,Research Article,Typesetter Review,2,Priyanka Balan,2021-10-13,2021-10-14,2021-10-14,completed,,1,0,,0
eLife70715,Research Article,Copyediting,1,Sanjay,2021-11-16,2021-11-17,,in-progress,,,0,,0
eLife70715,Research Article,Pre-editing,1,Sandhiya Raghuraman,2021-11-15,2021-11-16,2021-11-16,completed,,,0,,0
eLife70725,Tools and Resources,Copyediting,1,Sanjay,2021-11-17,2021-11-18,,in-progress,,,0,,0
eLife70725,Tools and Resources,Pre-editing,1,Sandhiya Raghuraman,2021-11-17,2021-11-18,2021-11-17,completed,,,0,,0
eLife70784,Tools and Resources,Pre-editing,1,Sanchana Elumalai,2021-11-17,2021-11-18,,in-progress,,,0,,0
eLife70843,Research Article,Author Review,1,Fredrik Edfors,2021-11-15,2021-11-17,2021-11-16,completed,,,0,,0
eLife70843,Research Article,Copyediting,1,Priya,2021-11-12,2021-11-15,2021-11-12,completed,,,0,,0
eLife70843,Research Article,Pre-editing,1,Sandhiya Raghuraman,2021-11-05,2021-11-08,2021-11-12,completed,4,1,6,,0
eLife70843,Research Article,Publisher Review,1,Frederick Atherden,2021-11-17,2021-11-18,2021-11-17,completed,,,0,,0
eLife70843,Research Article,Typesetter Check,1,Shanmugapriya Janarthanam,2021-11-12,2021-11-15,2021-11-13,completed,,,0,,0
eLife70843,Research Article,Typesetter Review,1,Gowtham Ram R,2021-11-16,2021-11-17,2021-11-17,completed,,,0,,0
eLife70843,Research Article,Typesetter Review,2,Shanmugapriya Janarthanam,2021-11-17,2021-11-18,,in-progress,,,0,,0
eLife70858,Research Article,Copyediting,1,Bharathi,2021-11-03,2021-11-04,2021-11-07,completed,2,,0,,0
eLife70858,Research Article,Pre-editing,1,Sandhiya Raghuraman,2021-11-02,2021-11-03,2021-11-03,completed,,,0,,0
eLife70858,Research Article,Typesetter Check,1,Shanmugapriya Janarthanam,2021-11-08,2021-11-09,2021-11-08,completed,,,0,,0
eLife70858,Research Article,Waiting for Assets,1,Shanmugapriya Janarthanam,2021-11-08,2021-12-07,,in-progress,,,0,,0
eLife70873,Research Article,Pre-editing,1,Sandhiya Raghuraman,2021-11-18,2021-11-19,,in-progress,,,0,,0
eLife70899,Research Article,Author Review,1,Martin Picard,2021-11-01,2021-11-03,2021-11-03,completed,,,0,,0
eLife70899,Research Article,Copyediting,1,Sanjay,2021-10-28,2021-10-29,2021-11-01,completed,1,,0,,0
eLife70899,Research Article,Pre-editing,1,Exeter,2021-10-26,2021-10-27,2021-10-26,completed,,,0,,0
eLife70899,Research Article,Pre-editing,2,Shanmugapriya Janarthanam,2021-10-26,2021-10-27,2021-10-28,completed,1,1,0,,0
eLife70899,Research Article,Publisher Review,1,James Gilbert,2021-11-12,2021-11-15,2021-11-12,completed,,,0,,0
eLife70899,Research Article,Typesetter Check,1,Ranjithkumar Murugan,2021-11-01,2021-11-02,2021-11-01,completed,,1,0,,0
eLife70899,Research Article,Typesetter Review,1,Shanmugapriya Janarthanam,2021-11-03,2021-11-04,2021-11-12,completed,6,1,2,,0
eLife70992,Research Article,Copyediting,1,Imraan,2021-11-12,2021-11-15,2021-11-17,completed,2,,0,,0
eLife70992,Research Article,Pre-editing,1,Sanchana Elumalai,2021-11-10,2021-11-11,2021-11-12,completed,1,,0,,0
eLife71006,Research Article,Author Review,1,Alexander Blanke,2021-10-22,2021-10-26,2021-10-26,completed,,,0,,0
eLife71006,Research Article,Copyediting,1,Priya,2021-10-07,2021-10-08,2021-10-11,completed,1,,0,,0
eLife71006,Research Article,Pre-editing,1,Sanchana Elumalai,2021-09-27,2021-09-28,2021-10-07,completed,7,2,6,1,3
eLife71006,Research Article,Publisher Review,1,Claudia Griffiths,2021-11-10,2021-11-10,2021-11-10,completed,,,0,,0
eLife71006,Research Article,Typesetter Check,1,Sandhiya Raghuraman,2021-10-21,2021-10-22,2021-10-22,completed,,5,5,,0
eLife71006,Research Article,Typesetter Review,1,Priyanka Balan,2021-11-04,2021-11-04,2021-11-11,completed,5,2,1,,0
eLife71131,Research Advance,Author Review,1,Author,2021-11-16,2021-11-18,,in-progress,,,0,,0
eLife71131,Research Advance,Copyediting,1,Bharathi,2021-11-10,2021-11-11,2021-11-11,completed,,,0,,0
eLife71131,Research Advance,Pre-editing,1,Sandhiya Raghuraman,2021-11-08,2021-11-09,2021-11-10,completed,1,1,0,,0
eLife71131,Research Advance,Typesetter Check,1,Sandhiya Raghuraman,2021-11-11,2021-11-12,2021-11-12,completed,,1,0,,0
eLife71131,Research Advance,Waiting for Assets,1,Sandhiya Raghuraman,2021-11-12,2021-12-13,2021-11-16,completed,,,0,,0
eLife71148,Research Article,Copyediting,1,Deepa,2021-11-17,2021-11-18,,in-progress,,,0,,0
eLife71148,Research Article,Pre-editing,1,Sandhiya Raghuraman,2021-11-15,2021-11-16,2021-11-17,completed,1,,0,,0
eLife71252,Research Article,Pre-editing,1,Shanmugapriya Janarthanam,2021-11-18,2021-11-19,,in-progress,,,0,,0
eLife71368,Research Article,Author Review,1,Author,2021-10-18,2021-10-20,2021-10-23,completed,3,,0,,0
eLife71368,Research Article,Copyediting,1,Priya,2021-10-14,2021-10-15,2021-10-15,completed,,,0,,0
eLife71368,Research Article,Final Deliverables,1,James Gilbert,2021-10-28,2021-10-29,2021-10-28,completed,,,0,,0
eLife71368,Research Article,Final Deliverables,2,James Gilbert,2021-10-28,2021-10-29,,in-progress,,,0,,0
eLife71368,Research Article,Pre-editing,1,Sandhiya Raghuraman,2021-10-13,2021-10-14,2021-10-14,completed,,2,0,1,0
eLife71368,Research Article,Publisher Review,1,Kriya Access,2021-10-25,2021-10-26,2021-10-25,completed,,,0,,0
eLife71368,Research Article,Publisher Review,2,Kriya Access,2021-10-26,2021-10-27,2021-10-27,completed,,,0,,0
eLife71368,Research Article,Publisher Review,3,James Gilbert,2021-10-27,2021-10-28,2021-10-27,completed,,,0,,0
eLife71368,Research Article,Publisher Review,4,James Gilbert,2021-10-28,2021-10-29,2021-10-28,completed,,,0,,0
eLife71368,Research Article,Publisher Review,5,James Gilbert,2021-10-28,2021-10-29,2021-10-28,completed,,,0,,0
eLife71368,Research Article,Typesetter Check,1,Sanchana Elumalai,2021-10-15,2021-10-18,2021-10-18,completed,,,0,,0
eLife71368,Research Article,Typesetter Review,1,Priyanka Balan,2021-10-23,2021-10-26,2021-10-25,completed,,,0,,0
eLife71368,Research Article,Typesetter Review,2,Priyanka Balan,2021-10-25,2021-10-26,2021-10-26,completed,,,0,,0
eLife71368,Research Article,Typesetter Review,3,Priyanka Balan,2021-10-27,2021-10-28,2021-10-27,completed,,,0,,0
eLife71368,Research Article,Typesetter Review,4,Shanmugapriya Janarthanam,2021-10-27,2021-10-28,2021-10-28,completed,,,0,,0
eLife71368,Research Article,Waiting for Assets,1,Exeter,2021-10-18,2021-10-19,2021-10-18,completed,,,0,,0
eLife71385,Research Article,Copyediting,1,Imraan,2021-11-17,2021-11-18,,in-progress,,,0,,0
eLife71385,Research Article,Pre-editing,1,Sanchana Elumalai,2021-11-16,2021-11-17,2021-11-17,completed,,,0,,0
eLife71402,Research Article,Copyediting,1,Imraan,2021-10-29,2021-11-01,2021-11-01,completed,,,0,,0
eLife71402,Research Article,Pre-editing,1,Sanchana Elumalai,2021-10-27,2021-10-28,2021-10-29,completed,1,2,0,,0
eLife71402,Research Article,Typesetter Check,1,Ranjithkumar Murugan,2021-11-01,2021-11-02,2021-11-01,completed,,1,0,,0
eLife71402,Research Article,Waiting for Assets,1,Exeter,2021-11-01,2021-11-30,,in-progress,,,0,,0
eLife71424,Research Article,Copyediting,1,Bharathi,2021-11-15,2021-11-16,,in-progress,,,0,,0
eLife71424,Research Article,Pre-editing,1,Sandhiya Raghuraman,2021-11-11,2021-11-12,2021-11-15,completed,1,3,0,,0
eLife71443,Research Article,Copyediting,1,Imraan,2021-11-15,2021-11-16,,in-progress,,,0,,0
eLife71443,Research Article,Pre-editing,1,Sandhiya Raghuraman,2021-11-15,2021-11-16,2021-11-15,completed,,1,0,,0
eLife71601,Research Article,Copyediting,1,Priya,2021-11-16,2021-11-17,2021-11-17,completed,,,0,,0
eLife71601,Research Article,Pre-editing,1,Sandhiya Raghuraman,2021-11-16,2021-11-17,2021-11-16,completed,,2,0,,0
eLife71662,Research Article,Pre-editing,1,Sharmila Gunasekaran,2021-11-16,2021-11-17,,in-progress,,1,0,,0
eLife71725,Research Article,Copyediting,1,Imraan,2021-11-16,2021-11-17,,in-progress,,,0,,0
eLife71725,Research Article,Pre-editing,1,Sanchana Elumalai,2021-11-15,2021-11-16,2021-11-16,completed,,,0,,0
eLife71747,Research Article,Copyediting,1,Sanjay,2021-11-15,2021-11-16,,in-progress,,,0,,0
eLife71747,Research Article,Pre-editing,1,Sanchana Elumalai,2021-11-15,2021-11-16,2021-11-15,completed,,,0,,0
eLife71752,Tools and Resources,Copyediting,1,Bharathi,2021-11-16,2021-11-17,,in-progress,,,0,,0
eLife71752,Tools and Resources,Pre-editing,1,Muthukumar Balachandran,2021-11-08,2021-11-09,2021-11-16,completed,5,3,6,,0
eLife71900,Research Article,Pre-editing,1,Sanchana Elumalai,2021-11-17,2021-11-18,,in-progress,,,0,,0
eLife71968,Research Article,Pre-editing,1,Chandru S,2021-10-29,2021-11-01,,in-progress,,5,5,,0
eLife71969,Tools and Resources,Author Review,1,Jorrit Steven Montijn,2021-10-18,2021-10-20,2021-10-19,completed,,,0,,0
eLife71969,Tools and Resources,Author Review,2,Jorrit S Montijn,2021-10-29,2021-11-02,2021-11-01,completed,,,0,,0
eLife71969,Tools and Resources,Copyediting,1,Deepa,2021-10-07,2021-10-08,2021-10-10,completed,1,,0,,0
eLife71969,Tools and Resources,Pre-editing,1,Sandhiya Raghuraman,2021-09-28,2021-09-29,2021-10-07,completed,6,3,0,,0
eLife71969,Tools and Resources,Publisher Review,1,Frederick Atherden,2021-10-22,2021-10-25,2021-10-22,completed,,,0,,0
eLife71969,Tools and Resources,Publisher Review,2,James Gilbert,2021-10-25,2021-10-26,2021-10-26,completed,,,0,,0
eLife71969,Tools and Resources,Publisher Review,3,James Gilbert,2021-10-29,2021-11-01,2021-10-29,completed,,,0,,0
eLife71969,Tools and Resources,Publisher Review,4,James Gilbert,2021-11-01,2021-11-02,2021-11-02,completed,,,0,,0
eLife71969,Tools and Resources,Publisher Review,5,James Gilbert,2021-11-08,2021-11-09,2021-11-08,completed,,,0,,0
eLife71969,Tools and Resources,Publisher Review,6,James Gilbert,2021-11-09,2021-11-10,2021-11-10,completed,,,0,1,0
eLife71969,Tools and Resources,Publisher Review,8,James Gilbert,2021-11-10,2021-11-11,2021-11-10,completed,,,0,,0
eLife71969,Tools and Resources,Typesetter Check,1,Sandhiya Raghuraman,2021-10-11,2021-10-12,2021-10-18,completed,4,3,7,,0
eLife71969,Tools and Resources,Typesetter Review,1,Gowtham Ram R,2021-10-19,2021-10-20,2021-10-22,completed,2,2,0,,0
eLife71969,Tools and Resources,Typesetter Review,10,Gowtham Ram R,2021-11-08,2021-11-09,2021-11-09,completed,,1,0,,0
eLife71969,Tools and Resources,Typesetter Review,12,Sandhiya Raghuraman,2021-11-10,2021-11-11,2021-11-10,completed,,,0,,0
eLife71969,Tools and Resources,Typesetter Review,4,Gowtham Ram R,2021-10-22,2021-10-25,2021-10-25,completed,,,0,,0
eLife71969,Tools and Resources,Typesetter Review,5,Gowtham Ram R,2021-10-27,2021-10-28,2021-10-29,completed,1,1,1,,0
eLife71969,Tools and Resources,Typesetter Review,7,Gowtham Ram R,2021-11-02,2021-11-03,2021-11-08,completed,3,2,5,,0
eLife71982,Research Article,Copyediting,1,Deepa,2021-11-15,2021-11-16,,in-progress,,,0,,0
eLife71982,Research Article,Pre-editing,1,Sanchana Elumalai,2021-11-15,2021-11-16,2021-11-15,completed,,,0,,0
eLife72001,Research Article,Copyediting,1,Deepa,2021-11-17,2021-11-18,,in-progress,,,0,,0
eLife72001,Research Article,Pre-editing,1,Sandhiya Raghuraman,2021-11-11,2021-11-12,2021-11-17,completed,3,6,2,,0
eLife72030,Research Article,Copyediting,1,Deepa,2021-11-17,2021-11-18,,in-progress,,,0,,0
eLife72030,Research Article,Pre-editing,1,Sandhiya Raghuraman,2021-11-16,2021-11-17,2021-11-17,completed,,2,0,,0
eLife72116,Research Article,Author Review,1,Author,2021-11-17,2021-11-19,,in-progress,,,0,,0
eLife72116,Research Article,Copyediting,1,Bharathi,2021-10-26,2021-10-27,2021-10-28,completed,1,,0,,0
eLife72116,Research Article,Pre-editing,1,Shanmugapriya Janarthanam,2021-10-25,2021-10-26,2021-10-26,completed,,,0,1,0
eLife72116,Research Article,Typesetter Check,1,Pradheep K,2021-10-28,2021-10-29,2021-10-29,completed,,1,0,,0
eLife72116,Research Article,Waiting for Assets,1,Exeter,2021-10-29,2021-11-29,2021-11-17,completed,,,0,,0
eLife72132,Research Article,Author Review,1,Krzysztof Wabnik,2021-11-11,2021-11-15,2021-11-12,completed,,,0,,0
eLife72132,Research Article,Copyediting,1,Deepa,2021-11-08,2021-11-09,2021-11-10,completed,1,,0,,0
eLife72132,Research Article,Pre-editing,1,Sandhiya Raghuraman,2021-11-01,2021-11-02,2021-11-08,completed,4,3,2,,0
eLife72132,Research Article,Publisher Review,1,Frederick Atherden,2021-11-16,2021-11-17,2021-11-16,completed,,,0,,0
eLife72132,Research Article,Typesetter Check,1,Sandhiya Raghuraman,2021-11-10,2021-11-11,2021-11-11,completed,,2,0,,0
eLife72132,Research Article,Typesetter Review,1,Gowtham Ram R,2021-11-12,2021-11-15,2021-11-16,completed,1,1,0,,0
eLife72185,Feature Article,Pre-editing,1,Exeter,2021-11-10,2021-11-11,2021-11-10,completed,,,0,,0
eLife72185,Feature Article,Pre-editing,2,Sandhiya Raghuraman,2021-11-10,2021-11-11,2021-11-11,completed,,1,0,,0
eLife72185,Feature Article,Publisher Check,1,James Gilbert,2021-11-11,2021-11-12,2021-11-12,completed,,,0,,0
eLife72185,Feature Article,Typesetter Check,1,Deepika Nagarajan,2021-11-12,2021-11-15,2021-11-16,completed,1,2,1,,0
eLife72185,Feature Article,Waiting for Assets,1,James Gilbert,2021-11-16,2021-12-15,,in-progress,,,0,,0
eLife72276,Research Article,Author Review,1,Wen Tang,2021-11-08,2021-11-10,2021-11-09,completed,,,0,,0
eLife72276,Research Article,Copyediting,1,Sanjay,2021-11-05,2021-11-08,2021-11-07,completed,,,0,,0
eLife72276,Research Article,Pre-editing,1,Sanchana Elumalai,2021-11-03,2021-11-04,2021-11-05,completed,1,,0,,0
eLife72276,Research Article,Publisher Review,1,Kriya Access,2021-11-09,2021-11-10,2021-11-09,completed,,,0,,0
eLife72276,Research Article,Typesetter Check,1,Shanmugapriya Janarthanam,2021-11-08,2021-11-09,2021-11-08,completed,,,0,,0
eLife72276,Research Article,Typesetter Review,1,Sandhiya Raghuraman,2021-11-09,2021-11-10,2021-11-09,completed,,,0,,0
eLife72276,Research Article,Typesetter Review,2,Sandhiya Raghuraman,2021-11-09,2021-11-10,,in-progress,,,0,,0
eLife72369,Research Article,Author Review,1,Yara Sanchez-Corrales,2021-11-11,2021-11-15,2021-11-11,completed,,,0,,0
eLife72369,Research Article,Copyediting,1,Sanjay,2021-11-05,2021-11-08,2021-11-09,completed,1,,0,,0
eLife72369,Research Article,Final Deliverables,1,James Gilbert,2021-11-17,2021-11-18,,in-progress,,,0,,0
eLife72369,Research Article,Pre-editing,1,Sandhiya Raghuraman,2021-11-01,2021-11-02,2021-11-05,completed,3,3,2,,0
eLife72369,Research Article,Publisher Review,1,James Gilbert,2021-11-15,2021-11-16,2021-11-16,completed,,,0,1,0
eLife72369,Research Article,Publisher Review,3,James Gilbert,2021-11-17,2021-11-18,2021-11-17,completed,,,0,,0
eLife72369,Research Article,Typesetter Check,1,Sandhiya Raghuraman,2021-11-09,2021-11-10,2021-11-11,completed,1,2,0,,0
eLife72369,Research Article,Typesetter Review,1,Jincy Joyen,2021-11-11,2021-11-12,2021-11-13,completed,1,,0,,0
eLife72369,Research Article,Typesetter Review,2,Jincy Joyen,2021-11-16,2021-11-17,2021-11-17,completed,,,0,,0
eLife72375,Research Article,Author Review,1,Author,2021-10-21,2021-10-25,2021-10-21,completed,,,0,,0
eLife72375,Research Article,Author Review,2,Author,2021-11-01,2021-11-03,2021-11-05,completed,2,,0,,0
eLife72375,Research Article,Copyediting,1,Imraan,2021-10-04,2021-10-05,2021-10-09,completed,4,,0,,0
eLife72375,Research Article,Pre-editing,1,Sanchana Elumalai,2021-10-04,2021-10-05,2021-10-04,completed,,,0,,0
eLife72375,Research Article,Publisher Review,1,Kriya Access,2021-11-01,2021-11-02,2021-11-01,completed,,,0,,0
eLife72375,Research Article,Publisher Review,2,Editorial Office,2021-11-05,2021-11-06,2021-11-05,completed,,,0,,0
eLife72375,Research Article,Publisher Review,3,Kriya Access,2021-11-12,2021-11-15,2021-11-15,completed,,,0,,0
eLife72375,Research Article,Publisher Review,4,Ranjithkumar Murugan,2021-11-18,2021-11-19,,in-progress,,,0,,0
eLife72375,Research Article,Typesetter Check,1,Sandhiya Raghuraman,2021-10-11,2021-10-12,2021-10-11,completed,,1,0,,0
eLife72375,Research Article,Typesetter Review,1,Sandhiya Raghuraman,2021-10-21,2021-10-22,2021-11-01,completed,6,2,3,,0
eLife72375,Research Article,Typesetter Review,4,Shanmugapriya Janarthanam,2021-11-05,2021-11-08,2021-11-12,completed,4,2,0,,0
eLife72375,Research Article,Typesetter Review,7,Ranjithkumar Murugan,2021-11-15,2021-11-16,2021-11-18,completed,2,3,1,,0
eLife72375,Research Article,Waiting for Assets,1,Exeter,2021-10-11,2021-10-12,2021-10-21,completed,7,,0,,0
eLife72377,Research Article,Author Review,1,Laura Arribas-Hernández,2021-10-04,2021-10-06,2021-10-18,completed,8,,0,,0
eLife72377,Research Article,Author Review,2,Author,2021-10-27,2021-10-29,2021-11-01,completed,1,,0,,0
eLife72377,Research Article,Copyediting,1,Sanjay,2021-10-01,2021-10-04,2021-10-04,completed,,,0,,0
eLife72377,Research Article,Pre-editing,1,Sanchana Elumalai,2021-09-30,2021-10-01,2021-10-01,completed,,2,0,,0
eLife72377,Research Article,Publisher Review,1,Editorial Office,2021-10-26,2021-10-27,2021-10-26,completed,,,0,,0
eLife72377,Research Article,Publisher Review,2,Editorial Office,2021-10-27,2021-10-28,2021-10-27,completed,,,0,,0
eLife72377,Research Article,Publisher Review,3,Editorial Office,2021-11-01,2021-11-02,2021-11-02,completed,,,0,,0
eLife72377,Research Article,Publisher Review,4,Editorial Office,2021-11-09,2021-11-10,2021-11-09,completed,,,0,,0
eLife72377,Research Article,Typesetter Check,1,Sandhiya Raghuraman,2021-10-04,2021-10-05,2021-10-04,completed,,,0,,0
eLife72377,Research Article,Typesetter Review,1,Priyanka Balan,2021-10-18,2021-10-19,2021-10-26,completed,5,1,6,,0
eLife72377,Research Article,Typesetter Review,3,Sanchana Elumalai,2021-10-26,2021-10-27,2021-10-27,completed,,,0,,0
eLife72377,Research Article,Typesetter Review,4,Gowtham Ram R,2021-11-02,2021-11-03,2021-11-09,completed,4,2,6,,0
eLife72377,Research Article,Typesetter Review,7,Gowtham Ram R,2021-11-09,2021-11-10,2021-11-12,completed,2,2,2,,0
eLife72456,Research Article,Copyediting,1,Sanjay,2021-11-16,2021-11-17,,in-progress,,,0,,0
eLife72456,Research Article,Pre-editing,1,Sanchana Elumalai,2021-11-15,2021-11-16,2021-11-16,completed,,,0,2,1
eLife72477,Research Article,Author Review,1,Pradheep K,2021-11-17,2021-11-19,2021-11-19,completed,,,0,,0
eLife72477,Research Article,Author Review,2,Sergio Álvarez-Parra,2021-11-17,2021-11-19,,in-progress,,,0,,0
eLife72477,Research Article,Copyediting,1,Deepa,2021-11-10,2021-11-11,2021-11-17,completed,4,,0,,0
eLife72477,Research Article,Pre-editing,1,Sanchana Elumalai,2021-11-09,2021-11-10,2021-11-10,completed,,,0,,0
eLife72477,Research Article,Typesetter Check,1,Pradheep K,2021-11-17,2021-11-18,2021-11-17,completed,,1,0,,0
eLife72477,Research Article,Typesetter Check,2,Pradheep K,2021-11-17,2021-11-18,2021-11-17,completed,,,0,,0
eLife72568,Research Article,Copyediting,1,Imraan,2021-11-08,2021-11-09,2021-11-11,completed,2,,0,,0
eLife72568,Research Article,Pre-editing,1,Pradheep K,2021-11-05,2021-11-08,2021-11-06,completed,,1,0,,0
eLife72568,Research Article,Typesetter Check,1,Sandhiya Raghuraman,2021-11-11,2021-11-12,2021-11-11,completed,,1,0,,0
eLife72568,Research Article,Waiting for Assets,1,Exeter,2021-11-11,2021-12-10,,in-progress,,,0,,0
eLife72573,Research Article,Author Review,1,Author,2021-11-18,2021-11-20,,in-progress,,,0,,0
eLife72573,Research Article,Copyediting,1,Bharathi,2021-11-01,2021-11-02,2021-11-03,completed,1,,0,,0
eLife72573,Research Article,Pre-editing,1,Muthukumar Balachandran,2021-10-29,2021-11-01,2021-11-01,completed,,1,0,,0
eLife72573,Research Article,Typesetter Check,1,Sandhiya Raghuraman,2021-11-03,2021-11-04,2021-11-03,completed,,,0,,0
eLife72573,Research Article,Waiting for Assets,1,Exeter,2021-11-03,2021-12-02,2021-11-18,completed,,,0,,0
eLife72798,Research Article,Author Review,1,Tingting Yao,2021-11-16,2021-11-18,,in-progress,,,0,,0
eLife72798,Research Article,Copyediting,1,Bharathi,2021-11-12,2021-11-15,2021-11-15,completed,,,0,,0
eLife72798,Research Article,Pre-editing,1,Sandhiya Raghuraman,2021-11-11,2021-11-12,2021-11-12,completed,,1,0,,0
eLife72798,Research Article,Typesetter Check,1,Sandhiya Raghuraman,2021-11-15,2021-11-16,2021-11-16,completed,,1,0,,0
eLife72841,Research Article,Copyediting,1,Prabhat Negi,2021-11-01,2021-11-02,2021-11-10,completed,6,,0,,0
eLife72841,Research Article,Pre-editing,1,Balakrishnan Esakimuthu,2021-10-29,2021-11-01,2021-11-01,completed,,1,0,,0
eLife72841,Research Article,Typesetter Check,1,Sandhiya Raghuraman,2021-11-10,2021-11-11,,in-progress,,,0,1,6
eLife72881,Research Article,Author Review,1,Sally Horne-Badovinac,2021-11-12,2021-11-16,2021-11-15,completed,,,0,,0
eLife72881,Research Article,Copyediting,1,Bharathi,2021-11-09,2021-11-10,2021-11-10,completed,,,0,,0
eLife72881,Research Article,Final Deliverables,1,James Gilbert,2021-11-16,2021-11-17,,in-progress,,,0,,0
eLife72881,Research Article,Pre-editing,1,Sandhiya Raghuraman,2021-11-08,2021-11-09,2021-11-09,completed,,2,0,,0
eLife72881,Research Article,Publisher Review,1,James Gilbert,2021-11-15,2021-11-16,2021-11-16,completed,,,0,,0
eLife72881,Research Article,Typesetter Check,1,Shanmugapriya Janarthanam,2021-11-10,2021-11-11,2021-11-12,completed,1,,0,,0
eLife72881,Research Article,Typesetter Review,1,Sanchana Elumalai,2021-11-15,2021-11-16,2021-11-15,completed,,,0,,0
eLife72919,Research Article,Pre-editing,1,Sandhiya Raghuraman,2021-11-17,2021-11-18,,in-progress,,,0,,0
eLife73027,Research Article,Pre-editing,1,Sarmila Thangasamy,2021-11-16,2021-11-17,,in-progress,,2,1,,0
eLife73368,Research Article,Copyediting,1,Deepa,2021-11-15,2021-11-16,2021-11-18,completed,2,,0,,0
eLife73368,Research Article,Pre-editing,1,Sandhiya Raghuraman,2021-11-05,2021-11-08,2021-11-15,completed,5,3,0,,0
eLife73368,Research Article,Typesetter Check,1,Deepa,2021-11-18,2021-11-19,,in-progress,,,0,,0
eLife73430,Research Article,Author Review,1,Timothy M Errington,2021-11-17,2021-11-19,,in-progress,,,0,,0
eLife73430,Research Article,Copyediting,1,Bharathi,2021-11-16,2021-11-17,2021-11-17,completed,,,0,,0
eLife73430,Research Article,Pre-editing,1,Sandhiya Raghuraman,2021-11-15,2021-11-16,2021-11-16,completed,,1,0,,0
eLife73430,Research Article,Typesetter Check,1,Sandhiya Raghuraman,2021-11-17,2021-11-18,2021-11-17,completed,,,0,,0
eLife73535,Research Article,Copyediting,1,Bharathi,2021-11-15,2021-11-16,2021-11-17,completed,1,,0,,0
eLife73535,Research Article,Pre-editing,1,Sandhiya Raghuraman,2021-11-15,2021-11-16,2021-11-15,completed,,3,0,,0
eLife73753,Research Article,Copyediting,1,Imraan,2021-11-17,2021-11-18,,in-progress,,,0,,0
eLife73753,Research Article,Pre-editing,1,Shanmugapriya Janarthanam,2021-11-15,2021-11-16,2021-11-17,completed,1,,0,,0
eLife73984,Research Article,Author Review,1,Amy K Barczak,2021-11-15,2021-11-17,2021-11-18,completed,1,,0,,0
eLife73984,Research Article,Copyediting,1,Priya,2021-11-15,2021-11-16,2021-11-13,completed,,,0,,0
eLife73984,Research Article,Pre-editing,1,Sandhiya Raghuraman,2021-11-12,2021-11-15,2021-11-13,completed,,,0,,0
eLife73984,Research Article,Publisher Review,1,Gowtham Ram R,2021-11-18,2021-11-19,,in-progress,,,0,,0
eLife73984,Research Article,Typesetter Check,1,Shanmugapriya Janarthanam,2021-11-15,2021-11-16,2021-11-15,completed,,,0,,0
eLife73984,Research Article,Typesetter Review,1,Gowtham Ram R,2021-11-18,2021-11-19,2021-11-18,completed,,,0,,0
eLife74005,Research Article,Author Review,1,Author,2021-11-08,2021-11-10,2021-11-11,completed,1,,0,,0
eLife74005,Research Article,Copyediting,1,Deepa,2021-10-20,2021-10-21,2021-10-24,completed,2,,0,,0
eLife74005,Research Article,Final Deliverables,1,James Gilbert,2021-11-17,2021-11-18,2021-11-17,completed,,,0,,0
eLife74005,Research Article,Pre-editing,1,Shanmugapriya Janarthanam,2021-10-18,2021-10-19,2021-10-20,completed,1,1,0,,0
eLife74005,Research Article,Publisher Review,1,Kriya Access,2021-11-12,2021-11-15,2021-11-15,completed,,,0,,0
eLife74005,Research Article,Publisher Review,2,James Gilbert,2021-11-17,2021-11-18,2021-11-17,completed,,,0,,0
eLife74005,Research Article,Publisher Review,3,James Gilbert,2021-11-17,2021-11-18,2021-11-17,completed,,,0,,0
eLife74005,Research Article,Typesetter Check,1,Sanchana Elumalai,2021-10-25,2021-10-26,2021-10-25,completed,,,0,,0
eLife74005,Research Article,Typesetter Review,1,Sandhiya Raghuraman,2021-11-11,2021-11-12,2021-11-12,completed,,1,0,,0
eLife74005,Research Article,Typesetter Review,3,Shanmugapriya Janarthanam,2021-11-15,2021-11-16,2021-11-17,completed,1,1,0,,0
eLife74005,Research Article,Typesetter Review,5,Shanmugapriya Janarthanam,2021-11-17,2021-11-18,,in-progress,,,0,,0
eLife74005,Research Article,Waiting for Assets,1,Sanchana Elumalai,2021-10-25,2021-10-26,2021-11-08,completed,9,,0,,0
eLife74276,Research Article,Author Review,1,Enfu Hui,2021-11-08,2021-11-10,2021-11-11,completed,1,,0,,0
eLife74276,Research Article,Copyediting,1,Imraan,2021-11-05,2021-11-08,2021-11-08,completed,,,0,,0
eLife74276,Research Article,Pre-editing,1,Sanchana Elumalai,2021-11-05,2021-11-08,2021-11-05,completed,,,0,,0
eLife74276,Research Article,Publisher Review,1,James Gilbert,2021-11-11,2021-11-12,2021-11-11,completed,,,0,,0
eLife74276,Research Article,Publisher Review,2,James Gilbert,2021-11-12,2021-11-15,2021-11-12,completed,,,0,,0
eLife74276,Research Article,Typesetter Check,1,Sandhiya Raghuraman,2021-11-08,2021-11-09,2021-11-08,completed,,,0,,0
eLife74276,Research Article,Typesetter Review,1,Priyanka Balan,2021-11-11,2021-11-12,2021-11-11,completed,,,0,,0
eLife74276,Research Article,Typesetter Review,2,Shanmugapriya Janarthanam,2021-11-11,2021-11-12,2021-11-12,completed,,,0,,0
eLife74358,Research Article,Author Review,1,Sarah A Stanley,2021-11-16,2021-11-18,,in-progress,,,0,,0
eLife74358,Research Article,Copyediting,1,Imraan,2021-11-12,2021-11-15,2021-11-14,completed,,,0,,0
eLife74358,Research Article,Pre-editing,1,Exeter,2021-11-09,2021-11-10,2021-11-09,completed,,,0,,0
eLife74358,Research Article,Pre-editing,2,Exeter,2021-11-09,2021-11-10,2021-11-09,completed,,,0,,0
eLife74358,Research Article,Pre-editing,3,Sanchana Elumalai,2021-11-09,2021-11-10,2021-11-12,completed,2,1,0,,0
eLife74358,Research Article,Typesetter Check,1,Sandhiya Raghuraman,2021-11-15,2021-11-16,2021-11-16,completed,,1,1,,0
eLife74493,Research Article,Author Review,1,Judit K Makara,2021-11-15,2021-11-17,2021-11-17,completed,,,0,,0
eLife74493,Research Article,Copyediting,1,Imraan,2021-11-10,2021-11-11,2021-11-12,completed,1,,0,,0
eLife74493,Research Article,Pre-editing,1,Sandhiya Raghuraman,2021-11-09,2021-11-10,2021-11-10,completed,,1,0,,0
eLife74493,Research Article,Publisher Review,1,Frederick Atherden,2021-11-17,2021-11-18,2021-11-17,completed,,,0,,0
eLife74493,Research Article,Typesetter Check,1,Sandhiya Raghuraman,2021-11-12,2021-11-15,2021-11-13,completed,,,0,,0
eLife74493,Research Article,Typesetter Review,1,Shanmugapriya Janarthanam,2021-11-17,2021-11-18,2021-11-17,completed,,1,0,,0
eLife74493,Research Article,Typesetter Review,3,Sandhiya Raghuraman,2021-11-17,2021-11-18,,in-progress,,,0,,0
eLife74551,Insight,Author Review,1,Yuki Oka,2021-11-12,2021-11-16,2021-11-13,completed,,,0,,0
eLife74551,Insight,Feature Review,1,Julia Deathridge,2021-11-13,2021-11-16,2021-11-15,completed,,,0,,0
eLife74551,Insight,Final Deliverables,1,James Gilbert,2021-11-17,2021-11-18,,in-progress,,,0,,0
eLife74551,Insight,Pre-editing,1,Sandhiya Raghuraman,2021-11-11,2021-11-12,2021-11-12,completed,,1,0,,0
eLife74551,Insight,Publisher Check,1,James Gilbert,2021-11-12,2021-11-15,2021-11-12,completed,,,0,,0
eLife74551,Insight,Publisher Review,1,James Gilbert,2021-11-16,2021-11-17,2021-11-16,completed,,,0,,0
eLife74551,Insight,Publisher Review,2,James Gilbert,2021-11-17,2021-11-18,2021-11-17,completed,,,0,,0
eLife74551,Insight,Typesetter Review,1,Muthukumar Balachandran,2021-11-15,2021-11-16,2021-11-16,completed,,2,0,,0
eLife74551,Insight,Typesetter Review,4,Deepika Nagarajan,2021-11-16,2021-11-17,2021-11-17,completed,,2,0,,0
eLife74744,Insight,Pre-editing,1,Sandhiya Raghuraman,2021-11-18,2021-11-19,2021-11-18,completed,,,0,,0
eLife74744,Insight,Publisher Check,1,Sandhiya Raghuraman,2021-11-18,2021-11-19,,in-progress,,,0,,0
eLife75278,Correction,Pre-editing,1,Sandhiya Raghuraman,2021-11-05,2021-11-08,2021-11-06,completed,,5,0,,0
eLife75278,Correction,Publisher Review,1,Claudia Griffiths,2021-11-08,2021-11-09,2021-11-08,completed,,,0,,0
eLife75278,Correction,Publisher Review,2,Claudia Griffiths,2021-11-09,2021-11-10,2021-11-09,completed,,,0,,0
eLife75278,Correction,Publisher Review,3,Claudia Griffiths,2021-11-10,2021-11-11,2021-11-12,completed,1,,0,1,0
eLife75278,Correction,Typesetter Review,1,Sandhiya Raghuraman,2021-11-08,2021-11-09,2021-11-09,completed,,1,0,,0
eLife75278,Correction,Typesetter Review,3,Sandhiya Raghuraman,2021-11-09,2021-11-10,2021-11-10,completed,,1,0,,0
eLife75278,Correction,Typesetter Review,5,Sandhiya Raghuraman,2021-11-13,2021-11-13,2021-11-15,completed,,5,2,,0
