Article,Word Count,Exclude Reference,Days in production,Current Stage,Article Type,Assignee,Times at Support,Days in Support,Times at Hold,Days in Hold,Accepted Date,Exported Date,Pre-editing,Copyediting,Publisher Check,Waiting for Assets,Typesetter QA,Author Review,Post Author Validation,Publisher Review,Author,Rating,Additional Comments
37925, 15607, 10343, 1121, Post Author Validation, Research article, Balakrishnan,,,,, 2018-10-22, 2018-10-23, 2018-10-23, 2018-10-24, 2018-10-25, 2018-10-29, 2018-10-26, 2018-11-08, 2021-04-12, 2021-04-12,,,""
44760, 15992, 11532, 929, Post Author Validation, Research article, Shanmugapriya,,,,, 2019-05-03, 2019-05-03, 2019-05-03, 2019-05-10, 2019-05-15, , 2019-05-15, 2019-05-29, 2021-11-08, 2021-11-08,,,""
53824,14383,13084,2,Author Review,Research Article,Author,1,0,,0,2021-11-10,2021-11-13,2021-11-13,2021-11-13,,2021-11-15,2021-11-15,2021-11-16,,,,,
58148,546,546,2,Pre-editing,Research Article,Ranjithkumar Murugan,,0,,0,2021-11-08,2021-11-15,2021-11-15,,,,,,,,,,
59912,24612,21354,7,Author Review,Research Article,Irina Kaverina,3,0,,0,2021-11-08,2021-11-08,2021-11-09,2021-11-09,,,2021-11-15,2021-11-15,,,,,
61475,34380,31704,8,Author Review,Research Article,Jan Clemens,3,0,,0,2021-11-03,2021-11-05,2021-11-08,2021-11-09,,,2021-11-16,2021-11-16,,,,,
62084, 29204, 19518, 188, Author Review, Research article, Author,,,,, 2021-05-12, 2021-05-13, 2021-05-13, 2021-05-17, , 2021-05-20, 2021-05-18, 2021-05-20, , 2021-05-26,,,""
62469, 16566, 11863, 28, Post Author Validation, Research article, Shanmugapriya,,,,, 2021-10-16, 2021-10-20, 2021-10-20, 2021-10-27, , , 2021-10-25, 2021-10-28, 2021-11-16, 2021-11-01,bert.maier@charite.de,GOOD,"None"
62567,35215,31610,5,Copyediting,Research Article,Deepa,,0,,0,2021-11-03,2021-11-10,2021-11-10,2021-11-12,,,,,,,,,
62644, 14471, 10075, 135, -, Research article, ,,,,, 2021-07-02, 2021-07-05, 2021-07-05, 2021-07-06, , 2021-07-07, 2021-07-08, 2021-08-13, 2021-08-12, 2021-08-31,wellenk@upenn.edu,NEUTRAL,"It took a long time to complete the proofs even after I knew what changes needed to be made."
62687,21560,19252,14,Final Deliverables,Research Article,Balakrishnan Esakimuthu,2,0,1,1,2021-10-25,2021-10-28,2021-10-28,2021-10-29,,,2021-11-02,2021-11-02,2021-11-05,2021-11-11,Hillel Adesnik,Good,
63720,23328,21015,22,Typesetter Review,Tools and Resources,Joysan S,,0,,0,2021-10-14,2021-10-16,2021-10-27,2021-10-27,,,2021-11-01,2021-11-01,2021-11-08,2021-11-08,Ann Kennedy,Okay,"Making edits to text/references was suuuuuper laggy. A few of my references were misformatted, and only the first author name had been included- that on its own may have been an issue with my citation management software, but on Kriyadoc's end, adding the remaining authors was painfully slow. I often had to wait several minutes for each added author's name to appear after I had typed it. This lag seemed to get longer the more fields I added to a citation."
63782,26321,22791,7,Typesetter Check,Research Article,unassigned,,0,,0,2021-11-05,2021-11-08,2021-11-08,2021-11-13,,,2021-11-17,,,,,,
63835, 21360, 13723, 331, Publisher Review, Research article, James,,,,, 2020-12-19, 2020-12-21, 2020-12-21, 2020-12-23, , , 2020-12-24, 2020-12-28, 2020-12-29, 2021-11-12,philipp.kaldis@med.lu.se,GREAT,"Thank you for the nice proofs!"
64175,19563,18116,26,Typesetter Review,Research Article,unassigned,,0,,0,2021-10-11,2021-10-12,2021-10-12,2021-10-14,,2021-10-20,2021-10-19,2021-11-10,2021-11-12,2021-11-15,,,
64695,29264,24589,12,Typesetter Review,Research Article,Gowtham Ram R,3,2,,0,2021-10-29,2021-11-01,2021-11-01,2021-11-02,,,2021-11-10,2021-11-10,2021-11-15,,Paul J Mathews,Neutral,"It was a bit clunky to make edits. Often times, deleting characters took several presses of the delete button."
64812,22053,18338,13,Waiting for Assets,Research Article,Exeter,2,2,,0,2021-10-27,2021-10-29,2021-11-08,2021-11-09,,2021-11-11,2021-11-10,,,,,,
64860,22055,17023,6,Author Review,Research Article,Kaya Alaattin,2,1,,0,2021-11-04,2021-11-09,2021-11-10,2021-11-10,,,2021-11-16,2021-11-16,,,,,
65109,22486,17537,11,Final Deliverables,Research Article,Balakrishnan Esakimuthu,1,0,,0,2021-10-28,2021-11-02,2021-11-03,2021-11-03,,,2021-11-06,2021-11-15,2021-11-10,2021-11-10,Christopher M Sassetti,Okay,
65110,23012,20354,8,Final Deliverables,Research Article,unassigned,1,1,,0,2021-11-03,2021-11-05,2021-11-05,2021-11-05,,,2021-11-09,2021-11-16,2021-11-12,2021-11-12,Andrew J Olive,Poor,There were many spacing issues with the greek characters missing spaces between letters throughout that were overlooked. We would appreciate 1 more look after these changes have been finalized and incorportaed
65297,17064,15599,12,Author Review,Research Article,Author,4,0,,0,2021-11-01,2021-11-01,2021-11-02,2021-11-03,,2021-11-09,2021-11-09,2021-11-11,,,,,
65566,24364,22868,18,Typesetter Review,Research Article,Gowtham Ram R,7,2,,0,2021-10-22,2021-10-22,2021-10-28,2021-10-29,,,2021-11-01,2021-11-12,2021-11-05,2021-11-05,Agnès Landemard,Good,"It would be nice to be able to modify the proof, several authors at a time !"
65601,11150,9500,13,Typesetter Review,Research Article,Gowtham Ram R,,0,,0,2021-10-28,2021-10-29,2021-10-29,2021-10-29,,,2021-11-02,2021-11-02,2021-11-16,,Shipra Bhatia,Great,
66039,103953,92347,47,Hold,Research Article,Frederick Atherden,16,24,1,0,2021-09-07,2021-09-11,2021-09-28,,,,2021-11-01,,2021-11-12,2021-11-02,,,
66107,17289,14226,5,Copyediting,Research Article,Deepa,,0,,0,2021-11-09,2021-11-10,2021-11-10,2021-11-12,,,,,,,,,
66194,20688,18965,11,Typesetter Review,Research Article,Gowtham Ram R,3,0,,0,2021-10-18,2021-11-02,2021-11-03,2021-11-03,,,2021-11-08,2021-11-08,2021-11-13,,Richard S Lewis,Okay,"Uploading figures in a format that displayed well in the compressed web view and in the compiled pdf was very laborious and in the end, impossible. The software had other shortcomings: it was not possible to add a section to the Methods, or to delete lines from the Key Resources Table, or revise the Authors Contributions, which had production errors. The Article title listed above is also garbled. I think this proofing software needs to be improved. I have noted a number of things as queries that need to be corrected, and I would like to see the final proof before it is officially posted online. Thanks!"
66276,22597,20838,27,Publisher Review,Research Article,James Gilbert,6,1,,0,2021-10-09,2021-10-11,2021-10-13,2021-10-13,,,2021-10-19,2021-10-19,2021-10-22,2021-10-22,Tim Rogers,Great,
66574,6268,5496,2,Copyediting,Research Advance,Deepa,,0,,0,2021-11-12,2021-11-15,2021-11-15,2021-11-16,,,,,,,,,
66609,17309,15234,35,Final Deliverables,Research Article,unassigned,,0,,0,2021-09-28,2021-09-29,2021-09-29,2021-09-30,,2021-10-04,2021-10-02,2021-10-20,2021-10-22,2021-10-22,Author,Good,
66716,17632,14644,11,Pre-editing,Tools and Resources,Kameshwaran Deivasigamani,,0,,0,2021-11-01,2021-11-02,2021-11-12,,,,,,,,,,
66721,30150,28390,34,Final Deliverables,Research Article,Balakrishnan Esakimuthu,7,2,3,6,2021-09-29,2021-09-30,2021-10-04,2021-10-05,,2021-10-07,2021-10-07,2021-10-27,2021-11-02,2021-11-10,Author,Good,
66809,24305,21572,22,Typesetter Review,Tools and Resources,Gowtham Ram R,4,3,,0,2021-10-16,2021-10-18,2021-10-20,2021-10-20,,,2021-11-01,2021-11-12,2021-11-03,2021-11-05,,,
66973,16853,14218,10,Waiting for Assets,Research Article,Exeter,,0,,0,2021-11-02,2021-11-03,2021-11-03,2021-11-05,,2021-11-08,2021-11-07,,,,,,
67256,23275,20530,10,Typesetter Review,Research Article,Shanmugapriya Janarthanam,2,0,,0,2021-10-28,2021-11-03,2021-11-05,2021-11-06,,,2021-11-11,2021-11-12,2021-11-16,,,,
67304,27358,22742,10,Typesetter Review,Research Article,Shanmugapriya Janarthanam,5,1,,0,2021-10-24,2021-11-03,2021-11-05,2021-11-06,,,2021-11-11,2021-11-11,2021-11-13,2021-11-15,P Christiaan Klink,Great,Great communication. Edits were clearly marked so easy to check. One of the better proof-checking experiences so far.
67397, 15406, 8779, 42, Post Author Validation, Research article, Sandhiya,,,,, 2021-09-07, 2021-10-06, 2021-10-06, 2021-10-12, , , 2021-10-11, 2021-10-15, 2021-10-12, 2021-10-19,,,""
67485,28208,25404,11,Author Review,Research Article,Mathias Scharmann,3,0,,0,2021-10-27,2021-11-02,2021-11-03,2021-11-03,,,2021-11-06,2021-11-08,,,,,
67516,50893,46647,13,Final Deliverables,Research Article,unassigned,2,0,,0,2021-10-22,2021-10-29,2021-11-01,2021-11-01,,,2021-11-05,2021-11-05,2021-11-11,2021-11-12,,,
67527, 15832, 9639, 79, Publisher Check, Feature Article, Naushin,,,,, 2021-08-27, 2021-08-30, 2021-08-30, , 2021-09-03, , 2021-09-03, 2021-09-03, , 2021-09-06,,,""
67565,18803,14543,2,Copyediting,Research Article,Deepa,,0,,0,2021-11-13,2021-11-15,2021-11-15,2021-11-16,,,,,,,,,
67660,17667,15350,15,Author Review,Research Article,Sadao Ota,,0,,0,2021-10-26,2021-10-27,2021-10-27,2021-10-28,,,2021-11-01,2021-11-01,,,,,
67952,17593,15772,7,Typesetter Check,Research Article,Sandhiya Raghuraman,1,0,,0,2021-11-06,2021-11-08,2021-11-12,2021-11-15,,,2021-11-16,,,,,,
67995,23957,23957,2,Pre-editing,Feature Article,unassigned,,0,,0,2021-07-20,2021-11-15,2021-11-17,,,,,,,,,,
68000,13946,11589,25,Hold,Research Article,Editorial Office,,0,,0,2021-10-12,2021-10-13,2021-10-13,2021-10-14,,,2021-10-16,2021-10-18,2021-10-21,,Sebastian Jessberger,Good,
68015,20019,18530,14,Typesetter Review,Short Report,unassigned,,0,,0,2021-10-23,2021-10-28,2021-10-29,2021-11-01,,2021-11-03,2021-11-03,2021-11-11,2021-11-16,2021-11-16,Author,Good,
68080,16825,14293,11,Hold,Research Article,Naushin Thomson,3,2,,0,2021-10-29,2021-11-02,2021-11-03,2021-11-03,,,2021-11-05,2021-11-05,2021-11-09,2021-11-10,Steven Roberts,Great,
68179, 25388, 17017, 37, -, Research article, ,,,,, 2021-10-09, 2021-10-11, 2021-10-11, 2021-10-18, 2021-10-12, , , 2021-10-26, 2021-11-01, 2021-11-02,M.D.C.Belle@exeter.ac.uk,GREAT,"None"
68316,10267,8571,10,Final Deliverables,Research Article,unassigned,3,0,1,0,2021-10-30,2021-11-03,2021-11-05,2021-11-05,,,2021-11-11,2021-11-11,2021-11-13,2021-11-16,Tim Janicke,Great,
68341,17783,16251,8,Copyediting,Research Article,Imraan,4,3,1,2,2021-11-04,2021-11-05,2021-11-15,2021-11-15,,,,,,,,,
68344, 19087, 14258, 97, Post Author Validation, Research article, Sandhiya,,,,, 2021-08-09, 2021-08-12, 2021-08-12, 2021-08-16, , , 2021-08-17, 2021-08-17, 2021-11-16, 2021-08-25,jeffrey.wammes@queensu.ca,GOOD,"None"
68369, 17777, 12532, 29, Post Author Validation, Research article, Sandhiya,,,,, 2021-10-14, 2021-10-19, 2021-10-19, 2021-10-27, , , 2021-10-22, 2021-11-15, 2021-11-16, 2021-11-16,,,""
68401,26939,26939,2,Pre-editing,Research Article,Chandru S,1,0,,0,2021-11-13,2021-11-15,2021-11-16,,,,,,,,,,
68544,20388,17404,2,Typesetter Check,Research Article,unassigned,,0,,0,2021-11-08,2021-11-13,2021-11-13,2021-11-13,,,2021-11-16,,,,,,
68584,21162,18349,2,Copyediting,Research Article,Priya,,0,,0,2021-11-13,2021-11-15,2021-11-15,2021-11-16,,,,,,,,,
68590,24710,21767,5,Copyediting,Research Article,Priya,1,0,1,3,2021-11-09,2021-11-10,2021-11-15,2021-11-16,,,,,,,,,
68605,23992,22365,2,Copyediting,Research Article,unassigned,,0,,0,2021-11-11,2021-11-15,2021-11-15,2021-11-15,,,,,,,,,
68623,25341,20507,2,Pre-editing,Research Article,Shanmugapriya Janarthanam,1,0,,0,2021-11-12,2021-11-15,2021-11-16,,,,,,,,,,
68653,15190,13575,15,Copyediting,Research Article,Imraan,9,7,,0,2021-10-26,2021-10-27,2021-11-09,2021-11-09,,,,,,,,,
69015,19900,17307,7,Final Deliverables,Research Article,unassigned,3,0,,0,2021-11-06,2021-11-08,2021-11-09,2021-11-10,,,2021-11-12,2021-11-12,2021-11-15,2021-11-16,Stefano Biffo,Good,
69056,11130,8944,22,Final Deliverables,Short Report,unassigned,,0,2,3,2021-10-14,2021-10-16,2021-10-19,2021-10-20,,,2021-10-23,2021-10-25,2021-08-21,2021-11-01,,,
69079,23834,21101,13,Waiting for Assets,Research Article,Exeter,1,0,,0,2021-10-28,2021-10-29,2021-11-01,2021-11-02,,2021-11-08,2021-11-07,,,,,,
69181,21093,19987,18,Final Deliverables,Research Article,Balakrishnan Esakimuthu,6,3,,0,2021-10-21,2021-10-22,2021-10-28,2021-10-28,,,2021-11-01,2021-11-01,2021-11-08,2021-11-09,,,
69198,38667,34480,30,Final Deliverables,Research Article,unassigned,8,11,2,5,2021-10-04,2021-10-06,2021-10-15,2021-10-17,,,2021-10-27,2021-10-27,2021-11-02,2021-11-02,Julie Hussin,Neutral,"In your summary above, I see :Article title:A Ssex-Sspecific Eevolutionary Iinteraction Bbetween ADCY9 and CETPDecision letterAuthor response A Ssex-Sspecific Eevolutionary Iinteraction Bbetween ADCY9 and CETPDecision letterAuthor responseI hope this simply a bug of the website and not the final title?Thanks,Julie"
69236,18401,16885,1,Pre-editing,Research Article,Sanchana Elumalai,,0,,0,2021-11-14,2021-11-16,2021-11-16,,,,,,,,,,
69270,23823,21645,12,Typesetter Review,Research Article,Shanmugapriya Janarthanam,8,3,,0,2021-10-31,2021-11-01,2021-11-01,2021-11-06,,,2021-11-10,2021-11-10,2021-11-13,2021-11-13,,,
69302, 17421, 10692, 77, Post Author Validation, Research article, Shanmugapriya,,,,, 2021-09-01, 2021-09-01, 2021-09-01, 2021-09-07, 2021-09-02, , , 2021-09-21, 2021-11-16, 2021-11-16,aurelien.marc@inserm.fr,GREAT,"The author proofing system worked better on firefox than on google chrome for my part"
69324, 30675, 24521, 35, Post Author Validation, Research article, Sandhiya,,,,, 2021-10-11, 2021-10-13, 2021-10-13, 2021-10-28, 2021-10-14, 2021-10-29, , 2021-11-04, 2021-11-16, 2021-11-16,mstumpf@unimelb.edu.au,GOOD,"None"
69333,23929,22095,2,Pre-editing,Research Article,Sanchana Elumalai,1,0,,0,2021-11-12,2021-11-15,2021-11-16,,,,,,,,,,
69418,15587,13227,7,Author Review,Research Article,Author,,0,,0,2021-11-05,2021-11-08,2021-11-08,2021-11-09,,2021-11-12,2021-11-12,2021-11-16,,,,,
69433,16375,14453,8,Hold,Research Article,Claudia Griffiths,,0,,0,2021-11-01,2021-11-05,2021-11-05,2021-11-06,,,2021-11-07,2021-11-08,2021-11-11,,Jeffrey R Holt,Okay,"There were some glitches with the queries. I addressed all queries, but the system did not seem to accept my replies. Please double check and let me know if there are unresolved issues. Thanks."
69584,22705,18149,28,Typesetter Review,Research Article,Muthukumar Balachandran,,0,,0,2021-10-07,2021-10-08,2021-10-29,2021-10-29,,2021-11-03,2021-11-03,2021-11-04,2021-11-17,,Vincent J Lynch,Okay,
69740,16266,14607,53,Final Deliverables,Research Article,unassigned,5,1,2,1,2021-08-31,2021-09-03,2021-09-03,2021-09-04,,2021-09-08,2021-09-08,2021-09-28,2021-09-20,2021-09-22,Author,Okay,"It is difficult to fix the errors that link with citation. I have included the information in the queries, and also emailed to the production team."
69744,22383,19790,4,Copyediting,Research Article,Priya,2,0,,0,2021-11-10,2021-11-11,2021-11-16,2021-11-16,,,,,,,,,
69786,33320,28090,8,Typesetter Check,Research Article,unassigned,,0,,0,2021-11-04,2021-11-05,2021-11-13,2021-11-13,,,2021-11-17,,,,,,
69815,26703,23355,7,Publisher Review,Research Article,unassigned,3,0,,0,2021-11-04,2021-11-08,2021-11-09,2021-11-10,,,2021-11-15,2021-11-15,2021-11-16,2021-11-16,Damaris N Lorenzo,Great,
69832,33558,28981,13,Waiting for Assets,Research Article,Exeter,3,0,,0,2021-10-28,2021-10-29,2021-11-01,2021-11-02,,2021-11-05,2021-11-05,,,,,,
69843,749,749,1,Pre-editing,Research Article,Sanchana Elumalai,,0,,0,2021-11-15,2021-11-16,2021-11-16,,,,,,,,,,
69884, 13031, 10182, 23, Post Author Validation, Research article, Shanmugapriya,,,,, 2021-10-18, 2021-10-25, 2021-10-25, 2021-11-02, , , 2021-10-28, 2021-11-03, 2021-11-16, 2021-11-13,,,""
70021,19189,17562,7,Waiting for Assets,Research Article,Exeter,1,0,,0,2021-11-05,2021-11-08,2021-11-08,2021-11-09,,2021-11-11,2021-11-11,,,,,,
70046,27765,24948,4,Copyediting,Research Article,Sanjay,,0,,0,2021-11-10,2021-11-11,2021-11-11,2021-11-13,,,,,,,,,
70129,19804,17935,17,Typesetter Review,Research Advance,Gowtham Ram R,4,2,,0,2021-10-20,2021-10-25,2021-10-29,2021-10-29,,,2021-11-01,2021-11-02,2021-11-08,,David L Hocker,Neutral,"The proofing stage was somewhat confusing to me. It basic explanation had been provided in the proofing email that the system operated similar to the Google Doc's suggested edits feature, then I would have understood completely. Other than that, it was fine"
70130,19761,16327,16,Typesetter Review,Research Article,unassigned,,0,,0,2021-10-25,2021-10-26,2021-10-28,2021-10-28,,,2021-11-09,2021-11-09,2021-11-16,,Zhihui Wang,Good,Please see our reponse to Open Query #1. We would like to request another chance to review the proof. Thank you. 
70330,14965,11623,11,Typesetter Review,Research Article,Gowtham Ram R,2,0,,0,2021-11-02,2021-11-02,2021-11-03,2021-11-03,,,2021-11-08,2021-11-08,2021-11-11,2021-11-12,,,
70349,21846,17265,29,Typesetter Review,Research Article,unassigned,5,0,,0,2021-10-06,2021-10-07,2021-10-12,2021-10-13,,2021-10-18,2021-10-18,2021-11-16,2021-11-03,2021-11-09,,,
70372,12574,10750,50,Final Deliverables,Research Article,unassigned,3,1,3,1,2021-09-01,2021-09-08,2021-09-13,2021-09-13,,2021-09-15,2021-09-14,2021-09-16,2021-09-17,2021-09-20,Author,Poor,Very clunky tool. Had to redo things several times due to crashes.
70385,19470,16473,25,Final Deliverables,Research Article,Balakrishnan Esakimuthu,3,4,1,0,2021-10-12,2021-10-13,2021-10-18,2021-10-18,,2021-10-25,2021-10-25,2021-10-27,2021-10-28,2021-10-29,Robert L Judson-Torres,Great,
70447,27305,25330,19,Typesetter Review,Research Article,unassigned,,0,,0,2021-10-19,2021-10-21,2021-10-29,2021-10-29,,2021-11-02,2021-10-29,2021-11-10,2021-11-15,2021-11-15,Author,Good,
70504,23033,20719,16,Typesetter Review,Research Advance,unassigned,,0,,0,2021-10-25,2021-10-26,2021-10-28,2021-10-28,,,2021-11-03,2021-11-03,2021-11-16,,,,
70550,29134,26891,10,Waiting for Assets,Research Article,Exeter,3,0,,0,2021-11-02,2021-11-03,2021-11-05,2021-11-05,,2021-11-09,2021-11-09,,,,,,
70601,15055,12648,7,Typesetter Review,Research Article,Gowtham Ram R,2,0,,0,2021-11-08,2021-11-08,2021-11-10,2021-11-10,,2021-11-12,2021-11-11,2021-11-12,2021-11-15,,Author,Good,"This system works fairly well for proof review, though the colors of the figures are badly distored.We have been offered the chance to view a revised proof with corrections (esp. to the figures) so this is an interim sign-off. Thank you."
70608,19902,17343,31,Hold,Research Article,Claudia Griffiths,3,0,,0,2021-10-04,2021-10-05,2021-10-05,2021-10-06,,,2021-10-11,2021-10-11,2021-10-12,2021-10-12,Jody A Summers,Great,
70715,15417,14045,2,Copyediting,Research Article,Sanjay,,0,,0,2021-11-14,2021-11-15,2021-11-15,2021-11-16,,,,,,,,,
70779,23064,19000,2,Pre-editing,Research Article,Sandhiya Raghuraman,1,0,,0,2021-11-11,2021-11-15,2021-11-16,,,,,,,,,,
70843,10396,8959,8,Typesetter Review,Research Article,Gowtham Ram R,1,6,,0,2021-11-04,2021-11-05,2021-11-12,2021-11-12,,,2021-11-12,2021-11-13,2021-11-16,,Fredrik Edfors,Great,
70858,18406,16250,11,Waiting for Assets,Research Article,unassigned,,0,,0,2021-11-01,2021-11-02,2021-11-02,2021-11-03,,2021-11-08,2021-11-07,,,,,,
70899,27658,24918,16,Typesetter Review,Research Article,Shanmugapriya Janarthanam,4,3,,0,2021-10-26,2021-10-26,2021-10-26,2021-10-28,,,2021-11-01,2021-11-01,2021-11-10,2021-11-12,Martin Picard,Good,"Some glitches with approving Author Queries, but staff support was superb."
70934,21247,18661,26,Final Deliverables,Research Article,unassigned,1,0,,0,2021-09-30,2021-10-12,2021-10-18,2021-10-19,,,2021-10-23,2021-10-26,2021-11-11,2021-11-13,,,
70978,689,689,1,Pre-editing,Research Article,Sharmila Gunasekaran,,0,,0,2021-11-15,2021-11-16,2021-11-16,,,,,,,,,,
70982,26072,24539,4,Pre-editing,Research Article,Kameshwaran Deivasigamani,,0,,0,2021-11-09,2021-11-11,2021-11-13,,,,,,,,,,
70992,28336,24080,5,Copyediting,Research Article,Imraan,,0,,0,2021-11-09,2021-11-10,2021-11-10,2021-11-12,,,,,,,,,
71006,22490,18879,39,Typesetter Review,Research Article,Gowtham Ram R,12,14,1,3,2021-09-22,2021-09-23,2021-10-07,2021-10-07,,,2021-10-21,2021-10-22,2021-11-10,2021-11-10,,,
71077,19031,17121,4,Final Deliverables,Research Article,unassigned,1,0,,0,2021-11-10,2021-11-11,2021-11-12,2021-11-12,,,2021-11-13,2021-11-15,2021-11-15,2021-11-16,Alexander Soutschek,Great,
71131,11502,10618,7,Author Review,Research Advance,Author,2,0,,0,2021-11-07,2021-11-08,2021-11-09,2021-11-10,,2021-11-12,2021-11-12,2021-11-16,,,,,
71148,520,520,2,Pre-editing,Research Article,Sharmila Gunasekaran,,0,,0,2021-11-12,2021-11-15,2021-11-15,,,,,,,,,,
71171,799,799,1,Pre-editing,Research Article,Sanchana Elumalai,,0,,0,2021-11-15,2021-11-16,2021-11-17,,,,,,,,,,
71368,15199,13946,27,Final Deliverables,Research Article,unassigned,2,0,1,0,2021-10-08,2021-10-11,2021-10-14,2021-10-14,,2021-10-18,2021-10-15,2021-10-18,2021-10-23,2021-10-25,Author,Good,"a short instructional set would have helped, but this was really very nice and straightforward"
71379,20167,17837,12,Publisher Review,Research Article,Naushin Thomson,1,0,,0,2021-10-27,2021-11-01,2021-11-01,2021-11-02,,,2021-11-05,2021-11-06,2021-11-08,2021-11-09,Martine Cohen-Salmon,Good,
71385,522,522,1,Pre-editing,Research Article,Sanchana Elumalai,,0,,0,2021-11-15,2021-11-16,2021-11-16,,,,,,,,,,
71402,19900,17194,15,Waiting for Assets,Research Article,Exeter,3,0,,0,2021-10-26,2021-10-27,2021-10-28,2021-10-29,,2021-11-01,2021-11-01,,,,,,
71424,22839,17019,4,Copyediting,Research Article,Bharathi,3,0,,0,2021-11-09,2021-11-11,2021-11-15,2021-11-15,,,,,,,,,
71443,17038,15093,2,Copyediting,Research Article,Imraan,1,0,,0,2021-11-11,2021-11-15,2021-11-15,2021-11-15,,,,,,,,,
71575,20691,18071,22,Final Deliverables,Research Article,unassigned,8,3,,0,2021-10-13,2021-10-16,2021-10-20,2021-10-20,,,2021-10-29,2021-11-14,2021-11-09,2021-11-09,Isabel Perez-Otaño,Great,
71601,18822,15273,1,Copyediting,Research Article,Priya,2,0,,0,2021-10-16,2021-11-16,2021-11-16,2021-11-16,,,,,,,,,
71662,671,671,1,Pre-editing,Research Article,Sharmila Gunasekaran,,0,,0,2021-11-15,2021-11-16,2021-11-16,,,,,,,,,,
71725,19479,17929,2,Copyediting,Research Article,Imraan,,0,,0,2021-11-13,2021-11-15,2021-11-15,2021-11-16,,,,,,,,,
71747,22349,20387,2,Copyediting,Research Article,Sanjay,,0,,0,2021-11-11,2021-11-15,2021-11-15,2021-11-15,,,,,,,,,
71752,18713,16841,7,Copyediting,Tools and Resources,Bharathi,3,6,,0,2021-11-06,2021-11-08,2021-11-16,2021-11-16,,,,,,,,,
71968,19683,18601,13,Pre-editing,Research Article,unassigned,,0,,0,2021-10-26,2021-10-29,2021-11-16,,,,,,,,,,
71969,26153,24536,36,Typesetter Review,Tools and Resources,unassigned,,0,,0,2021-09-22,2021-09-28,2021-10-06,2021-10-07,,,2021-10-18,2021-11-01,2021-10-22,2021-10-22,Jorrit Steven Montijn,Poor,"There were numerous errors in the equations, the rendering is still faulty in some cases, I couldn't copy/paste sometimes (I tried both Chrome and Firefox), the interface crashed on me, it sometimes doesn't save changes, the equations in the content page don't always match the rendered pdf version, and the system is generally very slow and unresponsive."
71982,20669,18348,2,Copyediting,Research Article,Deepa,,0,,0,2021-11-09,2021-11-15,2021-11-15,2021-11-15,,,,,,,,,
72001,14988,13762,4,Pre-editing,Research Article,unassigned,,0,,0,2021-11-10,2021-11-11,2021-11-16,,,,,,,,,,
72030,21490,19153,1,Pre-editing,Research Article,unassigned,,0,,0,2021-11-14,2021-11-16,2021-11-17,,,,,,,,,,
72061,15919,13042,18,Typesetter Review,Research Article,Sanchana Elumalai,2,8,,0,2021-10-21,2021-10-22,2021-10-25,2021-10-25,,,2021-10-29,2021-10-29,2021-11-04,2021-11-05,Lisa E Kursel,Good,
72062,23941,20525,8,Publisher Review,Research Article,unassigned,3,0,,0,2021-11-03,2021-11-05,2021-11-05,2021-11-06,,,2021-11-13,2021-11-13,2021-11-16,2021-11-16,,,
72116,15701,13506,17,Waiting for Assets,Research Article,Exeter,1,0,1,0,2021-10-21,2021-10-25,2021-10-26,2021-10-26,,2021-10-29,2021-10-29,,,,,,
72129,750,750,1,Pre-editing,Tools and Resources,Sandhiya Raghuraman,,0,,0,2021-11-15,2021-11-16,2021-11-16,,,,,,,,,,
72132,32681,28068,12,Typesetter Review,Research Article,unassigned,,0,,0,2021-10-26,2021-11-01,2021-11-08,2021-11-08,,,2021-11-11,2021-11-11,2021-11-16,2021-11-16,,,
72185,13024,10417,5,Waiting for Assets,Feature Article,Exeter,3,1,,0,2021-11-07,2021-11-10,2021-11-10,,2021-11-11,2021-11-16,2021-11-16,,,,,,
72276,18653,15520,10,Typesetter Review,Research Article,Sandhiya Raghuraman,,0,,0,2021-11-01,2021-11-03,2021-11-03,2021-11-05,,,2021-11-07,2021-11-08,2021-11-09,2021-11-09,Wen Tang,Good,
72369,25800,24456,12,Typesetter Review,Research Article,Jincy Joyen,5,2,1,0,2021-10-31,2021-11-01,2021-11-05,2021-11-05,,,2021-11-10,2021-11-11,2021-11-11,2021-11-16,Yara Sanchez-Corrales,Okay,Various figure legends had been lost and not included which made the proof reading rather long and arduous...
72375,22226,18957,32,Typesetter Review,Research Article,Kavitha Priyadharshini,,0,,0,2021-09-25,2021-10-04,2021-10-04,2021-10-04,,2021-10-11,2021-10-11,2021-11-05,2021-10-29,2021-11-01,,,
72377,16300,13715,34,Hold,Research Article,Editorial Office,7,15,,0,2021-09-25,2021-09-30,2021-10-01,2021-10-01,,,2021-10-04,2021-11-01,2021-10-26,2021-10-26,Laura Arribas-Hernández,Poor,"The article was full of errors generated during editing, mainly style errors in legends (produced by not checking the style after copy+pasting from a pdf file) and references (we had to correct the style in about 2 out of 3 references, and one reference was incorrectly linked). Calls to supplemental figures were also wrong, and there were other mistakes scattered elsewhere.Generation of the pdf is extremely slow, and for the figures I could only generate it once after a lot of attempts, because it gave an error after waiting for several minutes all the other times. The generated .pdf of the main text often looked wrong and I had to exit the system and re-login to regenerate it again (with all the waiting every time), until it finally matched the corrections. As an example of that problem: the author contributions still look wrong in the generated pdf, not matching the options clicked on the system. Finally, the article title under Article summary in this window also looks wrong. Having to correct so many mistakes, and seeing things automatically generated look wrong (like references, the .pdf and the title in this window), give a lot of extra work and a very uneasy feeling about the quality of the final product."
72456,12351,10820,2,Copyediting,Research Article,Sanjay,,0,2,1,2021-11-11,2021-11-13,2021-11-15,2021-11-16,,,,,,,,,
72477,16048,13204,6,Typesetter Check,Research Article,unassigned,,0,,0,2021-11-08,2021-11-09,2021-11-09,2021-11-10,,,2021-11-17,,,,,,
72568,13988,11941,8,Waiting for Assets,Research Article,Exeter,2,0,,0,2021-11-04,2021-11-05,2021-11-06,2021-11-06,,2021-11-11,2021-11-11,,,,,,
72573,20835,18748,13,Waiting for Assets,Research Article,Exeter,1,0,,0,2021-10-28,2021-10-29,2021-11-01,2021-11-01,,2021-11-03,2021-11-03,,,,,,
72798,18279,15985,4,Author Review,Research Article,Tingting Yao,2,0,,0,2021-11-10,2021-11-11,2021-11-12,2021-11-12,,,2021-11-16,2021-11-16,,,,,
72841,17820,15694,13,Hold,Research Article,Sandhiya Raghuraman,1,0,,0,2021-10-27,2021-10-29,2021-11-01,2021-11-01,,,,,,,,,
72881,13833,12151,7,Final Deliverables,Research Article,unassigned,2,0,,0,2021-11-04,2021-11-08,2021-11-09,2021-11-09,,,2021-11-10,2021-11-12,2021-11-15,2021-11-15,Sally Horne-Badovinac,Good,
73027,928,928,1,Pre-editing,Research Article,Sandhiya Raghuraman,1,0,,0,2021-11-07,2021-11-16,2021-11-17,,,,,,,,,,
73368,17003,14859,8,Copyediting,Research Article,Deepa,3,0,,0,2021-11-03,2021-11-05,2021-11-11,2021-11-15,,,,,,,,,
73430,16736,14255,2,Copyediting,Research Article,Bharathi,1,0,,0,2021-11-14,2021-11-15,2021-11-16,2021-11-16,,,,,,,,,
73535,14433,12836,2,Copyediting,Research Article,Bharathi,3,0,,0,2021-11-12,2021-11-13,2021-11-15,2021-11-15,,,,,,,,,
73585,36949,33425,13,Pre-editing,Research Article,unassigned,,0,,0,2021-10-22,2021-10-29,2021-11-16,,,,,,,,,,
73682,9715,8531,8,Final Deliverables,Research Advance,Balakrishnan Esakimuthu,4,0,,0,2021-11-01,2021-11-05,2021-11-06,2021-11-08,,,2021-11-10,2021-11-10,2021-11-12,2021-11-12,Christian H Poth,Okay,"Thank you. In general, the typesetting was okay. However, there were a number of errors in the citations, where the core reference of the paper (Salinas et al., 2019, eLife) had been confused with a different reference (Salinas and Stanford, 2018, Scientific Reports)."
73753,1545,1545,2,Pre-editing,Research Article,Shanmugapriya Janarthanam,,0,,0,2021-11-12,2021-11-15,2021-11-15,,,,,,,,,,
73984,16046,13436,3,Author Review,Research Article,Amy K Barczak,,0,,0,2021-10-29,2021-11-12,2021-11-12,2021-11-13,,,2021-11-13,2021-11-15,,,,,
74005,14576,12005,22,Typesetter Review,Research Article,Shanmugapriya Janarthanam,3,0,,0,2021-10-15,2021-10-18,2021-10-20,2021-10-20,,2021-10-25,2021-10-24,2021-11-08,2021-11-12,2021-11-12,Author,Neutral,Can't provide comments back on topics not previously noted or solve a particular issue through this system. 
74276,18732,16628,8,Typesetter Review,Research Article,unassigned,,0,,0,2021-10-16,2021-11-05,2021-11-05,2021-11-05,,,2021-11-08,2021-11-08,2021-11-11,2021-11-11,Enfu Hui,Good,
74331,1751,1327,10,Final Deliverables,Insight,unassigned,1,0,,0,2021-11-03,2021-11-03,2021-11-03,,2021-11-05,,2021-11-05,2021-11-05,2021-11-16,2021-11-16,,,
74358,15026,13431,6,Author Review,Research Article,Sarah A Stanley,2,1,,0,2021-11-06,2021-11-09,2021-11-09,2021-11-12,,,2021-11-16,2021-11-16,,,,,
74493,17952,16518,6,Typesetter Review,Research Article,Shanmugapriya Janarthanam,1,0,,0,2021-10-29,2021-11-09,2021-11-09,2021-11-10,,,2021-11-12,2021-11-13,2021-11-17,,,,
74551,1466,1154,4,Typesetter Review,Insight,Sandhiya Raghuraman,4,0,,0,2021-11-10,2021-11-11,2021-11-11,,2021-11-12,,,2021-11-12,2021-11-16,2021-11-16,,,
74981,1365,1365,12,Publisher Review,Feature Article,Frederick Atherden,5,0,3,0,2021-11-01,2021-11-01,2021-11-03,,2021-11-03,,,2021-11-03,2021-11-05,2021-11-05,Luke D Lavis,Great,
75278,1178,1100,8,Hold,Correction,Claudia Griffiths,12,3,1,0,2021-11-04,2021-11-05,2021-11-06,,,,,,2021-11-09,2021-11-06,,,
