<?xml version="1.0" encoding="UTF-8"?><atom:entry xmlns:atom="http://www.w3.org/2005/Atom" xmlns:nlm="http://schema.highwire.org/NLM/Journal" nlm:article-type="research-article"><atom:published>2021-08-13T08:33:07-07:00</atom:published><nlm:pub-date pub-type="epub"><nlm:day>13</nlm:day><nlm:month>8</nlm:month><nlm:year>2021</nlm:year></nlm:pub-date><nlm:pub-date pub-type="epub-version"><nlm:day>13</nlm:day><nlm:month>8</nlm:month><nlm:year>2021</nlm:year></nlm:pub-date><atom:link xmlns:c="http://schema.highwire.org/Compound" rel="http://schema.highwire.org/Compound#parent" href="http://api.highwire.org/content/bmjopen/11/8.atom" c:role="http://schema.highwire.org/Journal/Issue"/><atom:category scheme="http://schema.highwire.org/Publishing#role" term="http://schema.highwire.org/Journal/Article"/><atom:category scheme="http://schema.highwire.org/Linking/External" term="uri"><span xmlns="http://www.w3.org/1999/xhtml">http://creativecommons.org/licenses/by-nc/4.0/</span><span xmlns="http://www.w3.org/1999/xhtml">doi:10.1016/S2214-109X(20)30074-7</span><span xmlns="http://www.w3.org/1999/xhtml">doi:10.4414/smw.2020.20225</span><span xmlns="http://www.w3.org/1999/xhtml">doi:10.2807/1560-7917.ES.2020.25.6.2000094</span><span xmlns="http://www.w3.org/1999/xht	ml">doi:10.1126/science.abb6936</span><span xmlns="http://www.w3.org/1999/xhtml">doi:10.1038/s41591-020-1011-4</span><span xmlns="http://www.w3.org/1999/xhtml">doi:10.2196/24598</span><span xmlns="http://www.w3.org/1999/xhtml">doi:10.24171/j.phrp.2020.11.1.09</span><span xmlns="http://www.w3.org/1999/xhtml">doi:10.1038/d41586-020-00740-y</span><span xmlns="http://www.w3.org/1999/xhtml">doi:10.1016/S0262-4079(20)30378-X</span><span xmlns="http://www.w3.org/1999/xhtml">doi:10.1108/IJPCC-07-2020-0081</span><span xmlns="http://www.w3.org/1999/xhtml">doi:10.1111/hex.13179</span><span xmlns="http://www.w3.org/1999/xhtml">doi:10.2196/19857</span><span xmlns="http://www.w3.org/1999/xhtml">doi:10.1016/S2589-7500(20)30184-9</span><span xmlns="http://www.w3.org/1999/xhtml">doi:10.2196/23362</span><span xmlns="http://www.w3.org/1999/xhtml">doi:10.2307/249008</span><span xmlns="http://www.w3.org/1999/xhtml">doi:10.7717/peerj-cs.316</span><span xmlns="http://www.w3.org/1999/xhtml">doi:10.2196/20572</span><span xmlns="http://www.w3.org/1999/xhtml">doi:10.1017/XPS.2020.30</span><span xmlns="http://www.w3.org/1999/xhtml">doi:10.1093/jamia/ocy050</span><span xmlns="http://www.w3.org/1999/xhtml">doi:10.2196/jmir.6.3.e34</span><span xmlns="http://www.w3.org/1999/xhtml">doi:10.1371/journal.pone.0244827</span><span xmlns="http://www.w3.org/1999/xhtml">doi:10.4997/JRCPE.2010.401</span><span xmlns="http://www.w3.org/1999/xhtml">doi:10.2196/21572</span><span xmlns="http://www.w3.org/1999/xhtml">doi:10.1158/1055-9965.EPI-18-0797</span><span xmlns="http://www.w3.org/1999/xhtml">doi:10.1177/2051415814555947</span><span xmlns="http://www.w3.org/1999/xhtml">doi:10.1038/d41586-021-00451-y</span><span xmlns="http://www.w3.org/1999/xhtml">doi:10.2196/25701</span></atom:category><atom:category scheme="http://schema.highwire.org/Journal/Article#open-access" term="yes"/><atom:id>tag:bmjopen@highwire.org,2021-07-27:bmjopen-2021-053395</atom:id><atom:title>Analysis of the factors affecting the adoption and compliance of the NHS COVID-19 mobile application: a national cross-sectional survey in England</atom:title><atom:author nlm:contrib-type="author"><atom:name>Marcus Panchal</atom:name><nlm:aff><nlm:institution content-type="department">Department of Electrical and Electronic Engineering</nlm:institution>, <nlm:institution>Imperial College London</nlm:institution>, <nlm:addr-line content-type="city">London</nlm:addr-line>, <nlm:country>UK</nlm:country></nlm:aff><nlm:name name-style="western"><nlm:surname>Panchal</nlm:surname><nlm:given-names>Marcus</nlm:given-names></nlm:name></atom:author><atom:contributor nlm:contrib-type="author" nlm:corresp="yes"><atom:name>Sukhpreet Singh</atom:name><nlm:aff><nlm:institution content-type="department">Department of Electrical and Electronic Engineering</nlm:institution>, <nlm:institution>Imperial College London</nlm:institution>, <nlm:addr-line content-type="city">London</nlm:addr-line>, <nlm:country>UK</nlm:country></nlm:aff><nlm:name name-style="western"><nlm:surname>Singh</nlm:surname><nlm:given-names>Sukhpreet</nlm:given-names></nlm:name><nlm:object-id xmlns:xlink="http://www.w3.org/1999/xlink" pub-id-type="other" xlink:href="http://orcid.org/0000-0001-7583-2766"/><nlm:contrib-id contrib-id-type="orcid" authenticated="false">http://orcid.org/0000-0001-7583-2766</nlm:contrib-id></atom:contributor><atom:contributor nlm:contrib-type="author"><atom:name>Esther Rodriguez-Villegas</atom:name><nlm:aff><nlm:institution content-type="department">Department of Electrical and Electronic Engineering</nlm:institution>, <nlm:institution>Imperial College London</nlm:institution>, <nlm:addr-line content-type="city">London</nlm:addr-line>, <nlm:country>UK</nlm:country></nlm:aff><nlm:name name-style="western"><nlm:surname>Rodriguez-Villegas</nlm:surname><nlm:given-names>Esther</nlm:given-names></nlm:name></atom:contributor><nlm:corresp><nlm:email>ss7719@ic.ac.uk</nlm:email></nlm:corresp><atom:updated>2021-09-20T22:38:29-07:00</atom:updated><app:edited xmlns:app="http://www.w3.org/2007/app">2021-09-20T22:38:56.068011-07:00</app:edited><nlm:title-group><nlm:article-title>Analysis of the factors affecting the adoption and compliance of the NHS COVID-19 mobile application: a national cross-sectional survey in England</nlm:article-title></nlm:title-group><nlm:journal-meta><nlm:journal-id journal-id-type="hwp">bmjopen</nlm:journal-id><nlm:journal-id journal-id-type="nlm-ta">BMJ Open</nlm:journal-id><nlm:journal-id journal-id-type="publisher-id">bmjopen</nlm:journal-id><nlm:journal-title>BMJ Open</nlm:journal-title><nlm:abbrev-journal-title abbrev-type="publisher">BMJ Open</nlm:abbrev-journal-title><nlm:abbrev-journal-title>BMJ Open</nlm:abbrev-journal-title><nlm:issn pub-type="ppub">2044-6055</nlm:issn><nlm:issn pub-type="epub">2044-6055</nlm:issn><nlm:publisher><nlm:publisher-name>British Medical Journal Publishing Group</nlm:publisher-name></nlm:publisher></nlm:journal-meta><nlm:volume-id pub-id-type="other">11</nlm:volume-id><nlm:volume-id pub-id-type="other">11</nlm:volume-id><nlm:issue-id pub-id-type="other">bmjopen;11/8</nlm:issue-id><nlm:issue-id pub-id-type="other">8</nlm:issue-id><nlm:issue-id pub-id-type="other">11/8</nlm:issue-id><nlm:article-id pub-id-type="publisher-id">bmjopen-2021-053395</nlm:article-id><nlm:article-id pub-id-type="doi">10.1136/bmjopen-2021-053395</nlm:article-id><nlm:article-id pub-id-type="other">bmjopen;11/8/e053395</nlm:article-id><nlm:article-id pub-id-type="other">bmjopen;bmjopen-2021-053395</nlm:article-id><nlm:article-id pub-id-type="other">e053395</nlm:article-id><nlm:article-id pub-id-type="other">bmjopen-2021-053395</nlm:article-id><nlm:article-id pub-id-type="pmid">34389583</nlm:article-id><nlm:pub-id pub-id-type="publisher-id">bmjopen-2021-053395</nlm:pub-id><nlm:pub-id pub-id-type="doi">10.1136/bmjopen-2021-053395</nlm:pub-id><nlm:pub-id pub-id-type="other">bmjopen;11/8/e053395</nlm:pub-id><nlm:pub-id pub-id-type="other">bmjopen;bmjopen-2021-053395</nlm:pub-id><nlm:pub-id pub-id-type="pmid">34389583</nlm:pub-id><nlm:article-categories><nlm:subj-group subj-group-type="heading"><nlm:subject>Public health</nlm:subject></nlm:subj-group><nlm:subj-group xmlns:hwp="http://schema.highwire.org/Journal" subj-group-type="hwp-journal-coll" hwp:journal-coll-id="1506" hwp:journal="bmjopen"><nlm:subject>Open access</nlm:subject></nlm:subj-group><nlm:subj-group xmlns:hwp="http://schema.highwire.org/Journal" subj-group-type="hwp-journal-coll" hwp:journal-coll-id="1724" hwp:journal="bmjopen"><nlm:subject>Public health</nlm:subject></nlm:subj-group><nlm:subj-group xmlns:hwp="http://schema.highwire.org/Journal" subj-group-type="hwp-journal-coll" hwp:journal-coll-id="2474" hwp:journal="bmjopen"><nlm:subject>COVID-19</nlm:subject></nlm:subj-group><nlm:series-title>Original research</nlm:series-title></nlm:article-categories><nlm:pub-date pub-type="ppub" date-type="pub" publication-format="print"><nlm:month>8</nlm:month><nlm:year>2021</nlm:year></nlm:pub-date><nlm:pub-date pub-type="epub-original" date-type="pub" publication-format="electronic"><nlm:day>12</nlm:day><nlm:month>8</nlm:month><nlm:year>2021</nlm:year></nlm:pub-date><nlm:pub-date pub-type="hwp-received">n    <nlm:day>27</nlm:day><nlm:month>7</nlm:month><nlm:year>2021</nlm:year>n  </nlm:pub-date><nlm:pub-date pub-type="hwp-created">n    <nlm:day>27</nlm:day><nlm:month>7</nlm:month><nlm:year>2021</nlm:year>n  </nlm:pub-date><nlm:volume>11</nlm:volume><nlm:issue>8</nlm:issue><nlm:elocation-id>e053395</nlm:elocation-id><nlm:kwd-group><nlm:kwd>covid-19</nlm:kwd><nlm:kwd>information technology</nlm:kwd><nlm:kwd>telemedicine</nlm:kwd><nlm:kwd>public health</nlm:kwd><nlm:kwd>health informatics</nlm:kwd></nlm:kwd-group><nlm:permissions><nlm:copyright-statement>© Author(s) (or their employer(s)) 2021. Re-use permitted under CC BY-NC. No commercial re-use. See rights and permissions. Published by BMJ.</nlm:copyright-statement><nlm:copyright-year>2021</nlm:copyright-year><nlm:license xmlns:xlink="http://www.w3.org/1999/xlink" license-type="open-access" xlink:href="http://creativecommons.org/licenses/by-nc/4.0/"><ali:license_ref xmlns:ali="http://www.niso.org/schemas/ali/1.0/" start_date="2021-08-12">http://creativecommons.org/licenses/by-nc/4.0/</ali:license_ref><nlm:p>This is an open access article distributed in accordance with the Creative Commons Attribution Non Commercial (CC BY-NC 4.0) license, which permits others to distribute, remix, adapt, build upon this work non-commercially, and license their derivative works on different terms, provided the original work is properly cited, appropriate credit is given, any changes made indicated, and the use is non-commercial. See: <nlm:ext-link ext-link-type="uri" xlink:href="http://creativecommons.org/licenses/by-nc/4.0/">http://creativecommons.org/licenses/by-nc/4.0/</nlm:ext-link>.</nlm:p></nlm:license></nlm:permissions><nlm:custom-meta><nlm:meta-name>special-feature</nlm:meta-name><nlm:meta-value>unlocked</nlm:meta-value></nlm:custom-meta><nlm:custom-meta><nlm:meta-name>special-property</nlm:meta-name><nlm:meta-value>contains-inline-supplementary-material</nlm:meta-value></nlm:custom-meta><nlm:history><nlm:date date-type="received"><nlm:day>12</nlm:day><nlm:month>05</nlm:month><nlm:year>2021</nlm:year></nlm:date><nlm:date date-type="accepted"><nlm:day>27</nlm:day><nlm:month>07</nlm:month><nlm:year>2021</nlm:year></nlm:date></nlm:history><atom:link rel="self" href="http://api.highwire.org/content/bmjopen/11/8/e053395.atom"/><atom:link xmlns:c="http://schema.highwire.org/Compound" rel="alternate" href="http://api.highwire.org/content/bmjopen/11/8/e053395.atom?form=feed" c:role="http://schema.highwire.org/Publishing/builtin" type="application/atom+xml; type=feed"/><atom:link rel="http://schema.highwire.org/Publishing#model" href="http://api.highwire.org/content/bmjopen/11/8/e053395.atomvtx"/><atom:link xmlns:c="http://schema.highwire.org/Compound" rel="alternate" href="http://api.highwire.org/content/bmjopen/11/8/e053395.full.pdf" c:role="http://schema.highwire.org/variant/full-text" type="application/pdf"/><atom:link xmlns:c="http://schema.highwire.org/Compound" rel="alternate" href="http://api.highwire.org/content/bmjopen/11/8/e053395.draft-revisions.pdf" c:role="http://schema.highwire.org/variant/draft-revisions" type="application/pdf"/><atom:link xmlns:c="http://schema.highwire.org/Compound" rel="alternate" href="http://api.highwire.org/content/bmjopen/11/8/e053395.reviewer-comments.pdf" c:role="http://schema.highwire.org/variant/reviewer-comments" type="application/pdf"/><atom:link xmlns:c="http://schema.highwire.org/Compound" rel="alternate" href="http://api.highwire.org/content/bmjopen/11/8/e053395.abstract.html" c:role="http://schema.highwire.org/variant/abstract" type="application/xhtml+xml"/><atom:link xmlns:c="http://schema.highwire.org/Compound" rel="alternate" href="http://api.highwire.org/content/bmjopen/11/8/e053395.full.html" c:role="http://schema.highwire.org/variant/full-text" type="application/xhtml+xml"/><atom:link xmlns:c="http://schema.highwire.org/Compound" rel="alternate" href="http://api.highwire.org/content/bmjopen/11/8/e053395.source.xml" c:role="http://schema.highwire.org/variant/source" type="application/xml"/><atom:link xmlns:c="http://schema.highwire.org/Compound" rel="alternate" href="http://api.highwire.org/content/bmjopen/11/8/e053395.ref-links.xml" c:role="http://schema.highwire.org/variant/ref-links" type="application/xml"/><atom:link xmlns:c="http://schema.highwire.org/Compound" rel="alternate" href="http://api.highwire.org/content/bmjopen/11/8/e053395.ref-stubs.xml" c:role="http://schema.highwire.org/variant/ref-stubs" type="application/xml"/><atom:link xmlns:c="http://schema.highwire.org/Compound" rel="http://schema.highwire.org/Compound#child" href="http://api.highwire.org/content/bmjopen/11/8/e053395/F1.atom" c:role="http://schema.highwire.org/Journal/Fragment"/><atom:link xmlns:c="http://schema.highwire.org/Compound" rel="http://schema.highwire.org/Compound#child" href="http://api.highwire.org/content/bmjopen/11/8/e053395/T1.atom" c:role="http://schema.highwire.org/Journal/Fragment"/><atom:link xmlns:c="http://schema.highwire.org/Compound" rel="http://schema.highwire.org/Compound#child" href="http://api.highwire.org/content/bmjopen/11/8/e053395/DC1.atom" c:role="http://schema.highwire.org/Journal/Fragment"/><atom:link xmlns:c="http://schema.highwire.org/Compound" rel="http://schema.highwire.org/Compound#child" href="http://api.highwire.org/content/bmjopen/11/8/e053395/T2.atom" c:role="http://schema.highwire.org/Journal/Fragment"/><atom:link xmlns:c="http://schema.highwire.org/Compound" rel="http://schema.highwire.org/Compound#child" href="http://api.highwire.org/content/bmjopen/11/8/e053395/DC2.atom" c:role="http://schema.highwire.org/Journal/Fragment"/><atom:link xmlns:c="http://schema.highwire.org/Compound" rel="http://schema.highwire.org/Compound#child" href="http://api.highwire.org/content/bmjopen/11/8/e053395/T3.atom" c:role="http://schema.highwire.org/Journal/Fragment"/><atom:link xmlns:c="http://schema.highwire.org/Compound" rel="http://schema.highwire.org/Compound#child" href="http://api.highwire.org/content/bmjopen/11/8/e053395/T4.atom" c:role="http://schema.highwire.org/Journal/Fragment"/><atom:link xmlns:c="http://schema.highwire.org/Compound" rel="related" href="http://api.highwire.org/content/bmjopen/suppl/2021/08/13/bmjopen-2021-053395.DC1.atom" c:role="http://schema.highwire.org/Adjunct" type="application/atom+xml; type=entry">n               <nlm:object-id pub-id-type="other">DC1</nlm:object-id>n               <span xmlns="http://www.w3.org/1999/xhtml">Supplementary Data</span>n            </atom:link></atom:entry>"
