<?xml version="1.0" encoding="UTF-8"?>
<!DOCTYPE book PUBLIC "-//NLM//DTD BITS Book Interchange DTD v2.0 20151225//EN" "BITS-book2.dtd">
<book xmlns:mml="http://www.w3.org/1998/Math/MathML" xmlns:xlink="http://www.w3.org/1999/xlink">
    <book-meta>
        <book-id book-id-type="publisher-id">
            bsava
        </book-id>
        <book-id book-id-type="doi">
            10.22233/9781913859008
        </book-id>
        <subj-group subj-group-type="content-type">
            <subject>
                Proceedings
            </subject>
        </subj-group>
        <book-title-group>
            <book-title>
                BSAVA Congress Proceedings 2021
            </book-title>
        </book-title-group>
        <pub-date>
            <month>
                May
            </month>
            <year>
                2021
            </year>
        </pub-date>
        <isbn content-type="epub">
            978-1-913859-00-8
        </isbn>
        <publisher>
            <publisher-name>
                British Small Animal Veterinary Association
            </publisher-name>
        </publisher>
        <edition>
            1st
        </edition>
        <permissions>
            <copyright-statement>
                © 2021 British Small Animal Veterinary Association
            </copyright-statement>
            <copyright-year>
                2021
            </copyright-year>
            <copyright-holder>
                British Small Animal Veterinary Association
            </copyright-holder>
        </permissions>
        <abstract>
            <p>
                BSAVA is pleased to provide recordings of more than 170 lectures from its 2021 virtual Congress. Lectures consist of both ‘on-demand’ pre-recorded sessions and live-recorded sessions, which typically include two speakers presenting their viewpoints on the topic and followed by a recording of a live discussion or Q&A. Many lectures have additional resources, available via the Podcasts tab, providing further reading or other information. Most lectures are suitable for the whole practice team. You can purchase access to the full 2021 lecture package via the ‘buy online access’ button above, or you can buy an individual lecture by clicking on an individual lecture and purchasing access. If you have a library pass you can use this to access lectures – go to a lecture and click on the ‘use pass’ button. BSAVA members receive a discount on all purchases. See our
                <ext-link ext-link-type="uri" xlink:href="https://pages/congressondemand">
                    Congress On Demand information page
                </ext-link>
                for more details of purchasing options. Please note that lecture recordings are as supplied by our virtual event provider.
            </p>
        </abstract>
        <counts>
            <book-page-count count="1">
                1
            </book-page-count>
        </counts>
    </book-meta>
    <book-part book-part-type="chapter" specific-use="audio-video" id=Ch02>
        <book-part-id book-part-id-type="doi">
            10.22233/9781913859008.1
        </book-part-id>
        <subj-group subj-group-type="chapter-section">
            <subject>
                For the practice team
            </subject>
        </subj-group>
        <subj-group subj-group-type="chapter-stream-name">
            <subject>
                Patient safety is not optional
            </subject>
        </subj-group>
        <subj-group subj-group-type="chapter-product-type">
            <subject>
                Congress Proceedings
            </subject>
        </subj-group>
        <subj-group subj-group-type="chapter-content-type">
            <subject>
                Lecture summary
            </subject>
        </subj-group>
        <subj-group subj-group-type="chapter-index-type">
            <subject>
                Lecture
            </subject>
        </subj-group>
        <subj-group subj-group-type="topic-type">
            <subject>
                undefined
            </subject>
        </subj-group>
        <subj-group subj-group-type="resource-type">
            <subject>
                Practice management
            </subject>
        </subj-group>
        <subj-group subj-group-type="animal-type">
            <subject>
                undefined
            </subject>
        </subj-group>
        <title-group>
            <title>
                Clinical audit: an important part of patient safety?
            </title>
        </title-group>
        <subj-group subj-group-type="animal-type">
            <subject>
                undefined
            </subject>
        </subj-group>
        <contrib-group>
            <contrib>
                <name>
                    <surname>
                        Oxtoby;
                    </surname>
                    <given-names>
                        Catherine
                    </given-names>
                </name>
            </contrib>
        </contrib-group>
        <pub-date>
            <year>
                2021
            </year>
        </pub-date>
        <elocation-id>
            e2
        </elocation-id>
        <permissions>
            <copyright-statement>
                © 2021 British Small Animal Veterinary Association
            </copyright-statement>
            <copyright-year>
                2021
            </copyright-year>
            <copyright-holder>
                British Small Animal Veterinary Association
            </copyright-holder>
        </permissions>
        <abstract>
            <p>
                Patient safety: where do we start?: ‘Do no harm’ is a fundamental principle for any caregiver – in both human and animal worlds. Human healthcare has long acknowledged and quantified the iatrogenic harm inflicted on patients through the errors and mistakes of caregivers. In the complex world of healthcare, 1 in 10 visits to hospital involve an error in the chain of care, and an estimated 400,000 people a year die as a result of doctors’ or nurses’ mistakes (De Vries et al. 2008).  In contrast, there are no published studies of incident rates in the veterinary literature. We acknowledge that they happen, yet we have no measure of them - how often, how severe, the most common, the most expensive, the most preventable. If we want to ensure and improve patient safety, knowing the current situation would be the most logical place to start.
Clinical audit: where can we start and why?: Patient safety is the priority for everyone in veterinary practice, but what has clinical audit got to do with this? Well quite a lot actually. Clinical audit provides the tools to look at results of procedures and put preventative methods in place, making veterinary procedures safer. Do you know the rate of post-operative complications in your practice for routine neutering and how they compare with national benchmarks? What about anaesthetic monitoring,  do you audit the process of filling in anaesthetic monitoring sheets as well as the outcomes and complications of anaesthesia? If you use surgical safety checklists do you audit their use and look at what the barriers are to them being used more widely? Collecting the data is only a small part of audit. Discussing the results with the team who are involved in the work on the ground - what could be changed, what prevents current systems working as they should be - is a very important part of the audit process. Once the team is on board and changes have been made, re-audit is vital to see if the changes have had any impact. Implementing small changes that do make a difference can have a big impact on patient safety. This session will introduce delegates to clinical audit and the free learning materials, case examples, and the tools that have been created specifically for veterinary teams to put into practice straightaway.
            </p>
        </abstract>
        <custom-meta-group>
            <custom-meta>
                <meta-name>
                    elocation-id
                </meta-name>
                <meta-value>
                    e1
                </meta-value>
            </custom-meta>
        </custom-meta-group>
    </book-part-meta>
    <back>
        <sec>
            <title/>
            <supplementary-material xmlns:xlink="http://www.w3.org/1999/xlink" xlink:title="local_file" xlink:href="BSAVA_20210325-100004_1_1_Oxtoby_Mosedale" mimetype="application/video/mp4">