<?xml version="1.0" encoding="UTF-8"?>
<!DOCTYPE article PUBLIC "-//NLM//DTD JATS (Z39.96) Journal Archiving and Interchange DTD with OASIS Tables v1.0 20120330//EN" "JATS-archive-oasis-article1.dtd">
<article xmlns:mml="http://www.w3.org/1998/Math/MathML" xmlns:xlink="http://www.w3.org/1999/xlink" article-type="research-article" xml:lang="en">
<?properties open_access?>
<front>
<journal-meta>
<journal-id journal-id-type="publisher-id">jco</journal-id>
<journal-title-group>
<journal-title>Journal of Children's Orthopaedics</journal-title>
<journal-subtitle>Official Journal of the European Paediatric Orthopaedic Society (EPOS)</journal-subtitle>
<abbrev-journal-title abbrev-type="publisher">J Child Orthop</abbrev-journal-title>
</journal-title-group>
<issn pub-type="ppub">1863-2521</issn>
<issn pub-type="epub">1863-2548</issn>
<publisher>
<publisher-name>The British Editorial Society of Bone &#x0026; Joint Surgery</publisher-name>
<publisher-loc>London</publisher-loc>
</publisher>
</journal-meta>
<article-meta>
<article-id pub-id-type="publisher-id">1863-2548.15.200249</article-id>
<article-id pub-id-type="manuscript">15</article-id>
<article-id pub-id-type="doi">10.1302/1863-2548.15.200249</article-id>
<article-categories>
<subj-group subj-group-type="heading">
<subject>Original Clinical Article</subject>
</subj-group>
<subj-group subj-group-type="specialities">
<compound-subject>
<compound-subject-part content-type="code">childrens-orthopaedics</compound-subject-part>
<compound-subject-part content-type="label">Children&#x2019;s Orthopaedics</compound-subject-part>
</compound-subject>
</subj-group>
</article-categories>
<title-group>
<article-title xml:lang="en">Tranexamic acid reduces blood loss in paediatric proximal femoral and/or pelvic osteotomies</article-title>
</title-group>
<contrib-group>
<contrib contrib-type="author">
<string-name><given-names>Anne J.</given-names> <surname>Brouwer</surname></string-name>
<xref ref-type="aff" rid="Aff1">1</xref>
<xref ref-type="aff" rid="Aff2">2</xref>
</contrib>
<contrib contrib-type="author" corresp="yes">
<string-name><given-names>Dagmar R.J.</given-names> <surname>Kempink</surname></string-name>
<xref ref-type="aff" rid="Aff2">2</xref>
<xref ref-type="aff" rid="Aff3">3</xref>
<xref ref-type="corresp" rid="cor1"/>
</contrib>
<contrib contrib-type="author">
<string-name><given-names>Pieter Bas</given-names> <surname>de Witte</surname></string-name>
<xref ref-type="aff" rid="Aff2">2</xref>
<xref ref-type="aff" rid="Aff3">3</xref>
</contrib>
<aff id="Aff1"><label>1</label><institution content-type="org-division">Faculty of Medicine, Erasmus University Rotterdam, Erasmus MC, University Medical Center Rotterdam</institution>, <country>The Netherlands</country></aff>
<aff id="Aff2"><label>2</label><institution content-type="org-division">Department of Pediatric Orthopaedics, Erasmus MC-Sophia Children&#x2019;s Hospital, University Medical Center Rotterdam</institution>, <country>The Netherlands</country></aff>
<aff id="Aff3"><label>3</label><institution content-type="org-division">Department of Orthopaedics, Leiden University Medical Center</institution>, <addr-line>Leiden</addr-line>, <country>The Netherlands</country></aff>
</contrib-group>
<author-notes>
<corresp id="cor1">Correspondence should be sent to: D.R.J. Kempink, <institution content-type="org-division">Erasmus MC-Sophia Children&#x2019;s Hospital Secretary of Pediatric Orthopaedics</institution>, <addr-line>Room Sk-1226, PO Box 2060, 3000 CB Rotterdam</addr-line>, <country>The Netherlands</country> E-mail address: <email>d.kempink@erasmusmc.nl</email></corresp>
</author-notes>
<volume>15</volume>
<issue>0</issue>
<fpage>1</fpage>
<lpage>7</lpage>
<history>
<date date-type="received"><day>04</day><month>12</month><year>2020</year></date>
<date date-type="accepted"><day>23</day><month>04</month><year>2021</year></date>
</history>
<permissions>
<copyright-statement>Copyright &#x00A9; 2021, The author(s)</copyright-statement>
<copyright-year>2021</copyright-year>
<copyright-holder>The author(s)</copyright-holder>
<license xlink:href="http://creativecommons.org/licenses/by-nc/4.0/" license-type="open-access">
<license-p><bold>Open Access</bold> This article is distributed under the terms of the Creative Commons Attribution-Non Commercial 4.0 International (CC BY-NC 4.0) licence (<ext-link xlink:href="https://creativecommons.org/licenses/by-nc/4.0/" ext-link-type="uri">https://creativecommons.org/licenses/by-nc/4.0/</ext-link>) which permits non-commercial use, reproduction and distribution of the work without further permission provided the original work is attributed.</license-p>
</license>
</permissions>
<self-uri content-type="pdf" xlink:href="1863-2548.15.200249.pdf"/>
<abstract xml:lang="en" id="Abs1">
<title>Abstract</title>
<sec>
<title>Purpose</title>
<p>Proximal femoral and/or pelvic osteotomies (PFPO) are associated with significant blood loss, which can be harmful, especially in paediatric patients. Therefore, considering methods to reduce blood loss is important. The purpose of this study was to examine the efficacy of tranexamic acid (TXA) in reducing intraoperative estimated blood loss (EBL) in paediatric patients undergoing a PFPO.</p>
</sec>
<sec>
<title>Methods</title>
<p>Paediatric patients who had a PFPO between 2014 and 2019 were retrospectively reviewed. Outcome measures included patient demographics, TXA use (none, preoperative and/or intraoperative bolus, pump), EBL, transfusion rate and thromboembolic complications. Univariate and multivariate analyses were performed to assess associations between investigated outcome measures and EBL.</p>
</sec>
<sec>
<title>Results</title>
<p>A total of 340 PFPO (263 patients) were included. Mean age at surgery was 8.0 years (<sc>sd</sc> 4.3). In all, 269 patients received no TXA, 20 had a preoperative bolus, 43 had an intraoperative bolus and eight patients had other TXA regimes (preoperative and intraoperative bolus or pump). Overall, mean blood loss was 211 ml (<sc>sd</sc> 163). Multivariate analysis showed significant associations between higher EBL and higher age at surgery, male sex, higher body mass index and longer procedure time. There was a significant association between lower EBL and a preoperative TXA bolus: 66 ml (33%) less EBL compared with patients without TXA (95% confidence interval -129 to -4; p = 0.04). No thromboembolic complications were reported in any of the studied patients.</p>
</sec>
<sec>
<title>Conclusion</title>
<p>Preoperative TXA administration is associated with a decreased EBL in PFPO. No thromboembolic events were reported. Administering TXA preoperatively appears to be effective in paediatric patients undergoing a PFPO.</p>
</sec>
<sec>
<title>Level of evidence</title>
<p>Level III &#x2013; retrospective comparative study.</p>
</sec>
</abstract>
<kwd-group>
<kwd>tranexamic acid</kwd>
<kwd>proximal femoral osteotomy</kwd>
<kwd>pelvic osteotomy</kwd>
<kwd>paediatric orthopaedics</kwd>
<kwd>surgical blood loss</kwd>
</kwd-group>
</article-meta>
</front>
<body>
<sec id="Sec1" sec-type="intro">
<title>Introduction</title>
<p>Proximal femoral and/or pelvic osteotomies (PFPO) are major surgeries, but may be necessary to correct various hip pathologies. Paediatric indications include persistent developmental dysplasia of the hip (primary DDH), secondary hip dysplasia, for example due to cerebral palsy (CP) and other neuromuscular conditions, or hip joint incongruence, for example due to Legg-Calv&#x00E9;-Perthes disease, a slipped capital femoral epiphysis (SCFE) or post-traumatically.<sup><xref ref-type="bibr" rid="CR1">1</xref></sup></p>
<p>PFPO can lead to significant blood loss. In literature, average blood loss ranges from 159 ml to 369 ml in paediatric proximal femoral osteotomies<sup><xref ref-type="bibr" rid="CR2">2</xref>,<xref ref-type="bibr" rid="CR3">3</xref></sup> and 200 ml to 971 ml in combined (proximal femoral and pelvic) paediatric osteotomies.<sup><xref ref-type="bibr" rid="CR4">4</xref>,<xref ref-type="bibr" rid="CR5">5</xref></sup> Blood transfusion is reported in 9.8% to 61.5% of cases.<sup><xref ref-type="bibr" rid="CR2">2</xref>,<xref ref-type="bibr" rid="CR3">3</xref>,<xref ref-type="bibr" rid="CR5">5</xref></sup> Substantial blood loss and blood transfusion can be harmful, especially for paediatric patients. Both are associated with increased length of hospital stay, higher mortality, pneumonia and higher rates of other adverse events.<sup><xref ref-type="bibr" rid="CR6">6</xref>,<xref ref-type="bibr" rid="CR7">7</xref></sup> In order to minimize blood loss and prevent transfusions and complications, it is essential to evaluate preventive measures, such as administering antifibrinolytic agents, for example tranexamic acid (TXA).</p>
<p>TXA prevents degradation of blood clots,<sup><xref ref-type="bibr" rid="CR8">8</xref></sup> which has been associated with decreased blood loss and/or transfusion rates for various surgical procedures in adult patients, including arthroplasty,<sup><xref ref-type="bibr" rid="CR9">9</xref>-<xref ref-type="bibr" rid="CR11">11</xref></sup> spinal surgery<sup><xref ref-type="bibr" rid="CR12">12</xref></sup> and several types of osteotomies.<sup><xref ref-type="bibr" rid="CR13">13</xref></sup> Regarding paediatric procedures, similar results have been reported for cardiac surgery,<sup><xref ref-type="bibr" rid="CR14">14</xref>,<xref ref-type="bibr" rid="CR15">15</xref></sup> craniosynostosis repair<sup><xref ref-type="bibr" rid="CR15">15</xref>,<xref ref-type="bibr" rid="CR16">16</xref></sup> and spinal surgery.<sup><xref ref-type="bibr" rid="CR14">14</xref>,<xref ref-type="bibr" rid="CR15">15</xref></sup> However, for paediatric orthopaedics, PFPO in particular, TXA use is not widespread<sup><xref ref-type="bibr" rid="CR17">17</xref></sup> and indications and effectiveness are not clear.</p>
<p>Therefore, the aim of this study was to investigate whether TXA is effective in reducing intraoperative blood loss in PFPO in the paediatric patient population. Additionally, associations with procedure time, length of hospital stay, transfusion rates, thromboembolic complications and other adverse events were investigated.</p>
</sec>
<sec id="Sec2" sec-type="materials|smethods">
<title>Materials and methods</title>
<p>The study protocol was approved by the institutional review board (MEC-2019-0763).</p>
<sec id="Sec2.1">
<title>Patient selection</title>
<p>All PFPO performed at our institution between the 1<sup>st</sup> of January 2014 and the 31<sup>st</sup> of July 2019 were eligible for inclusion. There were no local guidelines or protocols regarding TXA administration for PFPO during this time. Therefore, patients did or did not receive preoperative and/or intraoperative TXA according to the surgeon&#x2019;s preference and intraoperative course.</p>
<p>Patients were identified using hospital billing records and a national coding system for surgical procedures. The medical records were retrospectively reviewed for clinical data and surgery reports. Patients with PFPO were included if they were aged below 18 years at time of surgery. Exclusion criteria were: previously diagnosed bleeding or coagulation disorder; and previous thromboembolic events.</p>
</sec>
<sec id="Sec2.2">
<title>Examined variables and data acquisition</title>
<p>Demographic data, treatment characteristics and various outcome variables were recorded. Demographic data included age at surgery, sex, weight, height, body mass index (BMI) and underlying conditions. Underlying conditions were categorized in three main indications for surgical treatment, where applicable: primary DDH; secondary hip dysplasia (due to CP and other neuromuscular conditions); and other causes of articular incongruence (including trauma, SCFE and Legg-Calv&#x00E9;-Perthes disease).</p>
<p>The primary outcome was total intraoperative estimated blood loss (EBL). At the end of each surgery, the anaesthesiologist and surgeon agreed upon EBL based on inspection of the gauzes and suction device. Secondary outcomes were blood transfusions, length of hospital stay, thromboembolic complications and procedure time (i.e. from skin incision to surgical closure time). If surgical closure time was not reported accurately (n = 12), procedure time was calculated with the operating room departure time, minus average duration of cast application and concluding anaesthetic activities of all other included patients. Other treatment and outcome variables included type of osteotomy, unilateral or bilateral surgery and prior surgery at the same site. In case of TXA use, dosage, timing (preoperative and/or intraoperative) and type of administration (bolus or pump) were recorded.</p>
</sec>
<sec id="Sec2.3">
<title>Statistical analysis</title>
<p>Data distributions were assessed with histograms. Demographics and treatment characteristics were expressed in proportions, means and <sc>sd</sc>, or medians and ranges where appropriate, for the total study group, as well as categorized for TXA regime: 1) no TXA use (&#x2018;no TXA&#x2019;); 2) single TXA bolus preoperatively (&#x2018;TXA preop&#x2019;); 3) single TXA bolus intraoperatively (&#x2018;TXA intraop&#x2019;); 4) preoperative TXA bolus followed by an intraoperative TXA pump (&#x2018;TXA pump&#x2019;); 5) combined preoperative and intraoperative TXA bolus administrations (&#x2018;TXA pre- &#x0026; intraop&#x2019;).</p>
<p>The main purpose was to assess the associations of &#x2018;no TXA&#x2019; and &#x2018;TXA preop&#x2019; with blood loss, since administering TXA preoperatively is not influenced by intraoperative course and blood loss. In contrast, patients who received TXA during surgery (intraoperatively), most likely received this as a response on intraoperative course and observed (substantial) blood loss. This might lead to confounding by indication when assessing the association between TXA and blood loss. Nevertheless, an additional multivariate sensitivity analysis, including all TXA regime subgroups, was performed.</p>
<p>First, univariate associations of recorded variables with EBL were evaluated. Next, a multivariate analysis was performed to assess the association of TXA use (&#x2018;no TXA&#x2019; <italic>versus</italic> &#x2018;TXA preop&#x2019;) with EBL, taking into account covariates and confounding factors. Variables for the multivariate model were selected based on univariate results (p-value &#x2264; 0.10) or clinical relevance. A mixed model was constructed, taking into account repeated measures within patients (i.e. multiple procedures) with a random effect per subject. Bilateral procedures in the same surgical setting were regarded as a single procedure in the analyses. A similar approach was applied for the sensitivity analysis, that included all TXA regime subgroups.</p>
<p>Statistical analyses were conducted using SPSS Statistics for Windows, version 25 (IBM Corp, Armonk, New York).</p>
</sec>
</sec>
<sec id="Sec3" sec-type="results">
<title>Results</title>
<sec id="Sec3.1">
<title>Baseline characteristics</title>
<p>A total of 413 procedures (331 patients) were eligible for inclusion. In all, 73 procedures (68 patients) were excluded due to: previous thromboembolic event (n = 3), coagulation disorder (n = 2), aged &#x2265; 18 years at surgery (n = 54), distal or shaft femoral osteotomy (n = 14).</p>
<p>The final analyses comprised 340 procedures (263 patients), performed by six different surgeons, all of whom had extensive experience with these procedures. The &#x2018;no TXA&#x2019; group included 269 procedures, the &#x2018;TXA preop&#x2019; group 20, the &#x2018;TXA intraop&#x2019; group 43, the &#x2018;TXA pump&#x2019; group seven and the &#x2018;TXA pre- &#x0026; intraop&#x2019; group one. Mean age was 8.0 years (<sc>sd</sc> 4.3). In total, 68.8% of patients were female. The main indication was primary DDH (51.8%) (<xref ref-type="table" rid="T1">Table 1</xref>).</p>
<table-wrap id="T1">
<label>Table 1</label>
<caption><p>Demographic data</p></caption>
<table rules="all">
<thead>
<tr>
<th align="left">Characteristics</th>
<th align="left">Total (n = 340)</th>
<th align="left">No TXA (n = 269)</th>
<th align="left">TXA preop (n = 20)</th>
<th align="left">TXA intraop (n = 43)</th>
<th align="left">TXA pump (n = 7)</th>
<th align="left">TXA pre- &#x0026; intraop (n = 1)</th>
</tr>
</thead>
<tbody>
<tr>
<td align="left">Mean age, yrs (<sc>sd</sc>)</td>
<td align="left">8.0 (4.3)</td>
<td align="left">8.0 (4.3)</td>
<td align="left">6.7 (4.9)</td>
<td align="left">8.4 (3.8)</td>
<td align="left">6.7 (4.2)</td>
<td align="left">11.1</td>
</tr>
<tr>
<td align="left">Female sex, n (%)</td>
<td align="left">234 (<italic>68.8</italic>)</td>
<td align="left">186 (<italic>69.1</italic>)</td>
<td align="left">12 (<italic>60.0</italic>)</td>
<td align="left">28 (<italic>65.1</italic>)</td>
<td align="left">7 (<italic>100</italic>)</td>
<td align="left">1 (<italic>100</italic>)</td>
</tr>
<tr>
<td align="left">Mean weight, kg (<sc>sd</sc>)</td>
<td align="left">28.0 (16.7)</td>
<td align="left">28.6 (17.7)</td>
<td align="left">23.4 (15.0)</td>
<td align="left">27.6 (10.8)</td>
<td align="left">21.4 (8.8)</td>
<td align="left">37.0</td>
</tr>
<tr>
<td align="left">Mean height, cm (<sc>sd</sc>)</td>
<td align="left">123 (24)</td>
<td align="left">123 (25)</td>
<td align="left">112 (24)</td>
<td align="left">123 (18)</td>
<td align="left">117 (20)</td>
<td align="left">150</td>
</tr>
<tr>
<td align="left">Mean BMI, kg/m<sup>2</sup> (<sc>sd</sc>)</td>
<td align="left">17.2 (4.0)</td>
<td align="left">17.2 (4.2)</td>
<td align="left">17.1 (3.1)</td>
<td align="left">17.7 (3.5)</td>
<td align="left">15.0 (1.6)</td>
<td align="left">16.0</td>
</tr>
<tr>
<td align="left" colspan="7"><bold>Indication, n (%)</bold></td>
</tr>
<tr>
<td align="left">&#x2003;Primary DDH</td>
<td align="left">176 (<italic>51.8</italic>)</td>
<td align="left">147 (<italic>54.6</italic>)</td>
<td align="left">10 (<italic>50.0</italic>)</td>
<td align="left">14 (<italic>32.6</italic>)</td>
<td align="left">4 (<italic>57.1</italic>)</td>
<td align="left">1 (<italic>100</italic>)</td>
</tr>
<tr>
<td align="left">&#x2003;Secondary dysplasia</td>
<td align="left">123 (<italic>36.2</italic>)</td>
<td align="left">84 (<italic>31.2</italic>)</td>
<td align="left">9 (<italic>45.0</italic>)</td>
<td align="left">27 (<italic>62.8</italic>)</td>
<td align="left">3 (<italic>42.9</italic>)</td>
<td align="left">0 (<italic>0</italic>)</td>
</tr>
<tr>
<td align="left">&#x2003;Articular incongruence</td>
<td align="left">18 (<italic>5.3</italic>)</td>
<td align="left">17 (<italic>6.3</italic>)</td>
<td align="left">1 (<italic>5.0</italic>)</td>
<td align="left">0 (<italic>0</italic>)</td>
<td align="left">0 (<italic>0</italic>)</td>
<td align="left">0 (<italic>0</italic>)</td>
</tr>
<tr>
<td align="left">&#x2003;Other indication</td>
<td align="left">23 (<italic>6.8</italic>)</td>
<td align="left">21 (<italic>7.8</italic>)</td>
<td align="left">0 (<italic>0</italic>)</td>
<td align="left">2 (<italic>4.7</italic>)</td>
<td align="left">0 (<italic>0</italic>)</td>
<td align="left">0 (<italic>0</italic>)</td>
</tr>
</tbody>
</table>
<table-wrap-foot>
<fn><p>TXA, tranexamic acid; preop, preoperative; intraop, intraoperative; pre, preoperative; BMI, body mass index; DDH, developmental dysplasia of the hip</p></fn>
</table-wrap-foot>
</table-wrap>
</sec>
<sec id="Sec3.2">
<title>Intra- and postoperative results</title>
<p>Each surgical site (pelvis, femur, both) comprised approximately one-third of the total number of procedures. Procedure time averaged at a mean 148 minutes (<sc>sd</sc> 72), including combined and bilateral procedures. Mean blood loss was 211 ml (<sc>sd</sc> 163). There were blood transfusions in 4.1% of procedures (<xref ref-type="table" rid="T2">Table 2</xref>).</p>
<table-wrap id="T2">
<label>Table 2</label>
<caption><p>Treatment outcomes</p></caption>
<table rules="all">
<thead>
<tr>
<th align="left">Characteristic</th>
<th align="left">Total (n = 340)</th>
<th align="left">No TXA (n = 269)</th>
<th align="left">TXA preop (n = 20)</th>
<th align="left">TXA intraop (n = 43)</th>
<th align="left">TXA pump (n = 7)</th>
<th align="left">TXA pre- &#x0026; intraop (n = 1)</th>
</tr>
</thead>
<tbody>
<tr>
<td align="left" colspan="7">Site, n (%)</td>
</tr>
<tr>
<td align="left">&#x2003;Proximal femoral osteotomy</td>
<td align="left">117 (<italic>34.4</italic>)</td>
<td align="left">104 (<italic>38.7</italic>)</td>
<td align="left">3 (<italic>15.0</italic>)</td>
<td align="left">10 (<italic>23.3</italic>)</td>
<td align="left">0 (<italic>0</italic>)</td>
<td align="left">0 (<italic>0</italic>)</td>
</tr>
<tr>
<td align="left">&#x2003;Pelvic osteotomy</td>
<td align="left">99 (<italic>29.1</italic>)</td>
<td align="left">82 (<italic>30.5</italic>)</td>
<td align="left">7 (<italic>35.0</italic>)</td>
<td align="left">9 (<italic>20.9</italic>)</td>
<td align="left">1 (<italic>14.3</italic>)</td>
<td align="left">0 (<italic>0</italic>)</td>
</tr>
<tr>
<td align="left">&#x2003;Proximal femoral and pelvic osteotomy</td>
<td align="left">124 (<italic>36.5</italic>)</td>
<td align="left">83 (<italic>30.9</italic>)</td>
<td align="left">10 (<italic>50.0</italic>)</td>
<td align="left">24 (<italic>55.8</italic>)</td>
<td align="left">6 (<italic>85.7</italic>)</td>
<td align="left">1 (<italic>100</italic>)</td>
</tr>
<tr>
<td align="left">Bilateral, n (%)</td>
<td align="left">8 (<italic>2.4</italic>)</td>
<td align="left">6 (<italic>2.2</italic>)</td>
<td align="left">1 (<italic>5.0</italic>)</td>
<td align="left">0 (<italic>0</italic>)</td>
<td align="left">1 (<italic>14.3</italic>)</td>
<td align="left">0 (<italic>0</italic>)</td>
</tr>
<tr>
<td align="left">Prior surgery at site, n (%)</td>
<td align="left">89 (<italic>26.2</italic>)</td>
<td align="left">75 (<italic>27.9</italic>)</td>
<td align="left">4 (<italic>20.0</italic>)</td>
<td align="left">9 (<italic>20.9</italic>)</td>
<td align="left">1 (<italic>14.3</italic>)</td>
<td align="left">0 (<italic>0</italic>)</td>
</tr>
<tr>
<td align="left">Mean procedure time, mins (<sc>sd</sc>)</td>
<td align="left">148 (72)</td>
<td align="left">137 (60)</td>
<td align="left">178 (68)</td>
<td align="left">178 (66)</td>
<td align="left">278 (224)</td>
<td align="left">226</td>
</tr>
<tr>
<td align="left">Mean TXA dosage, mg/kg (<sc>sd</sc>)</td>
<td align="left">-</td>
<td align="left">0 (0)</td>
<td align="left">16 (7)</td>
<td align="left">19 (7)</td>
<td align="left">50 (43)</td>
<td align="left">27</td>
</tr>
<tr>
<td align="left">Mean estimated blood loss, ml (<sc>sd</sc>)</td>
<td align="left">211 (163)</td>
<td align="left">200 (151)</td>
<td align="left">152 (110)</td>
<td align="left">286 (185)</td>
<td align="left">236 (258)</td>
<td align="left">880</td>
</tr>
<tr>
<td align="left">Transfusions, n (%)</td>
<td align="left">14 (<italic>4.1</italic>)</td>
<td align="left">8 (<italic>3.0</italic>)</td>
<td align="left">1 (<italic>5.0</italic>)</td>
<td align="left">3 (<italic>7.0</italic>)</td>
<td align="left">1 (<italic>14.3</italic>)</td>
<td align="left">1 (<italic>100</italic>)</td>
</tr>
<tr>
<td align="left">Thromboembolic complications, n (%)</td>
<td align="left">0 (<italic>0</italic>)</td>
<td align="left">0 (<italic>0</italic>)</td>
<td align="left">0 (<italic>0</italic>)</td>
<td align="left">0 (<italic>0</italic>)</td>
<td align="left">0 (<italic>0</italic>)</td>
<td align="left">0 (<italic>0</italic>)</td>
</tr>
<tr>
<td align="left">Mean hospital stay, days (%)</td>
<td align="left">4.27 (<italic>1.8</italic>)</td>
<td align="left">4.24 (<italic>1.9</italic>)</td>
<td align="left">4.15 (<italic>1.7</italic>)</td>
<td align="left">4.42 (<italic>1.4</italic>)</td>
<td align="left">4.71 (<italic>1.1</italic>)</td>
<td align="left">5.00</td>
</tr>
</tbody>
</table>
<table-wrap-foot>
<fn><p>Prior surgery at the same site included prior osteotomies, open repositions (in case of pelvic osteotomies), surgical treatment of a slipped capital femoral epiphysis (in case of proximal femoral osteotomies). Removal of material used for osteosynthesis was not counted as a prior surgery at that site</p></fn>
<fn><p>TXA, tranexamic acid, preop, preoperative; intraop, intraoperative; pre, preoperative</p></fn>
</table-wrap-foot>
</table-wrap>
</sec>
<sec id="Sec3.3">
<title>Univariate and multivariate analyses</title>
<p>Variables with a statistically significant association with EBL in the univariate analysis were: age, sex, BMI, surgical site, bilateral surgery, revision surgery and procedure time (<xref ref-type="table" rid="T3">Table 3</xref>). These and other clinically relevant variables, including TXA, were entered in the mixed model for multivariate analysis.</p>
<table-wrap id="T3">
<label>Table 3</label>
<caption><p>Univariate and multivariate analyses</p></caption>
<table rules="all">
<thead>
<tr>
<th align="left" rowspan="2">Characteristic</th>
<th align="left" colspan="3">Univariate</th>
<th align="left" colspan="3">Multivariate</th>
</tr>
<tr>
<th align="left">Coefficient</th>
<th align="left">95% CI</th>
<th align="left">p-value</th>
<th align="left">Coefficient</th>
<th align="left">95% CI</th>
<th align="left">p-value</th>
</tr>
</thead>
<tbody>
<tr>
<td align="left">Age, yrs</td>
<td align="left">15</td>
<td align="left">11 to 19</td>
<td align="left">0.000</td>
<td align="left">13</td>
<td align="left">8 to 17</td>
<td align="left">0.000</td>
</tr>
<tr>
<td align="left" colspan="7">Sex</td>
</tr>
<tr>
<td align="left">&#x2003;Male</td>
<td align="left">65</td>
<td align="left">25; 104</td>
<td align="left">0.001</td>
<td align="left">34</td>
<td align="left">0.6; 67</td>
<td align="left">0.046</td>
</tr>
<tr>
<td align="left">&#x2003;Female</td>
<td align="left">Ref.</td>
<td align="left"></td>
<td align="left"></td>
<td align="left">Ref.</td>
<td align="left"></td>
<td align="left"></td>
</tr>
<tr>
<td align="left">BMI, kg/m<sup>2</sup></td>
<td align="left">16</td>
<td align="left">12 to 20</td>
<td align="left">0.000</td>
<td align="left">11</td>
<td align="left">7 to 16</td>
<td align="left">0.000</td>
</tr>
<tr>
<td align="left" colspan="7">Site</td>
</tr>
<tr>
<td align="left">&#x2003;Proximal femoral osteotomy</td>
<td align="left">-17</td>
<td align="left">-61 to 26</td>
<td align="left">0.43</td>
<td align="left">-55</td>
<td align="left">-101 to -10</td>
<td align="left">0.02</td>
</tr>
<tr>
<td align="left">&#x2003;Pelvic osteotomy</td>
<td align="left">-84</td>
<td align="left">-128 to -39</td>
<td align="left">0.000</td>
<td align="left">3</td>
<td align="left">-48 to 54</td>
<td align="left">0.91</td>
</tr>
<tr>
<td align="left">&#x2003;Proximal femoral and pelvic osteotomy</td>
<td align="left">Ref.</td>
<td align="left"></td>
<td align="left"></td>
<td align="left">Ref.</td>
<td align="left"></td>
<td align="left"></td>
</tr>
<tr>
<td align="left">Procedure time, mins)</td>
<td align="left">0.75</td>
<td align="left">0.51 to 0.98</td>
<td align="left">0.000</td>
<td align="left">0.52</td>
<td align="left">0.19 to 0.86</td>
<td align="left">0.002</td>
</tr>
<tr>
<td align="left" colspan="7">Side</td>
</tr>
<tr>
<td align="left">&#x2003;Unilateral</td>
<td align="left">-170</td>
<td align="left">-284 to -56</td>
<td align="left">0.004</td>
<td align="left">-40</td>
<td align="left">-136 to 56</td>
<td align="left">0.42</td>
</tr>
<tr>
<td align="left">&#x2003;Bilateral</td>
<td align="left">Ref.</td>
<td align="left"></td>
<td align="left"></td>
<td align="left">Ref.</td>
<td align="left"></td>
<td align="left"></td>
</tr>
<tr>
<td align="left">Prior surgery at site</td>
<td align="left">39</td>
<td align="left">13 to 65</td>
<td align="left">0.004</td>
<td align="left">20</td>
<td align="left">-6 to 45</td>
<td align="left">0.14</td>
</tr>
<tr>
<td align="left" colspan="7">TXA subgroups</td>
</tr>
<tr>
<td align="left">&#x2003;No TXA</td>
<td align="left">Ref.</td>
<td align="left"></td>
<td align="left"></td>
<td align="left">Ref.</td>
<td align="left"></td>
<td align="left"></td>
</tr>
<tr>
<td align="left">&#x2003;TXA preop</td>
<td align="left">-48</td>
<td align="left">-120 to 24</td>
<td align="left">0.19</td>
<td align="left">-66</td>
<td align="left">-129 to -4</td>
<td align="left">0.04</td>
</tr>
</tbody>
</table>
<table-wrap-foot>
<fn><p>Prior surgery at the same site included prior osteotomies, open repositions (in case of pelvic osteotomies), surgical treatment of a slipped capital femoral epiphysis (in case of proximal femoral osteotomies). Removal of material used for osteosynthesis was not counted as a prior surgery at that site.</p></fn>
<fn><p>The effect sizes and p-values of the univariate analysis were determined with one-way analysis of variance (ANOVA) tests. Effect sizes and p-values of the multivariate analysis were determined with a mixed model analysis.</p></fn>
<fn><p>CI, confidence interval; Ref., reference group; BMI, body mass index; TXA, tranexamic acid; preop, preoperative</p></fn>
</table-wrap-foot>
</table-wrap>
<p>In the mixed model, the following variables were significantly associated with increased EBL: age (regression coefficient (RC) = 13; 95% confidence interval (CI) 8 to 17; p = 0.000, i.e. 13 ml additional EBL per year increase in age), BMI (RC = 11; 95% CI 7 to 16; p = 0.000), male sex (RC = 34; 95% CI 0.6 to 67; p = 0.046) and procedure time (RC = 0.52; 95% CI 0.19 to 0.86; p = 0.002). Undergoing a proximal femoral osteotomy was associated with less EBL, compared with a combined osteotomy (RC = -55; 95% CI -101 to -10; p = 0.02). Regarding TXA, a single preoperative bolus was associated with less EBL compared with &#x2018;no TXA&#x2019; (RC = -66; 95% CI -129 to -4; p = 0.04, i.e. the &#x2018;TXA preop&#x2019; group had on average 66 ml less blood loss than the &#x2018;no TXA&#x2019; group, while accounting for confounders) (<xref ref-type="table" rid="T3">Table 3</xref>).</p>
</sec>
<sec id="Sec3.4">
<title>Sensitivity analysis</title>
<p>A second mixed model was constructed, including all TXA regime subgroups (<xref ref-type="table" rid="T4">Table 4</xref>). Overall, regression coefficient estimates and p-values were in the same order of magnitude as in the primary model. Regarding the TXA subgroups, there was still significantly less EBL in the &#x2018;TXA preop&#x2019; group: 67 ml less (95% CI -134 to -0.8; p = 0.047) compared with the &#x2018;no TXA&#x2019; group. Additionally, there was decreased blood loss in the &#x2018;TXA pump&#x2019; group (n = 7), but without statistical significance (RC = -25; 95% CI -125 to 75; p = 0.62). The &#x2018;TXA intraop&#x2019; (n = 43) and &#x2018;TXA pre- &#x0026; intraop&#x2019; (n = 1) groups were associated with increased blood loss (RC = 38; 95% CI -9 to 84; p = 0.11) and (RC = 611; 95% CI 365 to 858; p = 0.000), respectively, but with only one patient in the latter group.</p>
<table-wrap id="T4">
<label>Table 4</label>
<caption><p>Sensitivity analysis</p></caption>
<table rules="all">
<thead>
<tr>
<th align="left">Characteristic</th>
<th align="left">Coefficient</th>
<th align="left">95% CI</th>
<th align="left">p-value</th>
</tr>
</thead>
<tbody>
<tr>
<td align="left">Age, yrs</td>
<td align="left">14</td>
<td align="left">10 to 19</td>
<td align="left">0.000</td>
</tr>
<tr>
<td align="left" colspan="4">Sex</td>
</tr>
<tr>
<td align="left">&#x2003;Male</td>
<td align="left">36</td>
<td align="left">3 to 69</td>
<td align="left">0.03</td>
</tr>
<tr>
<td align="left">&#x2003;Female</td>
<td align="left">Ref.</td>
<td align="left"></td>
<td align="left"></td>
</tr>
<tr>
<td align="left">BMI, kg/m<sup>2</sup></td>
<td align="left">9</td>
<td align="left">5 to 13</td>
<td align="left">0.000</td>
</tr>
<tr>
<td align="left" colspan="4">Site</td>
</tr>
<tr>
<td align="left">&#x2003;Proximal femoral osteotomy</td>
<td align="left">-25</td>
<td align="left">-70 to 19</td>
<td align="left">0.26</td>
</tr>
<tr>
<td align="left">&#x2003;Pelvic osteotomy</td>
<td align="left">43</td>
<td align="left">-5 to 91</td>
<td align="left">0.08</td>
</tr>
<tr>
<td align="left">&#x2003;Proximal femoral and pelvic osteotomy</td>
<td align="left">Ref.</td>
<td align="left"></td>
<td align="left"></td>
</tr>
<tr>
<td align="left">Procedure time, mins</td>
<td align="left">0.72</td>
<td align="left">0.43 to 1.01</td>
<td align="left">0.000</td>
</tr>
<tr>
<td align="left" colspan="4">Side</td>
</tr>
<tr>
<td align="left">&#x2003;Unilateral</td>
<td align="left">-64</td>
<td align="left">-163 to 34</td>
<td align="left">0.20</td>
</tr>
<tr>
<td align="left">&#x2003;Bilateral</td>
<td align="left">Ref.</td>
<td align="left"></td>
<td align="left"></td>
</tr>
<tr>
<td align="left">Prior surgery at site</td>
<td align="left">27</td>
<td align="left">1 to 52</td>
<td align="left">0.04</td>
</tr>
<tr>
<td align="left" colspan="4">TXA subgroups</td>
</tr>
<tr>
<td align="left">&#x2003;No TXA</td>
<td align="left">Ref.</td>
<td align="left"></td>
<td align="left"></td>
</tr>
<tr>
<td align="left">&#x2003;TXA preop</td>
<td align="left">-67</td>
<td align="left">-134 to -0.8</td>
<td align="left">0.047</td>
</tr>
<tr>
<td align="left">&#x2003;TXA intraop</td>
<td align="left">38</td>
<td align="left">-9 to 84</td>
<td align="left">0.11</td>
</tr>
<tr>
<td align="left">&#x2003;TXA pump</td>
<td align="left">-25</td>
<td align="left">-125 to 75</td>
<td align="left">0.62</td>
</tr>
<tr>
<td align="left">&#x2003;TXA pre- &#x0026; intraop</td>
<td align="left">611</td>
<td align="left">365 to 858</td>
<td align="left">0.000</td>
</tr>
</tbody>
</table>
<table-wrap-foot>
<fn><p>Prior surgery at the same site included prior osteotomies, open repositions (in case of pelvic osteotomies), surgical treatment of a slipped capital femoral epiphysis (in case of proximal femoral osteotomies). Removal of material used for osteosynthesis was not counted as a prior surgery at that site.</p></fn>
<fn><p>Effect sizes and p-values were determined with a mixed model analysis.</p></fn>
<fn><p>CI, confidence interval; Ref., reference group; BMI, body mass index; TXA, tranexamic acid; preop, preoperative; intraop, intraoperative; pre, preoperative</p></fn>
</table-wrap-foot>
</table-wrap>
</sec>
</sec>
<sec id="Sec4" sec-type="discussion">
<title>Discussion</title>
<p>This first study assessing the association of TXA with intraoperative EBL in paediatric patients with PFPO for primary DDH and other indications, shows that a single preoperative TXA bolus is associated with 66 ml (33%) less EBL compared with no TXA.</p>
<p>Besides TXA, we found other variables associated with decreased blood loss in PFPO: female sex, younger age, lower BMI and shorter procedure time. With regards to sex, 52% of our study population consisted of patients with primary DDH, of whom 88% were female. Of these primary DDH patients, 72% were treated with a single osteotomy (proximal femoral or pelvic, i.e. no combined osteotomy). In contrast, 43% of male patients underwent a combined osteotomy, compared with 34% of females. In addition, 64% of male patients had a PFPO for secondary dysplasia, compared with 24% of female patients. Patients with secondary dysplasia (for example due to CP and other neuromuscular conditions) are more likely to endure major blood loss and blood transfusions during surgery.<sup><xref ref-type="bibr" rid="CR18">18</xref></sup> These factors could explain why male patients had higher blood loss in our study. As for the other variables: DDH surgery for older patients is generally more extensive and with larger osteotomy surfaces,<sup><xref ref-type="bibr" rid="CR19">19</xref></sup> which can result in more blood loss. Surgery in patients with higher BMI can be technically more demanding, which is generally associated with more blood loss and higher transfusion rates.<sup><xref ref-type="bibr" rid="CR20">20</xref></sup> The association we found with EBL and procedure time was in concordance with the literature.<sup><xref ref-type="bibr" rid="CR21">21</xref></sup> However, based on our results we could not define whether this was caused by, for example, poorer visibility due to higher blood loss or by more extensive and, therefore, longer procedures.</p>
<p>Comparing our results on TXA with the literature, we found four studies examining TXA and blood loss in paediatric PFPO, all retrospective and reporting only on patients with CP or other neuromuscular conditions. Three studies compared no TXA <italic>versus</italic> an intraoperative TXA bolus followed by a TXA pump.<sup><xref ref-type="bibr" rid="CR2">2</xref>-<xref ref-type="bibr" rid="CR4">4</xref></sup> The fourth study, of Majid et al,<sup><xref ref-type="bibr" rid="CR5">5</xref></sup> also compared no TXA <italic>versus</italic> TXA, but timing and dosage of TXA were not reported. Of these studies, Tzatzairis et al<sup><xref ref-type="bibr" rid="CR3">3</xref></sup> demonstrated decreased EBL with TXA, for unilateral as well as bilateral PFPO procedures: EBL 369 ml without TXA <italic>versus</italic> 241 ml with TXA in the unilateral group (p = 0.045) and 467 ml without TXA <italic>versus</italic> 287 ml with TXA in the bilateral group (p = 0.047). For the other three studies, the TXA groups demonstrated no significantly different EBL compared with no TXA: 159 ml in the no TXA group <italic>versus</italic> 144 ml in the TXA group (p = 0.58) for Nazareth et al;<sup><xref ref-type="bibr" rid="CR2">2</xref></sup> 200 ml in both groups (p = 0.63) for Lins et al;<sup><xref ref-type="bibr" rid="CR4">4</xref></sup> and 971 ml in the no TXA group <italic>versus</italic> 969 ml in the TXA group (p = 0.99) for Majid et al.<sup><xref ref-type="bibr" rid="CR5">5</xref></sup> However, Lins et al<sup><xref ref-type="bibr" rid="CR4">4</xref></sup> did report lower percent loss of blood volume and postoperative transfusion rates in the TXA group (37% in the TXA group <italic>versus</italic> 43% in the no TXA group, p = 0.001; and 32% <italic>versus</italic> 47%; p = 0.03, respectively). There were no reported results of multivariate analyses to correct for possible confounders in any of these studies. Hence, findings might have been influenced by confounders.<sup><xref ref-type="bibr" rid="CR2">2</xref>-<xref ref-type="bibr" rid="CR5">5</xref></sup> Furthermore, timing of TXA could explain relatively higher blood loss and transfusion rates in the TXA groups, for example due to confounding by indication: patients receiving TXA intraoperatively as a reaction on the observation of increased blood loss during surgery.</p>
<p>TXA has been more extensively studied, and shown effective in reducing blood loss and transfusion rates, in other fields of expertise, including adult arthroplasty,<sup><xref ref-type="bibr" rid="CR9">9</xref>-<xref ref-type="bibr" rid="CR11">11</xref></sup> spinal surgery<sup><xref ref-type="bibr" rid="CR12">12</xref></sup> and osteotomies;<sup><xref ref-type="bibr" rid="CR13">13</xref></sup> along with paediatric cardiac surgery,<sup><xref ref-type="bibr" rid="CR14">14</xref>,<xref ref-type="bibr" rid="CR15">15</xref></sup> craniosynostosis repair<sup><xref ref-type="bibr" rid="CR15">15</xref>,<xref ref-type="bibr" rid="CR16">16</xref></sup> and spinal surgery.<sup><xref ref-type="bibr" rid="CR14">14</xref>,<xref ref-type="bibr" rid="CR15">15</xref></sup> Both literature and clinical practice show high variability in dosage and timing of TXA administration, partly dependent on type of surgery. In knee and hip arthroplasty, TXA is often administered in a bolus followed by a continuous infusion (pump) or with two 1 gram TXA boluses (preoperatively and intra/postoperatively).<sup><xref ref-type="bibr" rid="CR22">22</xref>,<xref ref-type="bibr" rid="CR23">23</xref></sup> In distal femoral osteotomies, administration of two doses of 1 gram (preoperatively and postoperatively) has been associated with a reduction in postoperative blood loss.<sup><xref ref-type="bibr" rid="CR24">24</xref></sup> In paediatric scoliosis surgery, a TXA bolus of 100 mg/kg followed by a pump of 10 mg/kg/h has been suggested.<sup><xref ref-type="bibr" rid="CR15">15</xref></sup> For paediatric cardiac surgery, reported TXA boluses vary between 10 mg/kg to 100 mg/kg, sometimes followed by a pump of 10 mg/kg/h, or three TXA boluses of 10 mg/kg to 100 mg/kg administered both preoperatively and intraoperatively.<sup><xref ref-type="bibr" rid="CR15">15</xref>,<xref ref-type="bibr" rid="CR25">25</xref></sup> For PFPO in children, Lins et al,<sup><xref ref-type="bibr" rid="CR4">4</xref></sup> Tzatzairis et al<sup><xref ref-type="bibr" rid="CR3">3</xref></sup> and Nazareth et al<sup><xref ref-type="bibr" rid="CR2">2</xref></sup> reported an intraoperative TXA bolus of 10 mg/kg to 50 mg/kg, followed by a pump of 5 mg/kg/h to 10 mg/kg/h. In our study, the average dosage of the preoperative bolus was 16 mg/kg. To our knowledge, there are no studies assessing dose-response for TXA in paediatric orthopaedic surgery. Future research including more participants and a well-documented standard TXA dosing protocol is needed to gain more insight in timing and dosage of TXA.</p>
<p>In the current study, timing of TXA administration varied: no TXA, preoperative TXA bolus, intraoperative TXA bolus, intraoperative TXA pump and combined preoperative and intraoperative TXA boluses. Surgeons and anaesthesiologists appeared to use TXA preoperatively when higher risks and/or substantial blood loss were expected. For example, younger and smaller patients, and patients with combined or bilateral osteotomies seemed more likely to have TXA administered preoperatively. These variables were taken into account in the multivariate analyses. Other patients received TXA during surgery (intraoperatively), which has most likely been a response on intraoperative course and the observation of substantial blood loss. As this might lead to confounding by indication when assessing the association between TXA and blood loss, we chose to analyze the TXA groups separately. In the preop TXA group, TXA was administered regardless of intraoperative course and blood loss, making this group most suitable for assessing the association of TXA and blood loss. As such, we found a significant association with reduced blood loss for this specific TXA subgroup. The fact that we found more blood loss in the intraop TXA group, does not mean TXA had no effect in this particular group. It is supported by literature that TXA during bleeding events, for example in trauma patients, reduces blood loss.<sup><xref ref-type="bibr" rid="CR26">26</xref></sup> Hence, intraoperative TXA probably reduced blood loss in this specific subgroup as well. However, this cannot be supported by our data, as EBL was only reported in the medical charts at the end of the procedure.</p>
<p>Despite its advantages, there are factors to take into account when considering TXA. Although TXA is an antifibrinolytic agent and concerns exist that it may cause thromboembolic events, many large studies showed no increase in thromboembolic events in adults<sup><xref ref-type="bibr" rid="CR8">8</xref>,<xref ref-type="bibr" rid="CR10">10</xref>,<xref ref-type="bibr" rid="CR12">12</xref>,<xref ref-type="bibr" rid="CR13">13</xref></sup> and paediatric patients.<sup><xref ref-type="bibr" rid="CR15">15</xref>,<xref ref-type="bibr" rid="CR16">16</xref>,<xref ref-type="bibr" rid="CR25">25</xref></sup> Similarly, no thromboembolic events were observed in our study, or in the four discussed paediatric PFPO studies.<sup><xref ref-type="bibr" rid="CR2">2</xref>-<xref ref-type="bibr" rid="CR5">5</xref></sup> Therefore, intravenous administration of TXA appears to be safe. However, based on the available number of patients in our study, a final conclusion on the safety of TXA cannot be drawn. In addition, contraindications for TXA use have been reported that should be taken into consideration. Absolute contraindications are hypersensitivity/allergy for TXA, active thromboembolic disease and fibrinolytic conditions with consumption coagulopathy. Relative contraindications are renal impairment, inherited or acquired thrombosis disorders, preexisting coagulopathy and oral anticoagulant medication.<sup><xref ref-type="bibr" rid="CR27">27</xref></sup></p>
<p>The strengths of our study include the fact that this is the first study to investigate TXA and EBL in a large paediatric patient group with PFPO for a broad range of indications, including primary DDH, secondary dysplasia and other causes of hip joint incongruence. Therefore, the results of this study have a high external validity. Due to the number of patients, we were able to study associations of other outcome measures with EBL as well. Additionally, we took into account various methods of timing and dosage of TXA administration and corrected for confounding factors. However, there are several limitations to consider. Firstly, since this is a retrospective study, there is a higher possibility of inaccuracies and bias, including confounding by indication. For example, patients with substantial blood loss intraoperatively are more likely to have TXA administered intraoperatively as a response. With the multivariate analysis we attempted to correct for these confounding factors. Secondly, the TXA groups were relatively small compared with the &#x2018;no TXA&#x2019; group. Nonetheless, we found a statistically significant reduction in blood loss with preoperative TXA administration.</p>
<p>In conclusion, preoperative TXA administration in paediatric PFPO is associated with significantly reduced intraoperative blood loss, without thromboembolic events in our data. Therefore, TXA use appears to be effective in paediatric patients undergoing PFPO. However, further investigation with prospective studies and standardized TXA protocols in larger patient groups is needed to assess dosage, administration regimes and complications of TXA in children.</p>
</sec>
</body>
<back>
<ack>
<title>Open access</title>
<p>This article is distributed under the terms of the Creative Commons Attribution-Non Commercial 4.0 International (CC BY-NC 4.0) licence (<ext-link xlink:href="https://creativecommons.org/licenses/by-nc/4.0/" ext-link-type="uri">https://creativecommons.org/licenses/by-nc/4.0/</ext-link>) which permits non-commercial use, reproduction and distribution of the work without further permission provided the original work is attributed.</p>
</ack>
<sec id="Sec6">
<title>Compliance with ethical standards</title>
<sec id="Sec6.2">
<title>Funding statement</title>
<p>No benefits in any form have been received or will be received from a commercial party related directly or indirectly to the subject of this article.</p>
</sec>
<sec id="Sec6.3">
<title>Ethical statement</title>
<p><bold>Ethical approval:</bold> All procedures performed in studies involving human participants were in accordance with the ethical standards of the institutional and/or national research committee and with the 1964 Helsinki declaration and its later amendments or comparable ethical standards.</p>
<p><bold>Informed consent:</bold> This work did not require informed consent.</p>
</sec>
<sec id="Sec6.4">
<title>ICMJE Conflict of interest statement</title>
<p>The authors declare that they have no conflict of interest.</p>
</sec>
<sec id="Sec6.5">
<title>Acknowledgements</title>
<p>We would like to thank J.H. Waarsing, research scientist, Erasmus MC, University Medical Center Rotterdam, The Netherlands, Department of Orthopaedics and Sports Medicine, for assistance with our multivariate analysis; and M. Reijman, senior clinical research coordinator, Erasmus MC, University Medical Center Rotterdam, The Netherlands, Department of Orthopaedics and Sports Medicine, for assistance with our study design and methodology.</p>
</sec>
<sec id="Sec6.6">
<title>Author Contributions</title>
<p>AJB: Study design; Data acquisition; Data analyses and interpretation; Drafting, revision and approval of this article for submission.</p>
<p>DRJK: Study design; Data acquisition; Drafting, revision and approval of this article for submission.</p>
<p>PBdW: Study design; Data acquisition; Data analyses and interpretation; Drafting, revision and approval of this article for submission.</p>
</sec>
</sec>
<ref-list>
<title>References</title>
<ref id="CR1"><label>1.</label><mixed-citation publication-type="journal"><person-group person-group-type="author"><string-name><surname>Sankar</surname><x> </x><given-names>WN</given-names></string-name><x>, </x><string-name><surname>Duncan</surname><x> </x><given-names>ST</given-names></string-name><x>, </x><string-name><surname>Baca</surname><x> </x><given-names>GR</given-names></string-name><x>, </x><etal>et al</etal></person-group><x>. </x><article-title>Descriptive epidemiology of acetabular dysplasia: the academic network of conservational hip outcomes research (ANCHOR) periacetabular osteotomy</article-title><x>. </x><source>J Am Acad Orthop Surg</source><x> </x><year>2017</year><x>;</x><volume>25</volume><x>:</x><fpage>150</fpage><x>-</x><lpage>159</lpage><x>.</x></mixed-citation></ref>
<ref id="CR2"><label>2.</label><mixed-citation publication-type="journal"><person-group person-group-type="author"><string-name><surname>Nazareth</surname><x> </x><given-names>A</given-names></string-name><x>, </x><string-name><surname>Shymon</surname><x> </x><given-names>SJ</given-names></string-name><x>, </x><string-name><surname>Andras</surname><x> </x><given-names>L</given-names></string-name><x>, </x><string-name><surname>Goldstein</surname><x> </x><given-names>RY</given-names></string-name><x>, </x><string-name><surname>Kay</surname><x> </x><given-names>RM</given-names></string-name></person-group><x>. </x><article-title>Impact of tranexamic acid use on blood loss and transfusion rates following femoral varus derotational osteotomy in children with cerebral palsy</article-title><x>. </x><source>J Child Orthop</source><x> </x><year>2019</year><x>;</x><volume>13</volume><x>:</x><fpage>190</fpage><x>-</x><lpage>195</lpage><x>.</x></mixed-citation></ref>
<ref id="CR3"><label>3.</label><mixed-citation publication-type="journal"><person-group person-group-type="author"><string-name><surname>Tzatzairis</surname><x> </x><given-names>T</given-names></string-name><x>, </x><string-name><surname>McMahon</surname><x> </x><given-names>S</given-names></string-name><x>, </x><string-name><surname>Shilpa</surname><x> </x><given-names>J</given-names></string-name><x>, </x><string-name><surname>Maizen</surname><x> </x><given-names>C</given-names></string-name></person-group><x>. </x><article-title>Safety and efficacy of tranexamic acid in children with cerebral palsy undergoing femoral varus derotational osteotomy: a double cohort study</article-title><x>. </x><source>Eur J Orthop Surg Traumatol</source><x> </x><year>2020</year><x>;</x><volume>30</volume><x>:</x><fpage>1039</fpage><x>-</x><lpage>1044</lpage><x>.</x></mixed-citation></ref>
<ref id="CR4"><label>4.</label><mixed-citation publication-type="journal"><person-group person-group-type="author"><string-name><surname>Lins</surname><x> </x><given-names>LAB</given-names></string-name><x>, </x><string-name><surname>Miller</surname><x> </x><given-names>PE</given-names></string-name><x>, </x><string-name><surname>Samineni</surname><x> </x><given-names>A</given-names></string-name><x>, </x><etal>et al</etal></person-group><x>. </x><article-title>The use of tranexamic acid (TXA) in neuromuscular hip reconstruction: can we alter the need for blood transfusion?</article-title><x> </x><source>J Pediatr Orthop</source><x> </x><year>2020</year><x>;</x><volume>40</volume><x>:</x><fpage>e766</fpage><x>-</x><lpage>e771</lpage><x>.</x></mixed-citation></ref>
<ref id="CR5"><label>5.</label><mixed-citation publication-type="journal"><person-group person-group-type="author"><string-name><surname>Majid</surname><x> </x><given-names>I</given-names></string-name><x>, </x><string-name><surname>Alshryda</surname><x> </x><given-names>S</given-names></string-name><x>, </x><string-name><surname>Somanchi</surname><x> </x><given-names>B</given-names></string-name><x>, </x><string-name><surname>Morakis</surname><x> </x><given-names>E</given-names></string-name><x>, </x><string-name><surname>Foster</surname><x> </x><given-names>A</given-names></string-name></person-group><x>. </x><article-title>The value of tranexamic acid in reducing blood loss following hip reconstruction in children with cerebral palsy</article-title><x>. </x><source>J Blood Transfus</source><x> </x><year>2015</year><x>;</x><volume>2015</volume><x>:</x><fpage>827027</fpage><x>.</x></mixed-citation></ref>
<ref id="CR6"><label>6.</label><mixed-citation publication-type="journal"><person-group person-group-type="author"><string-name><surname>Minhas</surname><x> </x><given-names>SV</given-names></string-name><x>, </x><string-name><surname>Chow</surname><x> </x><given-names>I</given-names></string-name><x>, </x><string-name><surname>Bosco</surname><x> </x><given-names>J</given-names></string-name><x>, </x><string-name><surname>Otsuka</surname><x> </x><given-names>NY</given-names></string-name></person-group><x>. </x><article-title>Assessing the rates, predictors, and complications of blood transfusion volume in posterior arthrodesis for adolescent idiopathic scoliosis</article-title><x>. </x><source>Spine</source><x> </x><year>2015</year><x>;</x><volume>40</volume><x>:</x><fpage>1422</fpage><x>-</x><lpage>1430</lpage><x>.</x></mixed-citation></ref>
<ref id="CR7"><label>7.</label><mixed-citation publication-type="journal"><person-group person-group-type="author"><string-name><surname>Sultan</surname><x> </x><given-names>AA</given-names></string-name><x>, </x><string-name><surname>Berger</surname><x> </x><given-names>RJ</given-names></string-name><x>, </x><string-name><surname>Cantrell</surname><x> </x><given-names>WA</given-names></string-name><x>, </x><etal>et al</etal></person-group><x>. </x><article-title>Predictors of extended length of hospital stay in adolescent idiopathic scoliosis patients undergoing posterior segmental instrumented fusion: an analysis of 407 surgeries performed at a large academic center</article-title><x>. </x><source>Spine</source><x> </x><year>2019</year><x>;</x><volume>44</volume><x>:</x><fpage>715</fpage><x>-</x><lpage>722</lpage><x>.</x></mixed-citation></ref>
<ref id="CR8"><label>8.</label><mixed-citation publication-type="journal"><person-group person-group-type="author"><string-name><surname>Tobias</surname><x> </x><given-names>JD</given-names></string-name></person-group><x>. </x><article-title>Strategies for minimizing blood loss in orthopedic surgery</article-title><x>. </x><source>Semin Hematol</source><x> </x><year>2004</year><x>;</x><volume>41</volume><x> (</x><supplement>suppl 1</supplement><x>):</x><fpage>145</fpage><x>-</x><lpage>156</lpage><x>.</x></mixed-citation></ref>
<ref id="CR9"><label>9.</label><mixed-citation publication-type="journal"><person-group person-group-type="author"><string-name><surname>Fillingham</surname><x> </x><given-names>YA</given-names></string-name><x>, </x><string-name><surname>Ramkumar</surname><x> </x><given-names>DB</given-names></string-name><x>, </x><string-name><surname>Jevsevar</surname><x> </x><given-names>DS</given-names></string-name><x>, </x><etal>et al</etal></person-group><x>. </x><article-title>The efficacy of tranexamic acid in total hip arthroplasty: A network meta-analysis</article-title><x>. </x><source>J Arthroplasty</source><x> </x><year>2018</year><x>;</x><volume>33</volume><x>:</x><fpage>3083</fpage><x>-</x><lpage>3089.e4</lpage><x>.</x></mixed-citation></ref>
<ref id="CR10"><label>10.</label><mixed-citation publication-type="journal"><person-group person-group-type="author"><string-name><surname>Henry</surname><x> </x><given-names>DA</given-names></string-name><x>, </x><string-name><surname>Carless</surname><x> </x><given-names>PA</given-names></string-name><x>, </x><string-name><surname>Moxey</surname><x> </x><given-names>AJ</given-names></string-name><x>, </x><etal>et al</etal></person-group><x>. </x><article-title>Anti-fibrinolytic use for minimising perioperative allogeneic blood transfusion</article-title><x>. </x><source>Cochrane Database Syst Rev</source><x> </x><year>2011</year><x>;</x><volume>2011</volume><x>:</x><fpage>CD001886</fpage><x>.</x></mixed-citation></ref>
<ref id="CR11"><label>11.</label><mixed-citation publication-type="journal"><person-group person-group-type="author"><string-name><surname>Fillingham</surname><x> </x><given-names>YA</given-names></string-name><x>, </x><string-name><surname>Ramkumar</surname><x> </x><given-names>DB</given-names></string-name><x>, </x><string-name><surname>Jevsevar</surname><x> </x><given-names>DS</given-names></string-name><x>, </x><etal>et al</etal></person-group><x>. </x><article-title>The efficacy of tranexamic acid in total knee arthroplasty: A network meta-analysis</article-title><x>. </x><source>J Arthroplasty</source><x> </x><year>2018</year><x>;</x><volume>33</volume><x>:</x><fpage>3090</fpage><x>-</x><lpage>3098.e1</lpage><x>.</x></mixed-citation></ref>
<ref id="CR12"><label>12.</label><mixed-citation publication-type="journal"><person-group person-group-type="author"><string-name><surname>Yang</surname><x> </x><given-names>B</given-names></string-name><x>, </x><string-name><surname>Li</surname><x> </x><given-names>H</given-names></string-name><x>, </x><string-name><surname>Wang</surname><x> </x><given-names>D</given-names></string-name><x>, </x><etal>et al</etal></person-group><x>. </x><article-title>Systematic review and meta-analysis of perioperative intravenous tranexamic acid use in spinal surgery</article-title><x>. </x><source>PLoS One</source><x> </x><year>2013</year><x>;</x><volume>8</volume><x>:</x><fpage>e55436</fpage><x>.</x></mixed-citation></ref>
<ref id="CR13"><label>13.</label><mixed-citation publication-type="journal"><person-group person-group-type="author"><string-name><surname>Yao</surname><x> </x><given-names>RZ</given-names></string-name><x>, </x><string-name><surname>Gao</surname><x> </x><given-names>WQ</given-names></string-name><x>, </x><string-name><surname>Wang</surname><x> </x><given-names>BW</given-names></string-name><x>, </x><etal>et al</etal></person-group><x>. </x><article-title>Efficacy and safety of tranexamic acid in reducing blood loss of lower extremity osteotomy in peri-acetabulum and high tibia: A systematic review and meta-analysis</article-title><x>. </x><source>Orthop Surg</source><x> </x><year>2019</year><x>;</x><volume>11</volume><x>:</x><fpage>545</fpage><x>-</x><lpage>551</lpage><x>.</x></mixed-citation></ref>
<ref id="CR14"><label>14.</label><mixed-citation publication-type="journal"><person-group person-group-type="author"><string-name><surname>Schouten</surname><x> </x><given-names>ES</given-names></string-name><x>, </x><string-name><surname>van de Pol</surname><x> </x><given-names>AC</given-names></string-name><x>, </x><string-name><surname>Schouten</surname><x> </x><given-names>AN</given-names></string-name><x>, </x><etal>et al</etal></person-group><x>. </x><article-title>The effect of aprotinin, tranexamic acid, and aminocaproic acid on blood loss and use of blood products in major pediatric surgery: a meta-analysis</article-title><x>. </x><source>Pediatr Crit Care Med</source><x> </x><year>2009</year><x>;</x><volume>10</volume><x>:</x><fpage>182</fpage><x>-</x><lpage>190</lpage><x>.</x></mixed-citation></ref>
<ref id="CR15"><label>15.</label><mixed-citation publication-type="journal"><person-group person-group-type="author"><string-name><surname>Basta</surname><x> </x><given-names>MN</given-names></string-name><x>, </x><string-name><surname>Stricker</surname><x> </x><given-names>PA</given-names></string-name><x>, </x><string-name><surname>Taylor</surname><x> </x><given-names>JA</given-names></string-name></person-group><x>. </x><article-title>A systematic review of the use of antifibrinolytic agents in pediatric surgery and implications for craniofacial use</article-title><x>. </x><source>Pediatr Surg Int</source><x> </x><year>2012</year><x>;</x><volume>28</volume><x>:</x><fpage>1059</fpage><x>-</x><lpage>1069</lpage><x>.</x></mixed-citation></ref>
<ref id="CR16"><label>16.</label><mixed-citation publication-type="journal"><person-group person-group-type="author"><string-name><surname>Fenger-Eriksen</surname><x> </x><given-names>C</given-names></string-name><x>, </x><string-name><surname>D&#x2019;Amore Lindholm</surname><x> </x><given-names>A</given-names></string-name><x>, </x><string-name><surname>N&#x00F8;rholt</surname><x> </x><given-names>SE</given-names></string-name><x>, </x><etal>et al</etal></person-group><x>. </x><article-title>Reduced perioperative blood loss in children undergoing craniosynostosis surgery using prolonged tranexamic acid infusion: a randomised trial</article-title><x>. </x><source>Br J Anaesth</source><x> </x><year>2019</year><x>;</x><volume>122</volume><x>:</x><fpage>760</fpage><x>-</x><lpage>766</lpage><x>.</x></mixed-citation></ref>
<ref id="CR17"><label>17.</label><mixed-citation publication-type="journal"><person-group person-group-type="author"><string-name><surname>Nishijima</surname><x> </x><given-names>DK</given-names></string-name><x>, </x><string-name><surname>Monuteaux</surname><x> </x><given-names>MC</given-names></string-name><x>, </x><string-name><surname>Faraoni</surname><x> </x><given-names>D</given-names></string-name><x>, </x><etal>et al</etal></person-group><x>. </x><article-title>Tranexamic acid use in united states children&#x2019;s hospitals</article-title><x>. </x><source>J Emerg Med</source><x> </x><year>2016</year><x>;</x><volume>50</volume><x>:</x><fpage>868</fpage><x>-</x><lpage>874.e1</lpage><x>.</x></mixed-citation></ref>
<ref id="CR18"><label>18.</label><mixed-citation publication-type="journal"><person-group person-group-type="author"><string-name><surname>Brenn</surname><x> </x><given-names>BR</given-names></string-name><x>, </x><string-name><surname>Theroux</surname><x> </x><given-names>MC</given-names></string-name><x>, </x><string-name><surname>Dabney</surname><x> </x><given-names>KW</given-names></string-name><x>, </x><string-name><surname>Miller</surname><x> </x><given-names>F</given-names></string-name></person-group><x>. </x><article-title>Clotting parameters and thromboelastography in children with neuromuscular and idiopathic scoliosis undergoing posterior spinal fusion</article-title><x>. </x><source>Spine</source><x> </x><year>2004</year><x>;</x><volume>29</volume><x>:</x><fpage>E310</fpage><x>-</x><lpage>E314</lpage><x>.</x></mixed-citation></ref>
<ref id="CR19"><label>19.</label><mixed-citation publication-type="journal"><person-group person-group-type="author"><string-name><surname>Yang</surname><x> </x><given-names>S</given-names></string-name><x>, </x><string-name><surname>Zusman</surname><x> </x><given-names>N</given-names></string-name><x>, </x><string-name><surname>Lieberman</surname><x> </x><given-names>E</given-names></string-name><x>, </x><string-name><surname>Goldstein</surname><x> </x><given-names>RY</given-names></string-name></person-group><x>. </x><article-title>Developmental dysplasia of the hip</article-title><x>. </x><source>Pediatrics</source><x> </x><year>2019</year><x>;</x><volume>143</volume><x>:</x><fpage>e20181147</fpage><x>.</x></mixed-citation></ref>
<ref id="CR20"><label>20.</label><mixed-citation publication-type="journal"><person-group person-group-type="author"><string-name><surname>Basques</surname><x> </x><given-names>BA</given-names></string-name><x>, </x><string-name><surname>Meadows</surname><x> </x><given-names>MC</given-names></string-name><x>, </x><string-name><surname>Grauer</surname><x> </x><given-names>JN</given-names></string-name><x>, </x><string-name><surname>Kogan</surname><x> </x><given-names>M</given-names></string-name></person-group><x>. </x><article-title>Pediatric obesity is associated with short-term risks after pelvic osteotomy</article-title><x>. </x><source>J Pediatr Orthop B</source><x> </x><year>2019</year><x>;</x><volume>28</volume><x>:</x><fpage>95</fpage><x>-</x><lpage>99</lpage><x>.</x></mixed-citation></ref>
<ref id="CR21"><label>21.</label><mixed-citation publication-type="journal"><person-group person-group-type="author"><string-name><surname>Sherrod</surname><x> </x><given-names>BA</given-names></string-name><x>, </x><string-name><surname>Baker</surname><x> </x><given-names>DK</given-names></string-name><x>, </x><string-name><surname>Gilbert</surname><x> </x><given-names>SR</given-names></string-name></person-group><x>. </x><article-title>Blood transfusion incidence, risk factors, and associated complications in surgical treatment of hip dysplasia</article-title><x>. </x><source>J Pediatr Orthop</source><x> </x><year>2018</year><x>;</x><volume>38</volume><x>:</x><fpage>208</fpage><x>-</x><lpage>216</lpage><x>.</x></mixed-citation></ref>
<ref id="CR22"><label>22.</label><mixed-citation publication-type="journal"><person-group person-group-type="author"><string-name><surname>Hsu</surname><x> </x><given-names>CH</given-names></string-name><x>, </x><string-name><surname>Lin</surname><x> </x><given-names>PC</given-names></string-name><x>, </x><string-name><surname>Kuo</surname><x> </x><given-names>FC</given-names></string-name><x>, </x><string-name><surname>Wang</surname><x> </x><given-names>JW</given-names></string-name></person-group><x>. </x><article-title>A regime of two intravenous injections of tranexamic acid reduces blood loss in minimally invasive total hip arthroplasty: a prospective randomised double-blind study</article-title><x>. </x><source>Bone Joint J</source><x> </x><year>2015</year><x>;</x><volume>97-B</volume><x>:</x><fpage>905</fpage><x>-</x><lpage>910</lpage><x>.</x></mixed-citation></ref>
<ref id="CR23"><label>23.</label><mixed-citation publication-type="journal"><person-group person-group-type="author"><string-name><surname>Zufferey</surname><x> </x><given-names>P</given-names></string-name><x>, </x><string-name><surname>Merquiol</surname><x> </x><given-names>F</given-names></string-name><x>, </x><string-name><surname>Laporte</surname><x> </x><given-names>S</given-names></string-name><x>, </x><etal>et al</etal></person-group><x>. </x><article-title>Do antifibrinolytics reduce allogeneic blood transfusion in orthopedic surgery?</article-title><x> </x><source>Anesthesiology</source><x> </x><year>2006</year><x>;</x><volume>105</volume><x>:</x><fpage>1034</fpage><x>-</x><lpage>1046</lpage><x>.</x></mixed-citation></ref>
<ref id="CR24"><label>24.</label><mixed-citation publication-type="journal"><person-group person-group-type="author"><string-name><surname>Steinhaus</surname><x> </x><given-names>ME</given-names></string-name><x>, </x><string-name><surname>Buksbaum</surname><x> </x><given-names>J</given-names></string-name><x>, </x><string-name><surname>Eisenman</surname><x> </x><given-names>A</given-names></string-name><x>, </x><etal>et al</etal></person-group><x>. </x><article-title>Tranexamic acid reduces postoperative blood loss in distal femoral osteotomy</article-title><x>. </x><source>J Knee Surg</source><x> </x><year>2020</year><x>;</x><volume>33</volume><x>:</x><fpage>440</fpage><x>-</x><lpage>444</lpage><x>.</x></mixed-citation></ref>
<ref id="CR25"><label>25.</label><mixed-citation publication-type="journal"><person-group person-group-type="author"><string-name><surname>Chauhan</surname><x> </x><given-names>S</given-names></string-name><x>, </x><string-name><surname>Bisoi</surname><x> </x><given-names>A</given-names></string-name><x>, </x><string-name><surname>Kumar</surname><x> </x><given-names>N</given-names></string-name><x>, </x><etal>et al</etal></person-group><x>. </x><article-title>Dose comparison of tranexamic acid in pediatric cardiac surgery</article-title><x>. </x><source>Asian Cardiovasc Thorac Ann</source><x> </x><year>2004</year><x>;</x><volume>12</volume><x>:</x><fpage>121</fpage><x>-</x><lpage>124</lpage><x>.</x></mixed-citation></ref>
<ref id="CR26"><label>26.</label><mixed-citation publication-type="journal"><person-group person-group-type="author"><string-name><surname>Roberts</surname><x> </x><given-names>I</given-names></string-name><x>, </x><string-name><surname>Shakur</surname><x> </x><given-names>H</given-names></string-name><x>, </x><string-name><surname>Coats</surname><x> </x><given-names>T</given-names></string-name><x>, </x><etal>et al</etal></person-group><x>. </x><article-title>The CRASH-2 trial: a randomised controlled trial and economic evaluation of the effects of tranexamic acid on death, vascular occlusive events and transfusion requirement in bleeding trauma patients</article-title><x>. </x><source>Health Technol Assess</source><x> </x><year>2013</year><x>;</x><volume>17</volume><x>:</x><fpage>1</fpage><x>-</x><lpage>79</lpage><x>.</x></mixed-citation></ref>
<ref id="CR27"><label>27.</label><mixed-citation publication-type="journal"><person-group person-group-type="author"><string-name><surname>Goobie</surname><x> </x><given-names>SM</given-names></string-name><x>, </x><string-name><surname>Faraoni</surname><x> </x><given-names>D</given-names></string-name></person-group><x>. </x><article-title>Tranexamic acid and perioperative bleeding in children: what do we still need to know?</article-title><x> </x><source>Curr Opin Anaesthesiol</source><x> </x><year>2019</year><x>;</x><volume>32</volume><x>:</x><fpage>343</fpage><x>-</x><lpage>352</lpage><x>.</x></mixed-citation></ref>
</ref-list>
</back>
</article>