<?xml version="1.0"?>
<front><journal-meta><journal-id journal-id-type="nlm-ta">J. Roy. Nav. Med. Serv.</journal-id><journal-id journal-id-type="publisher-id">jrnms</journal-id><journal-title-group><journal-title>The Journal of the Royal Naval Medical Service</journal-title><abbrev-journal-title>J. Roy. Nav. Med. Serv.</abbrev-journal-title></journal-title-group><issn pub-type="epub">0035-9033</issn><publisher><publisher-name>Staples Press</publisher-name><publisher-loc>London</publisher-loc></publisher></journal-meta><article-meta><article-id pub-id-type="publisher-id">jrnms-90-7</article-id><article-id pub-id-type="doi">10.1136/jrnms-90-7</article-id><article-categories><subj-group subj-group-type="ArtType"><subject>Editorial</subject></subj-group></article-categories><title-group><article-title>ssed Opportunities? 	From the President'sOffice - May  2006</article-title></title-group><contrib-group><contrib contrib-type="author"><name><surname> J G</surname><given-names>McArthur</given-names><prefix>GP Symposium Proceedings</prefix></name><degrees>Petty Officer Naval Nurse M Taylor, BSc (Hons)</degrees><role>Nurse Practitioner</role></contrib><aff>Royal Hospital Haslar / Fort Blockhouse, Gosport, Hampshire</aff></contrib-group><pub-date pub-type="ppub"><month>3</month><year>2004</year></pub-date><volume>90</volume><issue>1</issue><fpage>7</fpage><lpage>10</lpage><permissions><copyright-statement>© 2004 Staples Press.</copyright-statement><copyright-year>2004</copyright-year></permissions><self-uri xmlns:xlink="http://www.w3.org/1999/xlink" xlink:title="pdf" xlink:href="jrnms-90-7.pdf"/><abstract><title>Abstract:</title><p>As the first primary care nurse practitioner, the author wished to explore the future use of Patient Group Directions (PGD’s) within the Royal Naval Medical Services (RNMS). Extensive investigations carried out within the National Health Service (NHS) have resulted in changes in legislation allowing registered nurses to supply medications using PGD’s. The design and implementation of PGD’s require a cohesive approach of a doctor or dentist, a pharmacist and the lead health care professional. In order that they are implemented in a safe and effective manner all concerned parties must undertake a robust education and training programme. The RNMS will need to address a number of change management issues in order that registered nurses are supported in continuing professional development and PGD’s are adopted as practice.</p></abstract></article-meta></front>
