<?xml version="1.0" encoding="UTF-8"?><!DOCTYPE book PUBLIC "-//NLM//DTD BITS Book Interchange DTD v2.0 20151225//EN" "BITS-book2.dtd"><book xmlns:mml="http://www.w3.org/1998/Math/MathML" xmlns:xlink="http://www.w3.org/1999/xlink"><book-meta><book-id book-id-type="publisher-id">bsava</book-id><book-id book-id-type="doi">10.22233/9781913859008</book-id><subj-group subj-group-type="content-type"><subject>Proceedings</subject></subj-group><book-title-group><book-title>BSAVA Congress Proceedings 2021</book-title></book-title-group><pub-date><month>May</month><year>2021</year></pub-date><isbn content-type="epub">978-1-913859-00-8</isbn><publisher><publisher-name>British Small Animal Veterinary Association</publisher-name></publisher><edition>1st</edition><permissions><copyright-statement>© 2021 British Small Animal Veterinary Association</copyright-statement><copyright-year>2021</copyright-year><copyright-holder>British Small Animal Veterinary Association</copyright-holder></permissions><self-uri xlink:role="http://pub2web.metastore.ingenta.com/ns/coverImage" xlink:href="cover.gif"/><abstract><p>BSAVA is pleased to provide recordings of more than 170 lectures from its 2021 virtual Congress. Lectures consist of both ‘on-demand’ pre-recorded sessions and live-recorded sessions, which typically include two speakers presenting their viewpoints on the topic and followed by a recording of a live discussion or Q&amp;A. Many lectures have additional resources, available via the Podcasts tab, providing further reading or other information. Most lectures are suitable for the whole practice team. You can purchase access to the full 2021 lecture package via the ‘buy online access’ button above, or you can buy an individual lecture by clicking on an individual lecture and purchasing access. If you have a library pass you can use this to access lectures – go to a lecture and click on the ‘use pass’ button. BSAVA members receive a discount on all purchases. See our <ext-link ext-link-type="uri" xlink:href="https://pages/congressondemand">Congress On Demand information page</ext-link> for more details of purchasing options. Please note that lecture recordings are as supplied by our virtual event provider.</p></abstract><counts><book-page-count count="1">1</book-page-count></counts></book-meta><book-body><book-part book-part-type="chapter" specific-use="audio-video" id="Ch08"><book-part-meta><book-part-id book-part-id-type="doi">10.22233/9781913859008.1</book-part-id><subj-group subj-group-type="chapter-section"><subject>Oral presentations</subject></subj-group><subj-group subj-group-type="chapter-stream-name"><subject>Internal Medicine, Diagnostic Imaging and Cardiology</subject></subj-group><subj-group subj-group-type="chapter-product-type"><subject>Congress Proceedings</subject></subj-group><subj-group subj-group-type="chapter-content-type"><subject>Clinical abstract</subject></subj-group><subj-group subj-group-type="chapter-index-type"><subject>Abstract</subject></subj-group><subj-group subj-group-type="topic-type"><subject>Internal medicine; Imaging; Cardiology</subject></subj-group><subj-group subj-group-type="resource-type"><subject>undefined</subject></subj-group><subj-group subj-group-type="animal-type"><subject>undefined</subject></subj-group><title-group><title>Session 8: Internal medicine; diagnostic imaging; cardiology</title></title-group><contrib-group><contrib><name><surname>Harriet</surname><given-names>Hall</given-names></name><name><surname>Nick</surname><given-names>Bexfield</given-names></name><name><surname>Barbara</surname><given-names>Skelly</given-names></name><name><surname>Alba Maldonado</surname><given-names>Moreno</given-names></name><name><surname>Paola</surname><given-names>Monti</given-names></name><name><surname>Marina Martín-Ambrosio</surname><given-names>Francés</given-names></name><name><surname>Mayank</surname><given-names>Seth</given-names></name><name><surname>Mellora</surname><given-names>Sharman</given-names></name><name><surname>Danica</surname><given-names>Pollard</given-names></name><name><surname>Ana Liza</surname><given-names>Ortiz</given-names></name><name><surname>Rachel</surname><given-names>Miller</given-names></name><name><surname>Thomas</surname><given-names>Natsiopoulos</given-names></name><name><surname>David</surname><given-names>Walker</given-names></name><name><surname>Bryn</surname><given-names>Jones</given-names></name><name><surname>Josh</surname><given-names>Hardwick</given-names></name><name><surname>Andrés Salas</surname><given-names>García</given-names></name><name><surname>Jessica</surname><given-names>Bacon</given-names></name><name><surname>Aida Gómez</surname><given-names>Selgas</given-names></name><name><surname>Julia</surname><given-names>Tang</given-names></name><name><surname>Barbara</surname><given-names>Glanemann</given-names></name><name><surname>James</surname><given-names>Swann</given-names></name><name><surname>Aimee</surname><given-names>Taylor</given-names></name><name><surname>Jenny</surname><given-names>Reeve</given-names></name><name><surname>Vicki</surname><given-names>Black</given-names></name><name><surname>Fiona</surname><given-names>Whitworth</given-names></name><name><surname>Lilah</surname><given-names>Moorman</given-names></name><name><surname>Anna</surname><given-names>Müller</given-names></name><name><surname>Anders E.</surname><given-names>Hansen</given-names></name><name><surname>Thomas L.</surname><given-names>Andresen</given-names></name><name><surname>Jonas R.</surname><given-names>Henriksen</given-names></name><name><surname>Thomas</surname><given-names>Eriksen</given-names></name><name><surname>Fintan J.</surname><given-names>McEvoy</given-names></name><name><surname>Oliver</surname><given-names>Taylor</given-names></name><name><surname>Rebekah</surname><given-names>Knight</given-names></name><name><surname>Marie-Aude</surname><given-names>Genain</given-names></name><name><surname>Laura</surname><given-names>Owen</given-names></name><name><surname>Thom</surname><given-names>Watton</given-names></name><name><surname>Andrew</surname><given-names>Fisher</given-names></name><name><surname>Katarina</surname><given-names>Hazuchova</given-names></name><name><surname>Imogen</surname><given-names>Schofield</given-names></name><name><surname>Dave</surname><given-names>Brodbelt</given-names></name><name><surname>Stijn</surname><given-names>Niessen</given-names></name><name><surname>Noel</surname><given-names>Kennedy</given-names></name><name><surname>Janine</surname><given-names>Khoo</given-names></name><name><surname>Rebecca</surname><given-names>Geddes</given-names></name><name><surname>Camilla</surname><given-names>Pegram</given-names></name><name><surname>David</surname><given-names>Brodbelt</given-names></name><name><surname>David</surname><given-names>Church</given-names></name><name><surname>Dan</surname><given-names>O'Neill</given-names></name><name><surname>Joao</surname><given-names>Escalda</given-names></name><name><surname>Siddharth</surname><given-names>Sudunagunta</given-names></name><name><surname>Hannah</surname><given-names>Hodgkiss-Geere</given-names></name><name><surname>Nekesa</surname><given-names>Morey</given-names></name><name><surname>Mikaela</surname><given-names>Mueller</given-names></name><name><surname>Inigo</surname><given-names>Sanz-Gonzalez</given-names></name><name><surname>Joanna B.</surname><given-names>Aitken</given-names></name><name><surname>Brigite</surname><given-names>Pedro</given-names></name><name><surname>Mike</surname><given-names>Martin</given-names></name><name><surname>Yolanda</surname><given-names>Martinez-Pereira</given-names></name><name><surname>Joanna</surname><given-names>Dukes-McEwan</given-names></name><name><surname>Geoff J.</surname><given-names>Culshaw</given-names></name><name><surname>Ana Margarida</surname><given-names>Silva</given-names></name><name><surname>Elizabeth F.</surname><given-names>Bode</given-names></name><name><surname>Jorge</surname><given-names>Prieto-Ramos</given-names></name><name><surname>Rodolfo Oliveira</surname><given-names>Leal</given-names></name><name><surname>Katarzyna</surname><given-names>Smiejan</given-names></name><name><surname>Fabio</surname><given-names>Sarcinella</given-names></name><name><surname>Valentina</surname><given-names>Palermo</given-names></name></contrib></contrib-group><pub-date><year>2021</year></pub-date><elocation-id>e8</elocation-id><permissions><copyright-statement>© 2021 British Small Animal Veterinary Association</copyright-statement><copyright-year>2021</copyright-year><copyright-holder>British Small Animal Veterinary Association</copyright-holder></permissions><abstract><p>Oral presentations given during the BSAVA Abstract sessions 24-26 May 2021. The use of chlorphenamine as a pretransfusion treatment in dogs: good or bad prophylaxis; Treatment response and long-term prognosis in feline precursor-targeted immune-mediated anaemia; Causes of thrombocytopenia in dogs in the UK: a retrospective study of 765 cases; Multimodal therapies in canine primary immune mediated haemolytic anaemia (PIMHA): a descriptive study; Utility of C-reactive protein as a biomarker of remission in immune-mediated polyarthritis in dogs; Ultrasound-guided placement of a near-infrared fluorescent liquid soft tissue marker for fiducial marking of regions-of-interest during surgical procedures in a dog; Sensitivity and specificity of abdominal ultrasonography for the detection of ectopic ureters in urinary incontinent dogs; Clinical presentation, computed tomographic findings, treatment and outcome of canine cutaneous lymphoma; 10 dogs; Co-morbidities associated with diabetes mellitus in Burmese cats; New ways for clinicians to view old diseases: using data clustering to classify Cushing’s syndrome; Hypothyroidism in dogs: epidemiology and clinical management in the first opinion population; Pulmonary hypertension in cats: causes and echocardiographic assessment; Development of atrial fibrillation and ventricular tachycardia in an adult cat with cor triatriatum sinister; Predictive value of cardiac remodeling on survival in dogs with persistent atrial standstill: the UK perspective; Association between neutering status and cardiac changes secondary to myxomatous mitral valve disease; Infectious myocarditis associated with transient myocardial thickening in a domestic short hair cat positive for bartonella henselae.</p></abstract><custom-meta-group><custom-meta><meta-name>elocation-id</meta-name><meta-value>e1</meta-value></custom-meta></custom-meta-group></book-part-meta><back><sec><title/><supplementary-material xmlns:xlink="http://www.w3.org/1999/xlink" id="S1" xlink:title="local_file" xlink:href="BSAVA_Abstract_Sessions_2021_8_Int-Med-and-Cardiology_Tues_PM_Room_2.mp4" mimetype="application/video/mp4"><caption/></supplementary-material><supplementary-material id="S2" mimetype="application/pdf" xlink:href="undefined.pdf" position="float" xlink:type="simple"><object-id pub-id-type="file-size"/><caption><title>undefined</title></caption></supplementary-material></sec></back></book-part></book-body></book>