<?xml version="1.0" encoding="UTF-8"?><!DOCTYPE book PUBLIC "-//NLM//DTD BITS Book Interchange DTD v2.0 20151225//EN" "BITS-book2.dtd"><book xmlns:mml="http://www.w3.org/1998/Math/MathML" xmlns:xlink="http://www.w3.org/1999/xlink"><book-meta><book-id book-id-type="publisher-id">bsava</book-id><book-id book-id-type="doi">10.22233/9781913859008</book-id><subj-group subj-group-type="content-type"><subject>Proceedings</subject></subj-group><book-title-group><book-title>BSAVA Congress Proceedings 2021</book-title></book-title-group><pub-date><month>May</month><year>2021</year></pub-date><isbn content-type="epub">978-1-913859-00-8</isbn><publisher><publisher-name>British Small Animal Veterinary Association</publisher-name></publisher><edition>1st</edition><permissions><copyright-statement>© 2021 British Small Animal Veterinary Association</copyright-statement><copyright-year>2021</copyright-year><copyright-holder>British Small Animal Veterinary Association</copyright-holder></permissions><self-uri xlink:role="http://pub2web.metastore.ingenta.com/ns/coverImage" xlink:href="cover.gif"/><abstract><p>BSAVA is pleased to provide recordings of more than 170 lectures from its 2021 virtual Congress. Lectures consist of both ‘on-demand’ pre-recorded sessions and live-recorded sessions, which typically include two speakers presenting their viewpoints on the topic and followed by a recording of a live discussion or Q&amp;A. Many lectures have additional resources, available via the Podcasts tab, providing further reading or other information. Most lectures are suitable for the whole practice team. You can purchase access to the full 2021 lecture package via the ‘buy online access’ button above, or you can buy an individual lecture by clicking on an individual lecture and purchasing access. If you have a library pass you can use this to access lectures – go to a lecture and click on the ‘use pass’ button. BSAVA members receive a discount on all purchases. See our <ext-link ext-link-type="uri" xlink:href="https://pages/congressondemand">Congress On Demand information page</ext-link> for more details of purchasing options. Please note that lecture recordings are as supplied by our virtual event provider.</p></abstract><counts><book-page-count count="1">1</book-page-count></counts></book-meta><book-body><book-part book-part-type="chapter" specific-use="audio-video" id="Ch02"><book-part-meta><book-part-id book-part-id-type="doi">10.22233/9781913859008.1</book-part-id><subj-group subj-group-type="chapter-section"><subject>Oral presentations</subject></subj-group><subj-group subj-group-type="chapter-stream-name"><subject>Neurology, Oncology</subject></subj-group><subj-group subj-group-type="chapter-product-type"><subject>Congress Proceedings</subject></subj-group><subj-group subj-group-type="chapter-content-type"><subject>Clinical abstract</subject></subj-group><subj-group subj-group-type="chapter-index-type"><subject>Abstract</subject></subj-group><subj-group subj-group-type="topic-type"><subject>Neurology; Oncology</subject></subj-group><subj-group subj-group-type="resource-type"><subject>undefined</subject></subj-group><subj-group subj-group-type="animal-type"><subject>undefined</subject></subj-group><title-group><title>Session 2: Neurology and oncology</title></title-group><contrib-group><contrib><name><surname>Max</surname><given-names>Foreman</given-names></name><name><surname>Enzo</surname><given-names>Vettorato</given-names></name><name><surname>Abby</surname><given-names>Caine</given-names></name><name><surname>Paola</surname><given-names>Monti</given-names></name><name><surname>Eminaga</surname><given-names>Salih</given-names></name><name><surname>Sarah</surname><given-names>Hobbs</given-names></name><name><surname>Emily</surname><given-names>Blackwell</given-names></name><name><surname>Rowena</surname><given-names>Packer</given-names></name><name><surname>Elizabeth</surname><given-names>Mahon</given-names></name><name><surname>Lisa</surname><given-names>Alves</given-names></name><name><surname>Timothy</surname><given-names>Williams</given-names></name><name><surname>Alenka Lavra</surname><given-names>Zajc</given-names></name><name><surname>Harry</surname><given-names>Warwick</given-names></name><name><surname>Chantal</surname><given-names>Rosa</given-names></name><name><surname>Jessica</surname><given-names>Grant</given-names></name><name><surname>Mary</surname><given-names>Marrington</given-names></name><name><surname>Matteo</surname><given-names>Pignanelli</given-names></name><name><surname>Aaron</surname><given-names>Harper</given-names></name><name><surname>Sarah</surname><given-names>Mason</given-names></name><name><surname>Ed</surname><given-names>Pilkington</given-names></name><name><surname>Steven De</surname><given-names>Decker</given-names></name><name><surname>Abtin</surname><given-names>Mojarradi</given-names></name><name><surname>Matteo</surname><given-names>Rossanese</given-names></name><name><surname>Dan</surname><given-names>Brockman</given-names></name><name><surname>Nele Van den</surname><given-names>Steen</given-names></name><name><surname>Stephen</surname><given-names>Cahalan</given-names></name><name><surname>Joe</surname><given-names>Fenn</given-names></name><name><surname>Faye</surname><given-names>Rawson</given-names></name><name><surname>Max</surname><given-names>Foreman</given-names></name><name><surname>Thomas</surname><given-names>Mignan</given-names></name><name><surname>Jack</surname><given-names>Galer</given-names></name><name><surname>Clare</surname><given-names>Rusbridge</given-names></name><name><surname>Serge</surname><given-names>Cirovic</given-names></name><name><surname>Jaye</surname><given-names>Western</given-names></name><name><surname>Abbe</surname><given-names>Crawford</given-names></name><name><surname>Alana</surname><given-names>McCarthy</given-names></name></contrib></contrib-group><pub-date><year>2021</year></pub-date><elocation-id>e2</elocation-id><permissions><copyright-statement>© 2021 British Small Animal Veterinary Association</copyright-statement><copyright-year>2021</copyright-year><copyright-holder>British Small Animal Veterinary Association</copyright-holder></permissions><abstract><p>Oral presentations given during the BSAVA Abstract sessions 24-26 May 2021. Serum C-reactive protein does not predict outcome in dogs with severe spinal cord injury secondary to intervertebral disc extrusion; Owner reported management of inter-ictal anxiety behaviours in canine epilepsy; Comparison of serum C-reactive protein in dogs with idiopathic and structural epilepsy; Bilateral trigeminal neuropathy associated with multicentric lymphoma in two dogs: clinical presentation, MRI findings and flow cytometry characteristics; Prognostic factors for survival in dogs with cerebral glioma receiving primary radiotherapy: a pilot study; Sinonasal mycosis as a long-term complication following transfrontal craniotomy in 3 dogs; Clinical features, treatment and outcome of bacterial meningitis in dogs; Slosh simulation in a computer model of canine syringomyelia; Cranial nerve assessment in normal and systemically unwell cats; Complications arising from cerebrospinal fluid collection in dogs: a retrospective case series.</p></abstract><custom-meta-group><custom-meta><meta-name>elocation-id</meta-name><meta-value>e1</meta-value></custom-meta></custom-meta-group></book-part-meta><back><sec><title/><supplementary-material xmlns:xlink="http://www.w3.org/1999/xlink" id="S1" xlink:title="local_file" xlink:href="BSAVA_Abstract_Sessions_2021_2_Neurology-and-Oncology_ Monday_AM_Room_2.mp4" mimetype="application/video/mp4"><caption/></supplementary-material><supplementary-material id="S2" mimetype="application/pdf" xlink:href="undefined.pdf" position="float" xlink:type="simple"><object-id pub-id-type="file-size"/><caption><title>undefined</title></caption></supplementary-material></sec></back></book-part></book-body></book>