<?xml version="1.0" encoding="UTF-8"?><!DOCTYPE book PUBLIC "-//NLM//DTD BITS Book Interchange DTD v2.0 20151225//EN" "BITS-book2.dtd"><book xmlns:mml="http://www.w3.org/1998/Math/MathML" xmlns:xlink="http://www.w3.org/1999/xlink"><book-meta><book-id book-id-type="publisher-id">bsava</book-id><book-id book-id-type="doi">10.22233/9781913859008</book-id><subj-group subj-group-type="content-type"><subject>Proceedings</subject></subj-group><book-title-group><book-title>BSAVA Congress Proceedings 2021</book-title></book-title-group><pub-date><month>May</month><year>2021</year></pub-date><isbn content-type="epub">978-1-913859-00-8</isbn><publisher><publisher-name>British Small Animal Veterinary Association</publisher-name></publisher><edition>1st</edition><permissions><copyright-statement>© 2021 British Small Animal Veterinary Association</copyright-statement><copyright-year>2021</copyright-year><copyright-holder>British Small Animal Veterinary Association</copyright-holder></permissions><self-uri xlink:role="http://pub2web.metastore.ingenta.com/ns/coverImage" xlink:href="cover.gif"/><abstract><p>BSAVA is pleased to provide recordings of more than 170 lectures from its 2021 virtual Congress. Lectures consist of both ‘on-demand’ pre-recorded sessions and live-recorded sessions, which typically include two speakers presenting their viewpoints on the topic and followed by a recording of a live discussion or Q&amp;A. Many lectures have additional resources, available via the Podcasts tab, providing further reading or other information. Most lectures are suitable for the whole practice team. You can purchase access to the full 2021 lecture package via the ‘buy online access’ button above, or you can buy an individual lecture by clicking on an individual lecture and purchasing access. If you have a library pass you can use this to access lectures – go to a lecture and click on the ‘use pass’ button. BSAVA members receive a discount on all purchases. See our <ext-link ext-link-type="uri" xlink:href="https://pages/congressondemand">Congress On Demand information page</ext-link> for more details of purchasing options. Please note that lecture recordings are as supplied by our virtual event provider.</p></abstract><counts><book-page-count count="1">1</book-page-count></counts></book-meta><book-body><book-part book-part-type="chapter" specific-use="audio-video" id="Ch27"><book-part-meta><book-part-id book-part-id-type="doi">10.22233/9781913859008.1</book-part-id><subj-group subj-group-type="chapter-section"><subject>Poster presentations</subject></subj-group><subj-group subj-group-type="chapter-stream-name"><subject>Posters presented at BSAVA Congress 2021</subject></subj-group><subj-group subj-group-type="chapter-product-type"><subject>Congress Proceedings</subject></subj-group><subj-group subj-group-type="chapter-content-type"><subject>Clinical abstract</subject></subj-group><subj-group subj-group-type="chapter-index-type"><subject>Abstract</subject></subj-group><subj-group subj-group-type="topic-type"><subject>Oncology</subject></subj-group><subj-group subj-group-type="resource-type"><subject>undefined</subject></subj-group><subj-group subj-group-type="animal-type"><subject>Rabbit</subject></subj-group><title-group><title>Rabbit Ocular and Eyelid Tumours: A Retrospective Histopathological Study of 15 Cases</title></title-group><contrib-group><contrib><name><surname>Robert</surname><given-names>Goss</given-names></name></contrib></contrib-group><pub-date><year>2021</year></pub-date><elocation-id>e27</elocation-id><permissions><copyright-statement>© 2021 British Small Animal Veterinary Association</copyright-statement><copyright-year>2021</copyright-year><copyright-holder>British Small Animal Veterinary Association</copyright-holder></permissions><abstract><p>A poster presentation from BSAVA virtual Congress 2021</p></abstract><custom-meta-group><custom-meta><meta-name>elocation-id</meta-name><meta-value>e1</meta-value></custom-meta></custom-meta-group></book-part-meta><back><sec><title/><supplementary-material xmlns:xlink="http://www.w3.org/1999/xlink" id="S1" xlink:title="local_file" xlink:href="undefined.mp4" mimetype="application/video/mp4"><caption/></supplementary-material><supplementary-material id="S2" mimetype="application/pdf" xlink:href="Goss_Robert.pdf.pdf" position="float" xlink:type="simple"><object-id pub-id-type="file-size"/><caption><title>Poster presentation</title></caption></supplementary-material></sec></back></book-part></book-body></book>