<?xml version="1.0" encoding="UTF-8"?><!DOCTYPE book PUBLIC "-//NLM//DTD BITS Book Interchange DTD v2.0 20151225//EN" "BITS-book2.dtd"><book xmlns:mml="http://www.w3.org/1998/Math/MathML" xmlns:xlink="http://www.w3.org/1999/xlink"><book-meta><book-id book-id-type="publisher-id">bsava</book-id><book-id book-id-type="doi">10.22233/9781913859008</book-id><subj-group subj-group-type="content-type"><subject>Proceedings</subject></subj-group><book-title-group><book-title>BSAVA Congress Proceedings 2021</book-title></book-title-group><pub-date><month>May</month><year>2021</year></pub-date><isbn content-type="epub">978-1-913859-00-8</isbn><publisher><publisher-name>British Small Animal Veterinary Association</publisher-name></publisher><edition>1st</edition><permissions><copyright-statement>© 2021 British Small Animal Veterinary Association</copyright-statement><copyright-year>2021</copyright-year><copyright-holder>British Small Animal Veterinary Association</copyright-holder></permissions><self-uri xlink:role="http://pub2web.metastore.ingenta.com/ns/coverImage" xlink:href="cover.gif"/><abstract><p>BSAVA is pleased to provide recordings of more than 170 lectures from its 2021 virtual Congress. Lectures consist of both ‘on-demand’ pre-recorded sessions and live-recorded sessions, which typically include two speakers presenting their viewpoints on the topic and followed by a recording of a live discussion or Q&amp;A. Many lectures have additional resources, available via the Podcasts tab, providing further reading or other information. Most lectures are suitable for the whole practice team. You can purchase access to the full 2021 lecture package via the ‘buy online access’ button above, or you can buy an individual lecture by clicking on an individual lecture and purchasing access. If you have a library pass you can use this to access lectures – go to a lecture and click on the ‘use pass’ button. BSAVA members receive a discount on all purchases. See our <ext-link ext-link-type="uri" xlink:href="https://pages/congressondemand">Congress On Demand information page</ext-link> for more details of purchasing options. Please note that lecture recordings are as supplied by our virtual event provider.</p></abstract><counts><book-page-count count="1">1</book-page-count></counts></book-meta><book-body><book-part book-part-type="chapter" specific-use="audio-video" id="Ch10"><book-part-meta><book-part-id book-part-id-type="doi">10.22233/9781913859008.1</book-part-id><subj-group subj-group-type="chapter-section"><subject>Oral presentations</subject></subj-group><subj-group subj-group-type="chapter-stream-name"><subject>Clinical Pathology, Dermatology, Primary Practice and the Profession</subject></subj-group><subj-group subj-group-type="chapter-product-type"><subject>Congress Proceedings</subject></subj-group><subj-group subj-group-type="chapter-content-type"><subject>Clinical abstract</subject></subj-group><subj-group subj-group-type="chapter-index-type"><subject>Abstract</subject></subj-group><subj-group subj-group-type="topic-type"><subject>Clinical pathology and cytology; Dermatology</subject></subj-group><subj-group subj-group-type="resource-type"><subject>undefined</subject></subj-group><subj-group subj-group-type="animal-type"><subject>undefined</subject></subj-group><title-group><title>Session 10: Clinical pathology; dermatology; primary practice and the profession</title></title-group><contrib-group><contrib><name><surname>James</surname><given-names>Miles</given-names></name><name><surname>Michelle Brønniche Møller</surname><given-names>Nielsen</given-names></name><name><surname>Lise Nikolic</surname><given-names>Nielsen</given-names></name><name><surname>Kristín</surname><given-names>Aðalsteinsdóttir</given-names></name><name><surname>Arna</surname><given-names>Ólafsdóttir</given-names></name><name><surname>Raquel</surname><given-names>Santiago</given-names></name><name><surname>Luis</surname><given-names>Feo</given-names></name><name><surname>Josep</surname><given-names>Pastor</given-names></name><name><surname>Monica</surname><given-names>Sanchez</given-names></name><name><surname>Alba</surname><given-names>Bercianos</given-names></name><name><surname>Jordi</surname><given-names>Puig</given-names></name><name><surname>Zoe</surname><given-names>Donovan</given-names></name><name><surname>Michelle</surname><given-names>Greaves</given-names></name><name><surname>Andrea</surname><given-names>Wright</given-names></name><name><surname>Edwina</surname><given-names>Gildea</given-names></name><name><surname>Louise</surname><given-names>Longstaff</given-names></name><name><surname>Robin</surname><given-names>Wyn</given-names></name><name><surname>Nirav</surname><given-names>Nagda</given-names></name><name><surname>Kristina</surname><given-names>DiPietrantonio</given-names></name><name><surname>Ashley</surname><given-names>Enstone</given-names></name><name><surname>Danielle</surname><given-names>Riley</given-names></name><name><surname>Marie-Christine</surname><given-names>Cadiergues</given-names></name><name><surname>Akash</surname><given-names>Alexander</given-names></name><name><surname>Heidi</surname><given-names>Radke</given-names></name><name><surname>Heather</surname><given-names>Davies</given-names></name><name><surname>Gina</surname><given-names>Pinchbeck</given-names></name><name><surname>P-J.M</surname><given-names>Noble</given-names></name><name><surname>Munir</surname><given-names>Pirmohamed</given-names></name><name><surname>David</surname><given-names>Killick</given-names></name><name><surname>John</surname><given-names>Houlton</given-names></name><name><surname>Rachel</surname><given-names>Malkani</given-names></name><name><surname>Emma</surname><given-names>Tipton</given-names></name><name><surname>Lynne</surname><given-names>James</given-names></name><name><surname>Vicki</surname><given-names>Betton</given-names></name><name><surname>Sean</surname><given-names>Wensley</given-names></name><name><surname>Archie</surname><given-names>Moffat</given-names></name><name><surname>Peter</surname><given-names>Graham</given-names></name><name><surname>Emma</surname><given-names>Rogers-Smith</given-names></name><name><surname>Anneli</surname><given-names>Bjöersdorff</given-names></name><name><surname>Ian</surname><given-names>Battersby</given-names></name></contrib></contrib-group><pub-date><year>2021</year></pub-date><elocation-id>e10</elocation-id><permissions><copyright-statement>© 2021 British Small Animal Veterinary Association</copyright-statement><copyright-year>2021</copyright-year><copyright-holder>British Small Animal Veterinary Association</copyright-holder></permissions><abstract><p>Oral presentations given during the BSAVA Abstract sessions 24-26 May 2021. Clinical potential of five serum biomarkers in the diagnostic work-up of dogs with osteoarthritis; Canine peripheral lymphadenopathy in a mediterranean area: a retrospective study of 128 cases; Resistance of canine staphylococcus pseudintermedius to selected topical and systemic antimicrobials in the UK; Pet owners’ willingness to pay for therapy outcomes in acute canine pruritus; Enhancing technical compliance and minimizing the exposure to topicals by giving oral flea treatment in cats: a case series of 17 cats treated with lotilaner; Reshaping surgical specialist training in small animal surgery during and after the COVID-19 pandemic; A survey to explore the perceptions, attitudes and experiences of UK veterinary professionals towards adverse drug reaction (ADR) reporting; A study to determine the working life of UK gundogs and whether owners believed they stopped work prematurely; 10 years of the PDSA Animal Wellbeing (PAW) Report: surveillance data on the welfare of the UK’s pet dogs, cats, and rabbits; Why we trust our in-clinic laboratory results?; Preliminary findings of a multi-practice survey (Anicura Group) into the diagnostic approach and prescribing habits of first opinion veterinarians for uncomplicated canine acute diarrhoea (UCAD).</p></abstract><custom-meta-group><custom-meta><meta-name>elocation-id</meta-name><meta-value>e1</meta-value></custom-meta></custom-meta-group></book-part-meta><back><sec><title/><supplementary-material xmlns:xlink="http://www.w3.org/1999/xlink" id="S1" xlink:title="local_file" xlink:href="BSAVA_Abstract_Sessions_2021_10_Clinical-Path_Wed_PM_Room_1.mp4" mimetype="application/video/mp4"><caption/></supplementary-material><supplementary-material id="S2" mimetype="application/pdf" xlink:href="undefined.pdf" position="float" xlink:type="simple"><object-id pub-id-type="file-size"/><caption><title>undefined</title></caption></supplementary-material></sec></back></book-part></book-body></book>