<?xml version="1.0" encoding="UTF-8"?>
<div ama-node-id="bmj_abstracts_01:t_articles:793642" type="publication">
<p>e-poster</p> <abstract id="bmj_abstracts_01:t_articles:793722">
<div class="jrnlAbsGroup" data-index="Abs8" data-cmsid="793722"> <AbsTitle class="AbsTitle" bold="true" fontsize="12.0" data-pos-index="1" headweightage="31" class-name="Title">
<AbsNumber class="AbsNumber" uc="true" bold="true" fontsize="12.0" data-pos-index="0" headweightage="38" class-name="Number">8</AbsNumber> Variation in subarachnoid hemorrhage presentation and demographics in California during the COVID-19 pandemic: A UC stroke consortium study</AbsTitle> <AbsAuthors class="AbsAuthors" fontsize="12.0" data-pos-index="2" data-authors="true" class-name="Authors">
<AbsAuthor class="AbsAuthor" data-corresp="true">
<AbsGivenName class="AbsGivenName">A</AbsGivenName> <AbsSurName class="AbsSurName">Gautam</AbsSurName>
</AbsAuthor>, <AbsAuthor class="AbsAuthor">
<AbsGivenName class="AbsGivenName">T</AbsGivenName> <AbsSurName class="AbsSurName">Caton</AbsSurName>
</AbsAuthor>, <AbsAuthor class="AbsAuthor">
<AbsGivenName class="AbsGivenName">K</AbsGivenName> <AbsSurName class="AbsSurName">Narsinh</AbsSurName>
</AbsAuthor>, <AbsAuthor class="AbsAuthor">
<AbsGivenName class="AbsGivenName">A</AbsGivenName> <AbsSurName class="AbsSurName">Baker</AbsSurName>
</AbsAuthor>, <AbsAuthor class="AbsAuthor">
<AbsGivenName class="AbsGivenName">S</AbsGivenName> <AbsSurName class="AbsSurName">Hetts</AbsSurName>
</AbsAuthor>, <AbsAuthor class="AbsAuthor">
<AbsGivenName class="AbsGivenName">D</AbsGivenName> <AbsSurName class="AbsSurName">Cooke</AbsSurName>
</AbsAuthor>
</AbsAuthors>
<AbsAff class="AbsAff">University of California San Francisco, San Francisco, CA</AbsAff>
<AbsHead class="AbsHead" bold="true" fontsize="12.0" data-pos-index="4" headweightage="31" class-name="Head">Background</AbsHead>
<p wordSpacing="">The COVID-19 pandemic dramatically highlighted health systems behaviors across the USA, including care for patients with cerebrovascular disease. Disparities in morbidity, mortality, and access to care during the pandemic are well-documented. Therefore, understanding the impact of COVID-19 on subarachnoid hemorrhage (SAH) presentation is critical to highlight and mitigate systemic barriers in access to care for cerebrovascular disease. The purpose of this study was to investigate demographic differences in SAH presentation across the University of California System, comprising 5 academic medical centers.</p>
<AbsHead class="AbsHead" bold="true" fontsize="12.0" data-pos-index="6" headweightage="31" class-name="Head">Methods</AbsHead>
<p wordSpacing="">Publicly available COVID-19 data along with regional demographic data were analyzed. Patients admitted between March 2019-2021 for non-traumatic SAH who underwent angiography were identified via the UC Stroke Consortium Database, across five sites (UC San Francisco, UC Davis, UC Los Angeles, UC Irvine, UC San Diego).</p>
<AbsHead class="AbsHead" bold="true" fontsize="12.0" data-pos-index="8" headweightage="31" class-name="Head">Results</AbsHead>
<p wordSpacing="">Young COVID(+) SAH patients showed a significantly higher incidence compared to older patients age (&lt;50 yrs vs. &gt; 50 yrs, OR = 1.46 (1.08, 1.97), p = 0.01) across UC centers. At the system-wide level, there were no significant differences in racial/ethnic distribution of SAH in COVID(+) compared to COVID(-) patients (p = 0.22). However, COVID(+) SAH presentations were disproportionately elevated for white patients in UCSD but reduced at UCD (p = 0.03, 0.02, respectively) with higher- incidence in Black patients at UCD (p = 0.04). There was trend toward fewer COVID(+) Hispanic SAH patients (OR 0.75 (0.55, 1.03), p =0.07) driven by southern California sites where COVID19 had higher penetration. Differences in Hispanic patients SAH distribution for each UC site varied and is summarized in <span rid="8F2" class="jrnlFigRef" data-tag-desc="FIGTBLREF" title=" F2 " data-tag-type="FIGTBLREF" data-offset="798" data-match="figure 2" data-pattern="" data-tag-index="3_1" data-citation-string=" F2 ">figure 2</span>.</p>
<AbsHead class="AbsHead" bold="true" fontsize="12.0" data-pos-index="10" headweightage="31" class-name="Head">Conclusions</AbsHead>
<p wordSpacing="">COVID19(+) patients presenting with SAH were younger than COVID(-) controls, and there was a trend toward underrepresentation of Hispanic patients in the COVID(+) group. Recognizing COVID19 status as a factor in SAH presentation is important to mitigate healthcare disparities in California.</p>
<jrnlFigBlock id="8F1">
<img src="{.}../Graphics/e-poster_8_F001.tif"/>
<FigCaption>
<label class="label">Abstract 8 Figure 1</label> Mean number of daily COVID 19 cases per capita 3/29/203/13/21 by country with UC sites labeled as white circles</FigCaption>
</jrnlFigBlock>
<jrnlFigBlock id="8F2">
<img src="{.}../Graphics/e-poster_8_F002.tif"/>
<FigCaption>
<label class="label">Abstract 8 Figure 2</label> Relative fraction of Hispanic patients with SAH by COVID19 status across the UC Health systems. Dashed line indicates equal portion of COVID(+) and COVID (-) patients; centers below the dashed line had lower fraction of COVID(+) SAH patients and those above the line had higher fraction of COVID19(+) (*p&lt;0.1)</FigCaption>
</jrnlFigBlock>
<AbsHead class="AbsHead" bold="true" fontsize="12.0" data-pos-index="16" headweightage="31" class-name="Head">Disclosures</AbsHead>
<p wordSpacing="">
<bold>A. Gautam:</bold> None. <bold>T. Caton:</bold> None. <bold>K. Narsinh:</bold> None. <bold>A. Baker:</bold> None. <bold>S. Hetts:</bold> None. <bold>D. Cooke:</bold> None.</p>
</div>
<absEnd> </absEnd>
</abstract>
<abstract id="bmj_abstracts_01:t_articles:794122">
<div class="jrnlAbsGroup" data-index="Abs47" data-cmsid="794122"> <AbsTitle class="AbsTitle" bold="true" fontsize="12.0" data-pos-index="1" headweightage="31" class-name="Title">
<AbsNumber class="AbsNumber" uc="true" bold="true" fontsize="12.0" data-pos-index="0" headweightage="38" class-name="Number">47</AbsNumber> Tiger study: Tigertriever effectiveness is independent of the use of balloon guide catheter</AbsTitle> <AbsAuthors class="AbsAuthors" fontsize="12.0" data-pos-index="2" data-authors="true" class-name="Authors">
<sup>1</sup>
<AbsAuthor class="AbsAuthor" data-corresp="true">
<AbsGivenName class="AbsGivenName">K</AbsGivenName> <AbsSurName class="AbsSurName">Snyder</AbsSurName>
</AbsAuthor>, <sup>2</sup>
<AbsAuthor class="AbsAuthor">
<AbsGivenName class="AbsGivenName">A</AbsGivenName> <AbsSurName class="AbsSurName">Jadhav</AbsSurName>
</AbsAuthor>, <sup>1</sup>
<AbsAuthor class="AbsAuthor">
<AbsGivenName class="AbsGivenName">E</AbsGivenName> <AbsSurName class="AbsSurName">Levy</AbsSurName>
</AbsAuthor>, <sup>1</sup>
<AbsAuthor class="AbsAuthor">
<AbsGivenName class="AbsGivenName">A</AbsGivenName> <AbsSurName class="AbsSurName">Siddiqui</AbsSurName>
</AbsAuthor>, <sup>1</sup>
<AbsAuthor class="AbsAuthor">
<AbsGivenName class="AbsGivenName">J</AbsGivenName> <AbsSurName class="AbsSurName">Davies</AbsSurName>
</AbsAuthor>, <sup>3</sup>
<AbsAuthor class="AbsAuthor">
<AbsGivenName class="AbsGivenName">O</AbsGivenName> <AbsSurName class="AbsSurName">Zaidat</AbsSurName>
</AbsAuthor>, <sup>4</sup>
<AbsAuthor class="AbsAuthor">
<AbsGivenName class="AbsGivenName">D</AbsGivenName> <AbsSurName class="AbsSurName">Yavagal</AbsSurName>
</AbsAuthor>, <sup>5</sup>
<AbsAuthor class="AbsAuthor">
<AbsGivenName class="AbsGivenName">J</AbsGivenName> <AbsSurName class="AbsSurName">Saver</AbsSurName>
</AbsAuthor>, <sup>6</sup>
<AbsAuthor class="AbsAuthor">
<AbsGivenName class="AbsGivenName">R</AbsGivenName> <AbsSurName class="AbsSurName">Gupta</AbsSurName>
</AbsAuthor>
</AbsAuthors>
<AbsAff class="AbsAff" id="1" data-not-cited="true">
<AbsAffRef class="AbsAffRef">1</AbsAffRef>Neurosurgery, University at Buffalo, Buffalo, NY</AbsAff>
<AbsAff class="AbsAff" id="2" data-not-cited="true">
<AbsAffRef class="AbsAffRef">2</AbsAffRef>Neurosurgery, Barrow Neurological Institute, Pheonix, AZ</AbsAff>
<AbsAff class="AbsAff" id="3" data-not-cited="true">
<AbsAffRef class="AbsAffRef">3</AbsAffRef>Endovascular Neurosurgery and Stroke, St Vincent Mercy Medical Center, Toledo, OH</AbsAff>
<AbsAff class="AbsAff" id="4" data-not-cited="true">
<AbsAffRef class="AbsAffRef">4</AbsAffRef>Neurology, University of Miami School of Medicine, Miami, FL</AbsAff>
<AbsAff class="AbsAff" id="5" data-not-cited="true">
<AbsAffRef class="AbsAffRef">5</AbsAffRef>Neurology and Comprehensive Stroke Center, University of California Los Angeles, Los Angeles, CA</AbsAff>
<AbsAff class="AbsAff" id="6" data-not-cited="true">
<AbsAffRef class="AbsAffRef">6</AbsAffRef>Wellstar Medical Group, Neurosurgery, Wellstar Health System Kennestone Hospital, Marietta, GA</AbsAff>
<AbsHead class="AbsHead" bold="true" fontsize="12.0" data-pos-index="9" headweightage="31" class-name="Head">Introduction</AbsHead>
<p wordSpacing="">Stent retrievers with ancillary devices such as balloon guide catheters (BGC) and/or aspiration catheters are used in combination to achieve high rates of successful revascularization and improved clinical outcomes. The use of BGC has been previously reported associated with improved clinical outcomes and reperfusion. We thus assessed the effectiveness and safety of Tigertriever when used with and without BGC use in the TIGER study.</p>
<AbsHead class="AbsHead" bold="true" fontsize="12.0" data-pos-index="11" headweightage="31" class-name="Head">Methods</AbsHead>
<p wordSpacing="">The TIGER study is a single arm, prospective, multi-center trial assessing the efficacy and safety of this novel radially-adjustable stent retriever technology for LVO related stroke. We evaluated the revascularization success (mTICI 2b-3) with Tigertriever, the rate of embolization to new territory (ENT), 90d mRS scores, symptomatic intracranial hemorrhage (sICH), and 90d mortality at in patients treated with BGC compared to those treated without BGC.</p>
<AbsHead class="AbsHead" bold="true" fontsize="12.0" data-pos-index="13" headweightage="31" class-name="Head">Results</AbsHead>
<p wordSpacing="">A total of 160 patients were enrolled with a mean age of 6615 years and median NIHSS of 18 [IQR 1322]. A total of 104 (65%) did not use a BGC, and 56 (35%) used a BGC during the procedure. Patient demographics including age, gender, baseline mRS and vessel occlusion location, were similar in both groups. There were no significant differences in the effectiveness and safety outcomes in the patients treated with Tigertriever without the use of BGC, compared to the patients where BGC was used (<span rid="47T1" class="jrnlTblRef" data-tag-desc="FIGTBLREF" title=" T1 " data-tag-type="FIGTBLREF" data-offset="501" data-match="table 1" data-pattern="" data-tag-index="3_1" data-citation-string=" T1 ">table 1</span>).</p>
<jrnlTblBlock id="47T1">
<TblCaption id="47T1">
<label class="label">Abstract 47 Table 1</label>
</TblCaption>
<table class="AbsPara" border="1" cellspacing="0" cellpadding="0" data-col-count="8" class-name="Para">
<thead>
<tr data-col-count="8" data-pos-index="16">
<td valign="top" data-col-pos="col-0" data-col-index="1" align="left">
<p class="MsoNormal">
<bold>Group</bold>
</p> </td> <td valign="top" data-col-pos="col-1" data-col-index="2" align="left">
<p class="MsoNormal">
<bold>mTICI 2b-3 after Tigertriever</bold>
</p> </td> <td valign="top" data-col-pos="col-2" data-col-index="3" align="left">
<p class="MsoNormal">
<bold>First pass success (mTICI 2b-3)</bold>
</p> </td> <td valign="top" data-col-pos="col-3" data-col-index="4" align="left">
<p class="MsoNormal">
<bold>ENT</bold>
</p> </td> <td valign="top" data-col-pos="col-4" data-col-index="5" align="left">
<p class="MsoNormal">
<bold>mRS 0</bold>
<bold>2 at 90d</bold>
</p> </td> <td valign="top" data-col-pos="col-5" data-col-index="6" align="left">
<p class="MsoNormal">
<bold>mRS 0</bold>
<bold>1 at 90d</bold>
</p> </td> <td valign="top" data-col-pos="col-6" data-col-index="7" align="left">
<p class="MsoNormal">
<bold>sICH at 24</bold>
<bold>h</bold>
</p> </td> <td valign="top" data-col-pos="col-7" data-col-index="8" align="left">
<p class="MsoNormal">
<bold>Mortality at 90d</bold>
</p> </td> </tr>
</thead>
<tbody>
<tr data-col-count="8" data-pos-index="17">
<td valign="top" data-col-pos="col-0" data-col-index="1" align="left">
<p class="MsoNormal" fontsize="12.0" colorcode="#">Tiger, no BGC (65%)</p> </td> <td valign="top" data-col-pos="col-1" data-col-index="2" align="left">
<p class="MsoNormal" fontsize="12.0" colorcode="#">80.8%</p> </td> <td valign="top" data-col-pos="col-2" data-col-index="3" align="left">
<p class="MsoNormal" fontsize="12.0" colorcode="#">56.7%</p> </td> <td valign="top" data-col-pos="col-3" data-col-index="4" align="left">
<p class="MsoNormal" fontsize="12.0" colorcode="#">2.9%</p> </td> <td valign="top" data-col-pos="col-4" data-col-index="5" align="left">
<p class="MsoNormal" fontsize="12.0" colorcode="#">53.8%</p> </td> <td valign="top" data-col-pos="col-5" data-col-index="6" align="left">
<p class="MsoNormal" fontsize="12.0" colorcode="#">44.2%</p> </td> <td valign="top" data-col-pos="col-6" data-col-index="7" align="left">
<p class="MsoNormal" fontsize="12.0" colorcode="#">1.9%</p> </td> <td valign="top" data-col-pos="col-7" data-col-index="8" align="left">
<p class="MsoNormal" fontsize="12.0" colorcode="#">20.2%</p> </td> </tr>
<tr data-col-count="8" data-pos-index="18">
<td valign="top" data-col-pos="col-0" data-col-index="1" align="left">
<p class="MsoNormal" fontsize="12.0" colorcode="#">Tiger + BGC (35%)</p> </td> <td valign="top" data-col-pos="col-1" data-col-index="2" align="left">
<p class="MsoNormal" fontsize="12.0" colorcode="#">82.1%</p> </td> <td valign="top" data-col-pos="col-2" data-col-index="3" align="left">
<p class="MsoNormal" fontsize="12.0" colorcode="#">53.6%</p> </td> <td valign="top" data-col-pos="col-3" data-col-index="4" align="left">
<p class="MsoNormal" fontsize="12.0" colorcode="#">1.8%</p> </td> <td valign="top" data-col-pos="col-4" data-col-index="5" align="left">
<p class="MsoNormal" fontsize="12.0" colorcode="#">46.4%</p> </td> <td valign="top" data-col-pos="col-5" data-col-index="6" align="left">
<p class="MsoNormal" fontsize="12.0" colorcode="#">39.3%</p> </td> <td valign="top" data-col-pos="col-6" data-col-index="7" align="left">
<p class="MsoNormal" fontsize="12.0" colorcode="#">1.8%</p> </td> <td valign="top" data-col-pos="col-7" data-col-index="8" align="left">
<p class="MsoNormal" fontsize="12.0" colorcode="#">17.9%</p> </td> </tr>
<tr data-col-count="8" data-pos-index="19">
<td valign="top" data-col-pos="col-0" data-col-index="1" align="left">
<p class="MsoNormal" fontsize="12.0" colorcode="#">P value</p> </td> <td valign="top" data-col-pos="col-1" data-col-index="2" align="left">
<p class="MsoNormal" fontsize="12.0" colorcode="#">0.83</p> </td> <td valign="top" data-col-pos="col-2" data-col-index="3" align="left">
<p class="MsoNormal" fontsize="12.0" colorcode="#">0.70</p> </td> <td valign="top" data-col-pos="col-3" data-col-index="4" align="left">
<p class="MsoNormal" fontsize="12.0" colorcode="#">0.67</p> </td> <td valign="top" data-col-pos="col-4" data-col-index="5" align="left">
<p class="MsoNormal" fontsize="12.0" colorcode="#">0.36</p> </td> <td valign="top" data-col-pos="col-5" data-col-index="6" align="left">
<p class="MsoNormal" fontsize="12.0" colorcode="#">0.54</p> </td> <td valign="top" data-col-pos="col-6" data-col-index="7" align="left">
<p class="MsoNormal" fontsize="12.0" colorcode="#">0.95</p> </td> <td valign="top" data-col-pos="col-7" data-col-index="8" align="left">
<p class="MsoNormal" fontsize="12.0" colorcode="#">0.71</p> </td> </tr>
</tbody>
</table>
</jrnlTblBlock>
<AbsHead class="AbsHead" bold="true" fontsize="12.0" colorcode="#" data-pos-index="20" headweightage="31" class-name="Head">Conclusions</AbsHead>
<p wordSpacing="">The effectiveness of Tigertriever in enabling successful reperfusion is independent of the use of BGC. These results suggest that the unique technology of braiding and radially device control may lead to better encapsulation of the clot thereby reducing embolization during thrombectomy. This may be especially beneficial in the posterior circulation where converging blood supplies and vessel size limits the utility of BGC use.</p>
<AbsHead class="AbsHead" bold="true" fontsize="12.0" data-pos-index="22" headweightage="31" class-name="Head">Disclosures</AbsHead>
<p wordSpacing="">
<bold>K. Snyder:</bold> 2; C; Medtronic, EV3, Abbott Vascular, Micrus, Boston Scientific, Codman, Zimmer, Stryker, Vital, Cannon. 4; C; Boston Scientific, Access Closure Inc, Niagara Gorge Medical. 6; C; Endo Tex, Micrus, BSC EPI, Access Closure Inc, Cordis, Primus. <bold>A. Jadhav:</bold> None. <bold>E. Levy:</bold> 2; C; Claret Medical, GLG consulting, Guidepoint Global, Imperative Care, Medtronic, StimMed, Misionix, Mosaic, Clarion, Stryker, NeXtGen, Biologics, MEDX, Cognition Medical, Endostream Medical, Rapid Medical, Rebound Therapeutics, Three Rivers Medical. 6; C; Medtronic, Penumbra. <bold>A. Siddiqui:</bold> 2; C; Adona medical, Inc, AmnisTherapeutics, ApellisPharmaceuticals, Inc, Bent IT Technologies, Ltd, Blink TBI, Inc, Boston Scientific, Buffalo Technology Partners, Inc, Canon Medical Systems USA, Inc, Cardinal Health 200, LLC, CerebrotechMedical Systems, Inc, Cerenovus, Corindus, Inc, Cognition Medical, Endostream Medical, Ltd, Imperative Care, Inc, Intylla, Inc, Integra LifeSciencesCorp, International Medical Distribution Partners, IRRAS, LaunchNY Seed Fund Management, Medtronic, MicroVention, MinnetronixNeuro, Inc, NeuroRadial Technologies, Inc, Penumbra, PerflowMedical, Ltd, QApelMedical, Inc, Rapid Medical, Rebound Therapeutics Corp, Rist Neurovascular, Inc, Sense Diagnostics, Inc, Serenity Medical, Inc, Silk Road Medical, Spinnaker medical, Inc, StimMed, Stryker, Three Rivers Medical, Inc, Truvic Medical, Inc, Vastrax, LLC, VICIS, inc, Videon, Inc, Viz.ai, VasSol, W.L. Gore &amp; Associates. <bold>J. Davies:</bold> 1; C; NIH R01. 2; C; Medtronic, Microvention. 4; C; Cerebrotech, Rist neurovascular. <bold>O. Zaidat:</bold> 1; C; Penumbra, Stryker Neurovascular. 2; C; Stryker Neurovascular, Cerenovous, Penumbra, Rapid Medical, Medtronic. <bold>D. Yavagal:</bold> 2; C; Medtronic, Cerenovous, Rapid Medical, Vascular Dynamics, Poseydon, Neurosave, Neural Analytics, Galaxy Therapeutics. <bold>J. Saver:</bold> 2; C; Medtronic, Stryker, Cerenovus, Rapid Medical. 6; C; University of California. <bold>R. Gupta:</bold> 1; C; PI for TIGER Study (Rapid Medical), PI for the ASSIST Registry (Stryker Neurovascular), PI for the RECCLAIM II Study (Zoll), CLEAR Study (Vesalio), Clinical Events Committee for the MIND Trial (Penumbra). 2; C; Cerenovous.</p>
</div>
<absEnd> </absEnd>
</abstract>
<abstract id="bmj_abstracts_01:t_articles:794342">
<div class="jrnlAbsGroup" data-index="Abs70" data-cmsid="794342"> <AbsTitle class="AbsTitle" bold="true" fontsize="12.0" data-pos-index="1" headweightage="31" class-name="Title">
<AbsNumber class="AbsNumber" uc="true" bold="true" fontsize="12.0" data-pos-index="0" headweightage="38" class-name="Number">70</AbsNumber> Trends in pediatric neurointerventional radiology: A survey of a 23-year experience in infants less than one year of age</AbsTitle> <AbsAuthors class="AbsAuthors" fontsize="12.0" data-pos-index="2" data-authors="true" class-name="Authors">
<AbsAuthor class="AbsAuthor" data-corresp="true">
<AbsGivenName class="AbsGivenName">A</AbsGivenName> <AbsSurName class="AbsSurName">Baker</AbsSurName>
</AbsAuthor>, <AbsAuthor class="AbsAuthor">
<AbsGivenName class="AbsGivenName">M</AbsGivenName> <AbsSurName class="AbsSurName">Caton</AbsSurName>
</AbsAuthor>, <AbsAuthor class="AbsAuthor">
<AbsGivenName class="AbsGivenName">K</AbsGivenName> <AbsSurName class="AbsSurName">Narsinh</AbsSurName>
</AbsAuthor>, <AbsAuthor class="AbsAuthor">
<AbsGivenName class="AbsGivenName">D</AbsGivenName> <AbsSurName class="AbsSurName">Cooke</AbsSurName>
</AbsAuthor>, <AbsAuthor class="AbsAuthor">
<AbsGivenName class="AbsGivenName">M</AbsGivenName> <AbsSurName class="AbsSurName">Amans</AbsSurName>
</AbsAuthor>, <AbsAuthor class="AbsAuthor">
<AbsGivenName class="AbsGivenName">C</AbsGivenName> <AbsSurName class="AbsSurName">Dowd</AbsSurName>
</AbsAuthor>, <AbsAuthor class="AbsAuthor">
<AbsGivenName class="AbsGivenName">V</AbsGivenName> <AbsSurName class="AbsSurName">Halbach</AbsSurName>
</AbsAuthor>, <AbsAuthor class="AbsAuthor">
<AbsGivenName class="AbsGivenName">R</AbsGivenName> <AbsSurName class="AbsSurName">Higashida</AbsSurName>
</AbsAuthor>, <AbsAuthor class="AbsAuthor">
<AbsGivenName class="AbsGivenName">S</AbsGivenName> <AbsSurName class="AbsSurName">Hetts</AbsSurName>
</AbsAuthor>
</AbsAuthors>
<AbsAff class="AbsAff">University of California, San Francisco, San Francisco, CA</AbsAff>
<AbsHead class="AbsHead" bold="true" fontsize="12.0" data-pos-index="4" headweightage="31" class-name="Head">Background and Purpose</AbsHead>
<p wordSpacing="">Pediatric neurointerventional radiology is an evolving subspecialty with growing indications and technological advancement such as miniaturization of devices. The ability to perform these procedures is continuously balanced with necessity given the inherently higher risks of radiation<sup><span rid="70R1" class="jrnlRef" data-tag-desc="FIGTBLREF" title=" R1 " data-tag-type="FIGTBLREF" data-offset="501" data-match="reference 1" data-pattern="" data-tag-index="3_1" data-citation-string=" R1 ">1</span>,<span rid="70R2" class="jrnlRef" data-tag-desc="FIGTBLREF" title=" R2 " data-tag-type="FIGTBLREF" data-offset="501" data-match="reference 2" data-pattern="" data-tag-index="3_1" data-citation-string=" R2 ">2</span></sup> and cerebrovascular injury in infants. Endovascular treatment of arteriovenous shunting lesions including vein of Galen malformations (VOGM), arteriovenous malformations (AVM) and arteriovenous fistulas (AVF) has been well established in pediatric patients including those of a very young age.<sup><span rid="70R3" class="jrnlRef" data-tag-desc="FIGTBLREF" title=" R3 " data-tag-type="FIGTBLREF" data-offset="501" data-match="reference 3" data-pattern="" data-tag-index="3_1" data-citation-string=" R3 ">3</span><span rid="70R5" class="jrnlRef" data-tag-desc="FIGTBLREF" title=" R5 " data-tag-type="FIGTBLREF" data-offset="501" data-match="reference 5" data-pattern="" data-tag-index="3_1" data-citation-string=" R5 ">5</span></sup> More recently, intra-arterial chemotherapy (IAC) for the treatment of retinoblastoma has been used in this age group. The purpose of this study is to review our institutions neurointerventional experience in infants less than 1 year of age in order to elucidate trends in this delicate patient population.</p>
<AbsHead class="AbsHead" bold="true" fontsize="12.0" data-pos-index="6" headweightage="31" class-name="Head">Methods</AbsHead>
<p wordSpacing="">We retrospectively identified 123 patients from a neurointerventional database spanning 23 years (January 1997-October 2020) who underwent 209 procedures. Treatment type, indication, and location as well as patient demographics were extracted from the medical record. We excluded 7 patients with an age of greater than one year at the time of procedure as well as those with procedure requests without completion.</p>
<AbsHead class="AbsHead" bold="true" fontsize="12.0" data-pos-index="8" headweightage="31" class-name="Head">Results</AbsHead>
<p wordSpacing="">Neurointerventional procedures were performed as early as day of life 0 in a patient with an AVM resulting in hydrops fetalis. Average age of intervention in the first year of life is 5.8 months, and 37 of 209 procedures were completed in neonates (less than one month of age). IAC for the treatment of retinoblastoma comprised 33% of neurointerventional procedures completed in infants less than one year of age followed by lymphatic malformations (19%), VOGM (13%), and dural AVF (10%). Less frequent indications include non-Galenic pial AVF (4%) and tumor embolization (2%). Only 4 of 209 angiograms were negative. The total number of interventions has increased which is likely secondary to the onset of retinoblastoma treatment in 2010 at our institution.</p>
<AbsHead class="AbsHead" bold="true" fontsize="12.0" data-pos-index="10" headweightage="31" class-name="Head">Conclusion</AbsHead>
<p wordSpacing="">The introduction of IAC for the treatment of retinoblastoma in the last decade is the primary driver for the increased trend in neurointerventional procedures completed in patients less than one year of age from 1997 to 2020.</p> <AbsRefHead class="AbsRefHead" bold="true" fontsize="12.0" data-pos-index="12" headweightage="31" class-name="RefHead">References</AbsRefHead> <AbsRefText class="AbsRefText" id="70R1">
<RefSlNo class="RefSlNo">1</RefSlNo>. <RefAuthor class="RefAuthor">Chen K</RefAuthor>, <RefAuthor class="RefAuthor">Paramasivam S</RefAuthor>, <RefAuthor class="RefAuthor">Berenstein A</RefAuthor>. <RefArticleTitle class="RefArticleTitle">Pediatric neurointervention: collimation on radiation exposure-associated lifetime excess tumor risk</RefArticleTitle>. <RefJournalTitle class="RefJournalTitle">J Neurointerv Surg</RefJournalTitle> <RefYear class="RefYear">2017</RefYear>;<RefVolume class="RefVolume">9</RefVolume>(<RefIssue class="RefIssue">9</RefIssue>):<RefFPage class="RefFPage">895</RefFPage><RefLPage class="RefLPage">898</RefLPage>.</AbsRefText> <AbsRefText class="AbsRefText" id="70R2">
<RefSlNo class="RefSlNo">2</RefSlNo>. <RefAuthor class="RefAuthor">Orbach DB</RefAuthor>, <RefAuthor class="RefAuthor">Stamoulis C</RefAuthor>, <RefAuthor class="RefAuthor">Strauss KJ</RefAuthor>, <span class="RefEtal">et al</span>. <RefArticleTitle class="RefArticleTitle">Neurointerventions in children: radiation exposure and its import</RefArticleTitle>. <RefJournalTitle class="RefJournalTitle">AJNR Am J Neuroradiol</RefJournalTitle> <RefYear class="RefYear">2014</RefYear>;<RefVolume class="RefVolume">35</RefVolume>(<RefIssue class="RefIssue">4</RefIssue>):<RefFPage class="RefFPage">650</RefFPage><RefLPage class="RefLPage">656</RefLPage>.</AbsRefText> <AbsRefText class="AbsRefText" id="70R3">
<RefSlNo class="RefSlNo">3</RefSlNo>. <RefAuthor class="RefAuthor">Hetts SW</RefAuthor>, <RefAuthor class="RefAuthor">Cooke DL</RefAuthor>, <RefAuthor class="RefAuthor">Nelson J</RefAuthor>, <span class="RefEtal">et al</span>. <RefArticleTitle class="RefArticleTitle">Influence of patient age on angioarchitecture of brain arteriovenous malformations</RefArticleTitle>. <RefJournalTitle class="RefJournalTitle">AJNR Am J Neuroradiol</RefJournalTitle>. <RefYear class="RefYear">2014</RefYear>;<RefVolume class="RefVolume">35</RefVolume>(<RefIssue class="RefIssue">7</RefIssue>):<RefFPage class="RefFPage">1376</RefFPage><RefLPage class="RefLPage">1380</RefLPage>.</AbsRefText> <AbsRefText class="AbsRefText" id="70R4">
<RefSlNo class="RefSlNo">4</RefSlNo>. <RefAuthor class="RefAuthor">Hetts SW</RefAuthor>, <RefAuthor class="RefAuthor">Moftakhar P</RefAuthor>, <RefAuthor class="RefAuthor">Maluste N</RefAuthor>, <span class="RefEtal">et al</span>. <RefArticleTitle class="RefArticleTitle">Pediatric intracranial dural arteriovenous fistulas: age-related differences in clinical features, angioarchitecture, and treatment outcomes</RefArticleTitle>. <RefJournalTitle class="RefJournalTitle">J Neurosurg Pediatr</RefJournalTitle>. <RefYear class="RefYear">2016</RefYear>;<RefVolume class="RefVolume">18</RefVolume>(<RefIssue class="RefIssue">5</RefIssue>):<RefFPage class="RefFPage">602</RefFPage><RefLPage class="RefLPage">610</RefLPage>.</AbsRefText> <AbsRefText class="AbsRefText" id="70R5">
<RefSlNo class="RefSlNo">5</RefSlNo>. <RefAuthor class="RefAuthor">terBrugge KG</RefAuthor>. <RefArticleTitle class="RefArticleTitle">Neurointerventional procedures in the pediatric age group</RefArticleTitle>. <RefJournalTitle class="RefJournalTitle">Childs Nerv Syst</RefJournalTitle>. <RefYear class="RefYear">1999</RefYear>;<RefVolume class="RefVolume">15</RefVolume>(<RefIssue class="RefIssue">1112</RefIssue>):<RefFPage class="RefFPage">751</RefFPage><RefLPage class="RefLPage">754</RefLPage>.</AbsRefText>
<AbsHead class="AbsHead" bold="true" fontsize="12.0" data-pos-index="18" headweightage="31" class-name="Head">Disclosures</AbsHead>
<p wordSpacing="">
<bold>A. Baker:</bold> None. <bold>M. Caton:</bold> None. <bold>K. Narsinh:</bold> None. <bold>D. Cooke:</bold> None. <bold>M. Amans:</bold> None. <bold>C. Dowd:</bold> None. <bold>V. Halbach:</bold> None. <bold>R. Higashida:</bold> None. <bold>S. Hetts:</bold> None.</p>
</div>
<absEnd> </absEnd>
</abstract>
</div>
