<?xml version="1.0" encoding="UTF-8"?>
<!DOCTYPE article PUBLIC "-//NLM//DTD JATS (Z39.96) Journal Archiving and Interchange DTD v1.1d1 20130915//EN" "JATS-archivearticle1.dtd">
<article xmlns:mml="http://www.w3.org/1998/Math/MathML" xmlns:xlink="http://www.w3.org/1999/xlink"
    article-type="research-article" dtd-version="1.1d1">
    <front>
        <journal-meta>
            <journal-id journal-id-type="nlm-ta">elife</journal-id>
            <journal-id journal-id-type="publisher-id">eLife</journal-id>
            <journal-title-group>
                <journal-title>eLife</journal-title>
            </journal-title-group>
           <publisher>
                <publisher-name>eLife Sciences Publications, Ltd</publisher-name>
            </publisher></journal-meta>
        <article-meta>
            <article-id pub-id-type="publisher-id"></article-id>
            <article-id pub-id-type="doi"></article-id>
        </article-meta>
            </front>
    <body>
    </body>
</article>
