<?xml version="1.0" encoding="UTF-8"?>
<packages>
	<package name="hwx">
			<variables>
				<jrnlName xpath="//journal-id[@journal-id-type='nlm-ta']" case="lower"/>
				<articleID xpath="//article-id[@pub-id-type='publisher-id']" case="lower"/>
				<seqno type="number" startFrom="1" format="%03d" />
				<figseqno type="number" startFrom="1" format="%03d" />
			</variables>
			<zip name="{jrnlName}{articleID}_xml">
				<file name="{jrnlName}{articleID}.xml"></file>
			</zip>
			<zip name="{jrnlName}{articleID}_pdf">
				<file name="{jrnlName}{articleID}.pdf"></file>
			</zip>
			<zip name="{jrnlName}{articleID}_img">
				<file name="{jrnlName}{articleID}f{seqno}" xpath="//fig[not(@specific-use)]/graphic" attrib="xlink:href" convert="false" extension=".tif"></file>
				<file name="{jrnlName}{articleID}fs{seqno}" xpath="//fig[@specific-use]/graphic" attrib="xlink:href" convert="false" extension=".tif"></file>
			</zip>
	</package>
	<package name="aws">
		<variables>
				<jrnlName xpath="//journal-id[@journal-id-type='nlm-ta']" case="lower"/>
				<articleID xpath="//article-id[@pub-id-type='publisher-id']" case="lower"/>
				<seqno type="number" startFrom="1" format="%03d" />
		</variables>
		<zip name="{jrnlName}{articleID}">
			<folder name="{jrnlName}{articleID}_xml">
				<file name="{jrnlName}{articleID}" extension=".xml"></file>
			</folder>
			<folder name="{jrnlName}{articleID}_pdf">
				<file name="{jrnlName}{articleID}" extension=".pdf"></file>
			</folder>
			<file name="{jrnlName}{articleID}" extension=".pdf"></file>
			<file name="{jrnlName}{articleID}" extension=".xml"></file>
			<file name="{jrnlName}{articleID}fig{seqno}" xpath="//fig[not(@specific-use)]/graphic" attrib="xlink:href" extension=".tif">
				<file name="{jrnlName}{articleID}fig{figseqno}suppl{seqno}" xpath="../../fig[@specific-use]/graphic" attrib="xlink:href" extension=".tif"></file>
			</file>			
		</zip>
	</package>
</packages>
