<?xml version="1.0" encoding="UTF-8"?>
<packages>
	<package name="hwx">
			<variables>
				<jrnlName xpath="//journal-id[@journal-id-type='nlm-ta']" case="lower"/>
				<articleID xpath="//article-id[@pub-id-type='publisher-id']" case="lower"/>
				<seqno type="number" startFrom="1" format="%03d" />
				<figseqno type="number" startFrom="1" format="%03d" />
				<suppseqno type="number" startFrom="1" format="%d" />
			</variables>
			<zip name="{jrnlName}_2015_{articleID}.xml">
				<file name="{jrnlName}{articleID}.xml"></file>
			</zip>
			<zip name="{jrnlName}_2015_{articleID}.pdf">
				<file name="{jrnlName}{articleID}.pdf" xpath="//self-uri[@content-type='pdf']" attrib="xlink:href" ></file>
			</zip>
			<zip name="{jrnlName}_2015_{articleID}.img">
				<file name="{jrnlName}{articleID}f{seqno}" xpath="//fig[not(@specific-use)]/graphic" attrib="xlink:href" convert="false" extension=".tif"></file>
				<file name="{jrnlName}{articleID}fs{seqno}" xpath="//fig[@specific-use]/graphic" attrib="xlink:href" convert="false" extension=".tif"></file>
			</zip>			
			<zip name="{jrnlName}{articleID}.inline-media">
				<file name="{jrnlName}{articleID}s{seqno}.pdf" xpath="//supplementary-material/media" attrib="xlink:href" convert="false"></file>
			</zip>
	</package>
	<package name="aws">
		<variables>
			<jrnlName xpath="//journal-id[@journal-id-type='nlm-ta']" case="lower"/>
			<articleID xpath="//article-id[@pub-id-type='publisher-id']" case="lower"/>
			<seqno type="number" startFrom="1" format="%d" />
		</variables>
		<zip name="{jrnlName}-{articleID}-vor-r1">			
			<file name="{jrnlName}-{articleID}.pdf" xpath="//self-uri[@content-type='pdf']" attrib="xlink:href" ></file>
			<file name="{jrnlName}-{articleID}" extension=".xml"></file>
			<file name="{jrnlName}-{articleID}-fig{seqno}" xpath="//fig[not(@specific-use)]/graphic" attrib="xlink:href" extension=".tif">
				<file name="{jrnlName}-{articleID}-fig{figseqno}-figsupp{seqno}" xpath="../../fig[@specific-use]/graphic" attrib="xlink:href" extension=".tif"></file>
			</file>			
			<file name="{jrnlName}-{articleID}-supp{seqno}.pdf" xpath="//supplementary-material/media" attrib="xlink:href" convert="false"></file>
		</zip>
	</package>
</packages>
